{"type":"FeatureCollection","features":[{"type":"Feature","properties":{"state_code":"03","state_name":"AKWA IBOM","lga_code":"02","lga_name":"EASTERN OBOLO"},"geometry":{"type":"Polygon","coordinates":[[[7.562012897777038,4.513882171724902],[7.614222174913493,4.468633346851504],[7.66719645135521,4.495443137990492],[7.810934295381458,4.519117202696805],[7.804234788604674,4.571183412084849],[7.749857296377172,4.576368932680168],[7.724322769979892,4.540523980297507],[7.697855453266584,4.54716296719721],[7.673619377032651,4.528315096264748],[7.616222712308399,4.559446910446582],[7.580910698170214,4.546791620936631],[7.562012897777038,4.513882171724902]]]}},{"type":"Feature","properties":{"state_code":"06","state_name":"BAYELSA","lga_code":"02","lga_name":"EKEREMOR"},"geometry":{"type":"Polygon","coordinates":[[[5.992608069906566,4.893021107338257],[5.980175018162583,4.938313961220388],[5.992317200378523,5.048230170985676],[5.95986509329947,5.100848198085941],[5.974926472178993,5.137524605176452],[5.94605207414395,5.164227961551205],[5.927826404564939,5.16072320910888],[5.914507865945325,5.108150005118716],[5.877645015904818,5.105258465305951],[5.867738723663194,5.068109512144304],[5.791336535952439,5.085837363803364],[5.77901887891818,5.058013916209291],[5.736462116133794,5.056589603227678],[5.710287094373939,5.023826122077935],[5.666662215788676,5.028277874124626],[5.647893429438284,5.011776447724912],[5.50287056032812,5.092460632352356],[5.467934542844944,5.093236976605226],[5.448385217803605,5.133690560570983],[5.375165237086094,5.126203191024501],[5.441749838084604,4.97584346340517],[5.443821265439112,4.923274238915042],[5.532057474572866,4.751592786178207],[5.569565773441752,4.722613811378324],[5.597630022607518,4.744769573157328],[5.610184668987358,4.730368136580296],[5.644756792891712,4.737917900191007],[5.648652076831922,4.774559020582387],[5.689909846262424,4.777327495367672],[5.696592330671592,4.810498238103264],[5.744867739354731,4.794869470649587],[5.771552563400121,4.814560413732181],[5.797201157107736,4.805858134745165],[5.992608069906566,4.893021107338257]]]}},{"type":"Feature","properties":{"state_code":"32","state_name":"RIVERS","lga_code":"08","lga_name":"DEGEMA"},"geometry":{"type":"Polygon","coordinates":[[[6.858177814054898,4.398239956908526],[6.957471959363488,4.37300528066919],[7.024722099145606,4.384165763838951],[6.975576589188279,4.503307866664784],[6.984558101375342,4.636911449303966],[6.964152701785792,4.685402927303301],[6.985167963131062,4.703761829644748],[6.988255708034558,4.761109568551774],[6.942020362849519,4.789950754623703],[6.904657714581901,4.751772441944695],[6.912715110414069,4.656555713975081],[6.834200499753308,4.659705280074661],[6.798989008236163,4.723733272172808],[6.773728550232477,4.721597492930016],[6.786926490665053,4.665625852551102],[6.83813756169917,4.618752359234065],[6.812153847322236,4.542799963847301],[6.858177814054898,4.398239956908526]]]}},{"type":"Feature","properties":{"state_code":"32","state_name":"RIVERS","lga_code":"05","lga_name":"ANDONI"},"geometry":{"type":"Polygon","coordinates":[[[7.324597042419612,4.439467656607121],[7.580250995087397,4.450080850151153],[7.589435099350396,4.489530197160946],[7.57803272103331,4.496075004358033],[7.563929577887734,4.47047459542631],[7.479849171002513,4.489664981253952],[7.480990664287788,4.515167868602305],[7.450146997386071,4.544587953671169],[7.476527752553807,4.584389532750777],[7.363020682958222,4.571464345003562],[7.336966324136597,4.597422132825216],[7.305000039820015,4.593529190719607],[7.262322439628917,4.5018772764152],[7.34139108033412,4.492931561742239],[7.324597042419612,4.439467656607121]]]}},{"type":"Feature","properties":{"state_code":"09","state_name":"CROSS RIVER","lga_code":"03","lga_name":"AKPABUYO"},"geometry":{"type":"Polygon","coordinates":[[[8.396586618177935,4.780645094395652],[8.434352446907951,4.843164834389654],[8.584235507762514,4.854883548337114],[8.583988144737134,4.886798687309636],[8.652116626281327,4.91508004360918],[8.650686813046036,4.943043914944781],[8.697673997756851,4.984713033379819],[8.685350206446913,5.000298464302716],[8.70059503713128,5.014321504833617],[8.60370887696314,5.041811135775333],[8.514381802778018,5.022460509644873],[8.471919492190864,5.034528882701807],[8.466365819726832,5.064415471297025],[8.39382612127855,5.124352322401819],[8.368104556580079,5.078966528982164],[8.394948607392394,5.070599539737032],[8.393606783826044,5.049806826423946],[8.362356995678851,5.034614510751112],[8.355757660787447,4.986676902716908],[8.400018584889835,4.964601874876678],[8.388920762882947,4.944027575412349],[8.3626676601844,4.953465805602491],[8.337682953205785,4.870585315559936],[8.302390733145842,4.844291548216404],[8.36338406192499,4.779793519155646],[8.396586618177935,4.780645094395652]]]}},{"type":"Feature","properties":{"state_code":"03","state_name":"AKWA IBOM","lga_code":"25","lga_name":"ORON"},"geometry":{"type":"Polygon","coordinates":[[[8.3011275750776,4.772331076118292],[8.3021594221197,4.817186094162992],[8.229965081323485,4.93053161584146],[8.195923415333425,4.954357948360666],[8.18401907502033,4.894013924702904],[8.214351785806343,4.861638381406237],[8.215215620604454,4.82084858769224],[8.18721912726096,4.816448709440465],[8.180664684727446,4.792069358614071],[8.3011275750776,4.772331076118292]]]}},{"type":"Feature","properties":{"state_code":"09","state_name":"CROSS RIVER","lga_code":"04","lga_name":"BAKASSI"},"geometry":{"type":"Polygon","coordinates":[[[8.396586618177935,4.780645094395652],[8.397083999926679,4.735138000418431],[8.430939855190218,4.726786686356547],[8.460756518798348,4.754551740970101],[8.481806000246763,4.729583999701845],[8.454201899098393,4.699435066275328],[8.50930600037168,4.694027000345841],[8.50347100018655,4.708193999853279],[8.531806000146844,4.710415999798613],[8.522360999860325,4.733750000262376],[8.545386788269695,4.802529049576037],[8.587716254601503,4.801431658144566],[8.631151627145925,4.82678939221671],[8.604226849589509,4.868836921087109],[8.61458318506601,4.896538214666919],[8.583988144737134,4.886798687309636],[8.584235507762514,4.854883548337114],[8.434352446907951,4.843164834389654],[8.396586618177935,4.780645094395652]]]}},{"type":"Feature","properties":{"state_code":"09","state_name":"CROSS RIVER","lga_code":"09","lga_name":"CALABAR SOUTH"},"geometry":{"type":"Polygon","coordinates":[[[8.355757660787447,4.986676902716908],[8.34850320665771,4.962278327083197],[8.316385357798083,4.950602339926093],[8.301603549364359,4.987117524654082],[8.222429918206217,4.934481282685113],[8.27430268162351,4.854739202652127],[8.302390733145842,4.844291548216404],[8.337682953205785,4.870585315559936],[8.3626676601844,4.953465805602491],[8.394180389413464,4.949503388170854],[8.397872020977047,4.976305195128703],[8.355757660787447,4.986676902716908]]]}},{"type":"Feature","properties":{"state_code":"03","state_name":"AKWA IBOM","lga_code":"27","lga_name":"UDUNG UKO"},"geometry":{"type":"Polygon","coordinates":[[[8.22461877633549,4.777616267676649],[8.201608156791053,4.76302669472625],[8.201692999732188,4.704962000096259],[8.245307000118032,4.720121000383926],[8.240207435824573,4.736487231700437],[8.260636431825901,4.746515071813178],[8.31988349212952,4.715811091208934],[8.3011275750776,4.772331076118292],[8.22461877633549,4.777616267676649]]]}},{"type":"Feature","properties":{"state_code":"06","state_name":"BAYELSA","lga_code":"07","lga_name":"SOUTHERN IJAW"},"geometry":{"type":"Polygon","coordinates":[[[5.532057474572866,4.751592786178207],[5.700087545803626,4.517220569373819],[5.843041145932204,4.402372692445851],[5.953460217015447,4.369548798438359],[5.973324776017648,4.378491878997067],[5.994878769039985,4.452925205234067],[6.138486861579452,4.538215159801837],[6.19311714244219,4.617640018372185],[6.208103179718023,4.781408786985992],[6.238286971766399,4.851973057110968],[6.156695843338525,4.849230766087032],[6.141563283119069,4.998545428428827],[6.116535350226286,4.99231793262652],[6.0749969482506,5.060245991259535],[6.054629803122964,5.048988819278634],[6.089931011007423,4.97726917303396],[6.072821140183521,4.822366237711776],[5.989294051978959,4.814083098556182],[5.992608069906566,4.893021107338257],[5.797201157107736,4.805858134745165],[5.771552563400121,4.814560413732181],[5.744867739354731,4.794869470649587],[5.696592330671592,4.810498238103264],[5.689909846262424,4.777327495367672],[5.648652076831922,4.774559020582387],[5.644756792891712,4.737917900191007],[5.625324725955409,4.743661879991805],[5.6266210051553,4.730097782386792],[5.597630022607518,4.744769573157328],[5.569565773441752,4.722613811378324],[5.532057474572866,4.751592786178207]]]}},{"type":"Feature","properties":{"state_code":"30","state_name":"OYO","lga_code":"18","lga_name":"IWAJOWA"},"geometry":{"type":"Polygon","coordinates":[[[3.353040288278748,7.836027169218539],[3.327267313835534,7.837251953215116],[3.303563971699987,7.872639544579386],[3.29001810155421,7.9080725409151],[3.302870519758756,7.929959063659908],[3.270591490804691,7.951548221073608],[3.293736761342529,7.983184269838205],[3.249007535969042,8.018891565693252],[3.259455052808505,8.038902186286919],[3.244136932773301,8.036303597932772],[3.219414715416804,8.088804939796205],[3.186787335866882,8.080928116139717],[3.201603199827844,8.120129966125091],[3.134999168976492,8.133757852642816],[3.133830658258319,8.154719088115485],[3.182468954178944,8.17246316804085],[3.180973806096347,8.190289444202563],[3.117363685785506,8.17990084644697],[3.115440743695387,8.212847755119867],[3.027314519849256,8.219364394651166],[2.96011867483702,8.261803506326828],[2.746397693598738,8.228737768433291],[2.695294280406756,7.882399847175236],[2.712468227926422,7.851968501445242],[2.816250478576762,7.952301290871901],[2.848733140122363,7.931009142657842],[2.930842990311817,7.927809247798621],[2.89468583918017,7.901883915610256],[2.880924624571833,7.857462932868089],[2.886081747274886,7.768965791737969],[2.918799073418541,7.755413701880912],[2.920243916123866,7.707824807768702],[2.96119611301026,7.744200432104321],[2.988377037270482,7.855830750588723],[3.032663794398616,7.795670754301909],[3.04863391212541,7.868188499399764],[3.083778627181971,7.874720034402117],[3.144385377882941,7.850050385117243],[3.135600500662633,7.808580119377041],[3.244188546664134,7.772053025826551],[3.282307979829454,7.780411293446491],[3.281777337554161,7.815937895717354],[3.320065479938023,7.803929539816465],[3.353040288278748,7.836027169218539]]]}},{"type":"Feature","properties":{"state_code":"30","state_name":"OYO","lga_code":"13","lga_name":"IBARAPA NORTH"},"geometry":{"type":"Polygon","coordinates":[[[3.032663794398616,7.795670754301909],[3.013925576903887,7.703746402074842],[2.989242778631365,7.682087567886981],[2.99829157629523,7.641407177599206],[2.973182674740713,7.606241922926472],[3.006826161398294,7.555838580685986],[3.064471959013758,7.519765849814178],[3.075019160306056,7.452888165156764],[3.106206236029038,7.461593824695285],[3.129123904344738,7.442264129386103],[3.184911123449638,7.469743117750738],[3.194452686642251,7.530323826783217],[3.284836925583704,7.507132399440707],[3.29479237296971,7.478551878266614],[3.341209576360882,7.501016631812149],[3.337329327286682,7.524145400689747],[3.359794097020028,7.547978639102951],[3.356554099592074,7.640714329103048],[3.320898188300816,7.717858304617096],[3.275274354228088,7.73156795120002],[3.282307979829454,7.780411293446491],[3.244188546664134,7.772053025826551],[3.135600500662633,7.808580119377041],[3.144385377882941,7.850050385117243],[3.083778627181971,7.874720034402117],[3.04863391212541,7.868188499399764],[3.032663794398616,7.795670754301909]]]}},{"type":"Feature","properties":{"state_code":"32","state_name":"RIVERS","lga_code":"18","lga_name":"OKRIKA"},"geometry":{"type":"Polygon","coordinates":[[[6.983824241995194,4.617081009680874],[7.024137982282127,4.441202241090593],[7.158905853322494,4.463628911944795],[7.176110268074467,4.584444046055921],[7.150220917761203,4.640579460174024],[7.083538115291844,4.684146329789314],[7.085702707014377,4.723166614747527],[7.091352909109503,4.692871989350863],[7.123408985336425,4.669721722179759],[7.11405390466399,4.727755125798467],[7.139335153194793,4.734162449137784],[7.11901708856783,4.767566672064333],[7.090035788121156,4.771845236268689],[7.07814310302183,4.814763253121669],[7.060908110420996,4.807260141842107],[7.054881392762127,4.753160870178078],[7.025004038405712,4.75580431761523],[7.010190758196984,4.735027981855922],[6.988255708034558,4.761109568551774],[6.985167963131062,4.703761829644748],[6.964152701785792,4.685402927303301],[6.983824241995194,4.617081009680874]]]}},{"type":"Feature","properties":{"state_code":"27","state_name":"OGUN","lga_code":"13","lga_name":"IMEKO/AFON"},"geometry":{"type":"Polygon","coordinates":[[[2.712468227926422,7.851968501445242],[2.743055340731416,7.796388621038091],[2.716640441902939,7.598554369688486],[2.735803018894273,7.317665124745758],[2.761896421782467,7.321844402896943],[2.780580500989402,7.36099892066369],[2.801748718128863,7.359112376834787],[2.841720564952141,7.334197504011627],[2.873569231434942,7.266055545227289],[2.937672761189049,7.260835053594917],[2.954019008670343,7.30194733070482],[2.912735720077478,7.354580914277847],[2.924838557853207,7.36688686393768],[3.012828183673776,7.344510817720106],[3.020253185236356,7.4303984940953],[3.075019160306056,7.452888165156764],[3.064471959013758,7.519765849814178],[3.006826161398294,7.555838580685986],[2.973182674740713,7.606241922926472],[2.99829157629523,7.641407177599206],[2.989242778631365,7.682087567886981],[3.013925576903887,7.703746402074842],[3.032663794398616,7.795670754301909],[2.98718139310688,7.855067406935348],[2.96119611301026,7.744200432104321],[2.920243916123866,7.707824807768702],[2.918799073418541,7.755413701880912],[2.886081747274886,7.768965791737969],[2.880924624571833,7.857462932868089],[2.89468583918017,7.901883915610256],[2.930842990311817,7.927809247798621],[2.848733140122363,7.931009142657842],[2.816250478576762,7.952301290871901],[2.712468227926422,7.851968501445242]]]}},{"type":"Feature","properties":{"state_code":"03","state_name":"AKWA IBOM","lga_code":"08","lga_name":"IBENO"},"geometry":{"type":"Polygon","coordinates":[[[7.810934295381458,4.519117202696805],[8.02694612596298,4.542922833721832],[8.29164459372305,4.536641376798173],[8.300719586839534,4.55475735876513],[8.248631826997268,4.559021943008304],[8.217278040349356,4.594371604565936],[7.99882433817271,4.602228762747245],[7.941288435013291,4.558362668002758],[7.804234788604674,4.571183412084849],[7.810934295381458,4.519117202696805]]]}},{"type":"Feature","properties":{"state_code":"06","state_name":"BAYELSA","lga_code":"04","lga_name":"NEMBE"},"geometry":{"type":"MultiPolygon","coordinates":[[[[6.53998517987219,4.500919818594809],[6.473987999846372,4.612566000220795],[6.433030830608402,4.597893175229899],[6.480694999774471,4.575416000248254],[6.506249000091316,4.475973000053955],[6.525196075238739,4.469583035428798],[6.53998517987219,4.500919818594809]]],[[[6.159706116144378,4.566572188655641],[6.150812149361229,4.462718010228059],[6.246530181023104,4.400473165104529],[6.240843268602021,4.360469467891676],[6.270473507246606,4.39140146980202],[6.323470115653379,4.363015175210194],[6.427370410416131,4.385717919946103],[6.444874399234209,4.404518839972525],[6.438194000352894,4.500139000214745],[6.417760914234862,4.513880409953003],[6.386468885830482,4.619801997564196],[6.33838605886956,4.620650767818745],[6.305205821991137,4.658875942370912],[6.268667220715713,4.664632796866158],[6.20182180373331,4.642115116419518],[6.159706116144378,4.566572188655641]]]]}},{"type":"Feature","properties":{"state_code":"28","state_name":"ONDO","lga_code":"10","lga_name":"ILAJE"},"geometry":{"type":"Polygon","coordinates":[[[4.97678403015891,5.887738748444519],[5.04691557619293,6.014460356360416],[5.008879622596567,6.06245963810187],[4.976942500595953,6.05369242716381],[4.944431085925942,6.081043435706022],[4.841230868409923,6.226267338366995],[4.834488868666426,6.27147436095305],[4.869466549941365,6.328109947416181],[4.848914390886478,6.355696884103963],[4.86974000859459,6.435104847111063],[4.716990471133386,6.391783713647499],[4.664903640290788,6.421042918995568],[4.618190288351173,6.484495639961835],[4.564331054734453,6.498971462163297],[4.535164832091368,6.408320426746343],[4.503599166968002,6.415532111817527],[4.473125457773733,6.393202781782975],[4.585854460914675,6.375993366800458],[4.594931484700282,6.331930879006904],[4.571975492674881,6.297284947742185],[4.483238448395753,6.326054181755126],[4.749585168420822,6.120868693935108],[4.97678403015891,5.887738748444519]]]}},{"type":"Feature","properties":{"state_code":"06","state_name":"BAYELSA","lga_code":"01","lga_name":"BRASS"},"geometry":{"type":"MultiPolygon","coordinates":[[[[5.843041145932204,4.402372692445851],[5.977303713995241,4.312175731924526],[6.087868400606226,4.270203986225056],[6.222492853162692,4.284280786429179],[6.214972693435129,4.33618440108927],[6.239262546429416,4.399723080156093],[6.150812149361229,4.462718010228059],[6.159706116144378,4.566572188655641],[6.075696944558388,4.487742900714352],[5.994878769039985,4.452925205234067],[5.964485167856253,4.371212958811043],[5.843041145932204,4.402372692445851]]],[[[6.53998517987219,4.500919818594809],[6.566337109070389,4.553831576865832],[6.543078423230668,4.568368435155207],[6.548893452171114,4.586297035279983],[6.511964797837209,4.643144130597193],[6.607241153556458,4.746353148878768],[6.579172134386567,4.758128165782296],[6.527311802297902,4.753003120097958],[6.461060046683883,4.713280201120426],[6.386468885830482,4.619801997564196],[6.443750000262355,4.477639000439581],[6.439330342321512,4.39578266014172],[6.354378393448144,4.365682203770746],[6.281947218889115,4.375349252066371],[6.233514528672629,4.298809701906293],[6.452577190584918,4.299035374183234],[6.464568498937126,4.315217016951806],[6.549243264165341,4.325280383882671],[6.544572830271932,4.354928017214263],[6.514143944187708,4.368941783936236],[6.525196075238739,4.469583035428798],[6.502083000430162,4.480416999944623],[6.49208399977681,4.550972999904047],[6.469305999772132,4.586248999791565],[6.433030830608402,4.597893175229899],[6.473987999846372,4.612566000220795],[6.53998517987219,4.500919818594809]]]]}},{"type":"Feature","properties":{"state_code":"10","state_name":"DELTA","lga_code":"23","lga_name":"WARRI NORTH"},"geometry":{"type":"Polygon","coordinates":[[[4.97678403015891,5.887738748444519],[5.079804339198915,5.746776305781907],[5.12146403363829,5.643242591772264],[5.170141575073671,5.593835492414087],[5.247196434068201,5.622020884756068],[5.373530942299169,5.598523707703009],[5.399243035337861,5.637283656015939],[5.435040844359548,5.652272879589759],[5.456773833045986,5.685309400308654],[5.434017568755849,5.70889438716631],[5.324432892264213,5.729405749375871],[5.341008301392037,5.745255038689152],[5.333948767221898,5.791100123971603],[5.381151930417332,5.823357485559541],[5.454751837827075,5.824966982440344],[5.541497238107127,5.770785957006353],[5.570749999812676,5.778253000075949],[5.53825400042183,5.862534999890386],[5.548102999553862,5.886564000028613],[5.500151999715058,5.93138300022531],[5.469571557181666,5.931457001839192],[5.473677635014894,6.027351856403072],[5.442778489835462,6.041352430969937],[5.428089602952866,6.00704731937833],[5.401897891574492,6.023089551941325],[5.32738542589675,6.018349170577835],[5.32695054972811,5.98268556738509],[5.358699322216012,5.969638347931436],[5.275984516072583,5.906816275650669],[5.248584974716834,5.984231742101258],[5.270169735345064,6.054296017047591],[5.234040821127053,6.064757327688596],[5.222382314092556,6.147946124214286],[5.168694495754437,6.16357469561575],[5.145542144854176,6.141641616767231],[5.126955985630275,6.163946629133704],[4.97678403015891,5.887738748444519]]]}},{"type":"Feature","properties":{"state_code":"28","state_name":"ONDO","lga_code":"07","lga_name":"ESE-ODO"},"geometry":{"type":"Polygon","coordinates":[[[5.04691557619293,6.014460356360416],[5.135913371704817,6.18666219730261],[5.119923592100122,6.207008838786919],[5.092422961550483,6.198280333770413],[5.041041851200532,6.274275303062836],[4.995665071685778,6.300068378253115],[4.950805664050222,6.363531589811089],[4.929038525407691,6.442820071589097],[4.905781746130742,6.456541537961641],[4.865088463162067,6.437849044697714],[4.871811158058563,6.406608310025547],[4.848914390886478,6.355696884103963],[4.869466549941365,6.328109947416181],[4.834673728809605,6.24569269995817],[4.944431085925942,6.081043435706022],[4.976942500595953,6.05369242716381],[5.008879622596567,6.06245963810187],[5.04691557619293,6.014460356360416]]]}},{"type":"Feature","properties":{"state_code":"34","state_name":"TARABA","lga_code":"07","lga_name":"JALINGO"},"geometry":{"type":"Polygon","coordinates":[[[11.442772074671552,8.809143425728564],[11.481505964228916,8.841225754065363],[11.397345354904246,8.909370344266051],[11.389489438686667,8.970327867437163],[11.32298501224858,8.998918870209764],[11.2642007017011,9.056411510582791],[11.23744649855712,9.050264038254795],[11.21474983863419,8.991458068435179],[11.229989554874123,8.959272513215979],[11.324330097655945,8.919986481291119],[11.442772074671552,8.809143425728564]]]}},{"type":"Feature","properties":{"state_code":"10","state_name":"DELTA","lga_code":"04","lga_name":"BURUTU"},"geometry":{"type":"MultiPolygon","coordinates":[[[[5.881353320899109,5.1095089913469],[5.879062884344705,5.176211113951808],[5.818613006884789,5.189382214117927],[5.778600999936259,5.176426999806267],[5.76097199995786,5.199074000065082],[5.81205352095327,5.247334454821271],[5.808337079792466,5.264942411563084],[5.740082569954666,5.260133261740691],[5.74491654016623,5.302825771791959],[5.725292308793087,5.315368830407238],[5.704238999830011,5.413865000069734],[5.606133858091141,5.377637520155474],[5.526882133403774,5.407116060258033],[5.467054626369986,5.37167706544426],[5.320573029022114,5.364431103612617],[5.352651265443569,5.167922286584314],[5.388012822333906,5.138975199945548],[5.443864242241034,5.146742253252455],[5.467934542844944,5.093236976605226],[5.50287056032812,5.092460632352356],[5.533127308078861,5.062899590243944],[5.66180896770976,5.012883663350408],[5.666662215788676,5.028277874124626],[5.710287094373939,5.023826122077935],[5.730586052004753,5.0544528967838],[5.77901887891818,5.058013916209291],[5.791336535952439,5.085837363803364],[5.867738723663194,5.068109512144304],[5.881353320899109,5.1095089913469]]],[[[5.43104945526818,5.385542119373383],[5.431249000441085,5.400595999705672],[5.300249000091355,5.46702099981934],[5.227120088321442,5.451217399663335],[5.354906703081951,5.38982514781236],[5.43104945526818,5.385542119373383]]]]}},{"type":"Feature","properties":{"state_code":"02","state_name":"ADAMAWA","lga_code":"04","lga_name":"GIRE 1"},"geometry":{"type":"Polygon","coordinates":[[[12.60108639821874,9.248789271108024],[12.649332530372021,9.299365984652525],[12.587550071678493,9.321393819669083],[12.618939400433021,9.381864547910595],[12.563696193824342,9.428352330995324],[12.648428137948258,9.562032419860316],[12.507310105377087,9.607438251074484],[12.381607252173012,9.613165221098143],[12.340386390919264,9.546753882585676],[12.272093773209122,9.522192000860173],[12.36021256325921,9.423840687697634],[12.370055198788464,9.363863945364812],[12.440587138285878,9.28917563974403],[12.464708203820578,9.288927990734237],[12.511276621918626,9.23347306572947],[12.60108639821874,9.248789271108024]]]}},{"type":"Feature","properties":{"state_code":"34","state_name":"TARABA","lga_code":"15","lga_name":"YORRO"},"geometry":{"type":"Polygon","coordinates":[[[11.442772074671552,8.809143425728564],[11.531097412015981,8.666934012794513],[11.636946677946867,8.67342567455529],[11.757611853704134,8.6172123458731],[11.78416538212673,8.6297836297108],[11.78788095004586,8.643428721158614],[11.693057060335093,8.717472076175397],[11.653855377623643,8.776396304146147],[11.627265930278497,8.875411986973688],[11.556077002751522,8.967366219175744],[11.57362747213017,8.994107246352371],[11.657647133408545,9.027297973822499],[11.71034717598144,9.071190834189679],[11.698466300779216,9.143839836239522],[11.592636107670273,9.13337039932452],[11.506766318810605,9.067224502908516],[11.420836448943021,9.073739053314682],[11.335706711295757,8.99205589276528],[11.389489438686667,8.970327867437163],[11.397345354904246,8.909370344266051],[11.479554746554356,8.846327911104254],[11.442772074671552,8.809143425728564]]]}},{"type":"Feature","properties":{"state_code":"34","state_name":"TARABA","lga_code":"01","lga_name":"ARDO - KOLA"},"geometry":{"type":"Polygon","coordinates":[[[11.21834659621851,9.015579055728892],[11.126067161970013,9.043178557744284],[11.060585976061986,9.123277664132956],[10.96619605960052,9.020417213183862],[10.89166641237506,8.82502269843883],[11.029178897388249,8.731522048703653],[11.032365547032441,8.67731185196044],[11.059177399417479,8.652626038261133],[11.203335761935932,8.574336052167098],[11.276411147856265,8.58799555255274],[11.255911517302707,8.634586938436485],[11.278743338134575,8.6913972631732],[11.344472073227621,8.718773790877776],[11.39532486155315,8.693750744001704],[11.408464571782588,8.665846398792326],[11.433210965613625,8.676696740861928],[11.468438393117424,8.652001362872625],[11.531097412015981,8.666934012794513],[11.44293991244706,8.816352768065826],[11.324330097655945,8.919986481291119],[11.229989554874123,8.959272513215979],[11.21834659621851,9.015579055728892]]]}},{"type":"Feature","properties":{"state_code":"02","state_name":"ADAMAWA","lga_code":"20","lga_name":"YOLA NORTH"},"geometry":{"type":"Polygon","coordinates":[[[12.440587138285878,9.28917563974403],[12.40739124510992,9.294442242315654],[12.39703641959511,9.221283884044055],[12.462133130039945,9.215801554797963],[12.511276621918626,9.23347306572947],[12.464708203820578,9.288927990734237],[12.440587138285878,9.28917563974403]]]}},{"type":"Feature","properties":{"state_code":"02","state_name":"ADAMAWA","lga_code":"21","lga_name":"YOLA SOUTH"},"geometry":{"type":"Polygon","coordinates":[[[12.511276621918626,9.23347306572947],[12.462133130039945,9.215801554797963],[12.39703641959511,9.221283884044055],[12.40739124510992,9.294442242315654],[12.440587138285878,9.28917563974403],[12.31314441438326,9.43973470839012],[12.26614743155875,9.433261130197025],[12.2316561603036,9.369380763611389],[12.10459893619202,9.364433262984733],[12.077229826095675,9.315255525821897],[12.078366870434763,9.267500241842754],[12.115872271688033,9.274138440936326],[12.145477874304504,9.24016926839704],[12.201594129265686,9.258615318642114],[12.211789058018667,9.23416852855479],[12.263336182318994,9.26112842643579],[12.316532135349803,9.241639138335643],[12.375388145246745,9.16728591920986],[12.351930881904707,9.150675923055474],[12.36528387265264,9.107953336976948],[12.328285511866909,9.05336670740769],[12.35344610375472,9.04374531499434],[12.410751787664935,9.119906598610669],[12.583585738690942,9.108762741207613],[12.609228134271007,9.186447143620853],[12.60108639821874,9.248789271108024],[12.511276621918626,9.23347306572947]]]}},{"type":"Feature","properties":{"state_code":"03","state_name":"AKWA IBOM","lga_code":"17","lga_name":"MBO"},"geometry":{"type":"Polygon","coordinates":[[[8.201692999732188,4.704962000096259],[8.219214062179276,4.675540246785033],[8.173871079186995,4.68200509795696],[8.154206946693307,4.6671651447557],[8.137128438826437,4.60136958284005],[8.217278040349356,4.594371604565936],[8.248631826997268,4.559021943008304],[8.300719586839534,4.55475735876513],[8.34399785861433,4.606810482118078],[8.324347098140095,4.710191988569477],[8.260636431825901,4.746515071813178],[8.240207435824573,4.736487231700437],[8.245307000118032,4.720121000383926],[8.201692999732188,4.704962000096259]]]}},{"type":"Feature","properties":{"state_code":"34","state_name":"TARABA","lga_code":"10","lga_name":"LAU"},"geometry":{"type":"Polygon","coordinates":[[[11.335706711295757,8.99205589276528],[11.420836448943021,9.073739053314682],[11.506766318810605,9.067224502908516],[11.592636107670273,9.13337039932452],[11.698466300779216,9.143839836239522],[11.677740007795194,9.210555454970347],[11.687405585699253,9.229547500716649],[11.647747040193792,9.305399895089124],[11.599039086384778,9.301582478049],[11.53069396355562,9.326079954826128],[11.52008334297193,9.403977516349357],[11.490783428912152,9.366896199400117],[11.314967155110196,9.281780242963919],[11.260186194637242,9.21011161795684],[11.130355834554166,9.16793918674415],[11.060585976061986,9.123277664132956],[11.126067161970013,9.043178557744284],[11.21834659621851,9.015579055728892],[11.23744649855712,9.050264038254795],[11.2642007017011,9.056411510582791],[11.335706711295757,8.99205589276528]]]}},{"type":"Feature","properties":{"state_code":"30","state_name":"OYO","lga_code":"11","lga_name":"IBARAPA CENTRAL"},"geometry":{"type":"Polygon","coordinates":[[[3.075019160306056,7.452888165156764],[3.155272959979186,7.378180024088863],[3.249144314758382,7.367492196707587],[3.306613683374849,7.314042564712622],[3.375807760819555,7.386832235119584],[3.39863433770455,7.443661638074161],[3.375463385227079,7.497840168788798],[3.29479237296971,7.478551878266614],[3.284836925583704,7.507132399440707],[3.194452686642251,7.530323826783217],[3.184911123449638,7.469743117750738],[3.129123904344738,7.442264129386103],[3.106206236029038,7.461593824695285],[3.075019160306056,7.452888165156764]]]}},{"type":"Feature","properties":{"state_code":"27","state_name":"OGUN","lga_code":"01","lga_name":"ABEOKUTA NORTH"},"geometry":{"type":"Polygon","coordinates":[[[2.994845227625206,7.341519982860973],[3.021432915896412,7.302184949575803],[3.043909435272269,7.316262581652893],[3.095717339583587,7.254897099021946],[3.082149295753425,7.238718914146602],[3.098849519989415,7.234034845631697],[3.095248092225745,7.16796062338409],[3.145046878710559,7.113971851419876],[3.127475118781774,7.061518115168951],[3.163429015037082,7.065473428855682],[3.192565024056648,7.043992781841439],[3.210519523757057,7.070375052366842],[3.240143775614797,7.066169439368196],[3.331722861920582,7.135453495782258],[3.332345848382261,7.156263029115564],[3.357522664939097,7.149152026744673],[3.341675665299761,7.167165884398116],[3.364117564374169,7.195561156921883],[3.342133615374109,7.209343707945834],[3.33257765493488,7.184113146104835],[3.314421031705308,7.187342868778444],[3.314110430152255,7.252936996944925],[3.262122027409703,7.253003037760038],[3.215999147842467,7.277936257652243],[3.171666986642151,7.336044271725825],[3.169426096437235,7.373187399079256],[3.075019160306056,7.452888165156764],[3.020253185236356,7.4303984940953],[3.016483818073766,7.348510031812566],[2.994845227625206,7.341519982860973]]]}},{"type":"Feature","properties":{"state_code":"32","state_name":"RIVERS","lga_code":"07","lga_name":"BONNY"},"geometry":{"type":"Polygon","coordinates":[[[7.262322439628917,4.5018772764152],[7.216747768794562,4.54484232331464],[7.217447516889422,4.520663660699427],[7.134745544970997,4.410417690224278],[7.137316659935948,4.374508025325156],[7.328556614396291,4.416780480035186],[7.34139108033412,4.492931561742239],[7.262322439628917,4.5018772764152]]]}},{"type":"Feature","properties":{"state_code":"10","state_name":"DELTA","lga_code":"25","lga_name":"WARRI SOUTH WEST"},"geometry":{"type":"MultiPolygon","coordinates":[[[[5.702495342985742,5.410219980367856],[5.788486957607063,5.442311764176623],[5.7489559998196,5.468636999697821],[5.750259366576529,5.491034306787867],[5.673029000388112,5.466697000166448],[5.620069079824248,5.514468515109911],[5.519514356602315,5.501133913699221],[5.507319618905342,5.443729416779206],[5.548069953965239,5.39429712291394],[5.606133858091141,5.377637520155474],[5.702495342985742,5.410219980367856]]],[[[5.43104945526818,5.385542119373383],[5.47229741759179,5.399435055883146],[5.5243327649452,5.513388137952234],[5.582179445025417,5.514452643874449],[5.466868782368465,5.631111971240557],[5.407858148434855,5.636822677024952],[5.387273630873437,5.585654357062992],[5.214059118233763,5.601242467965562],[5.16367310413051,5.554739572673213],[5.157122445944196,5.537135159260231],[5.227120088321442,5.451217399663335],[5.300249000091355,5.46702099981934],[5.431249000441085,5.400595999705672],[5.43104945526818,5.385542119373383]]],[[[5.435040844359548,5.652272879589759],[5.485734764747633,5.631196813282372],[5.506997652619646,5.647352138290614],[5.526556951142425,5.694692262837691],[5.501542328215919,5.752088620893176],[5.549190044285183,5.756303787389925],[5.454751837827075,5.824966982440344],[5.381151930417332,5.823357485559541],[5.333948767221898,5.791100123971603],[5.341008301392037,5.745255038689152],[5.324432892264213,5.729405749375871],[5.434017568755849,5.70889438716631],[5.456773833045986,5.685309400308654],[5.435040844359548,5.652272879589759]]]]}},{"type":"Feature","properties":{"state_code":"10","state_name":"DELTA","lga_code":"24","lga_name":"WARRI SOUTH"},"geometry":{"type":"Polygon","coordinates":[[[5.541497238107127,5.770785957006353],[5.540368079922985,5.752068996786818],[5.501542328215919,5.752088620893176],[5.526556951142425,5.694692262837691],[5.485734764747633,5.631196813282372],[5.510555267211885,5.596110344616761],[5.582179445025417,5.514452643874449],[5.620069079824248,5.514468515109911],[5.673029000388112,5.466697000166448],[5.779039298025225,5.49064929802671],[5.779924943181641,5.547384933168189],[5.731701410991377,5.556974287233629],[5.655903815908403,5.614335060015037],[5.680222034419387,5.651290893659848],[5.696485995732189,5.647008895843896],[5.692416191154337,5.661795138834634],[5.60143400017904,5.73243100039042],[5.598300999591515,5.781102000157205],[5.541497238107127,5.770785957006353]]]}},{"type":"Feature","properties":{"state_code":"32","state_name":"RIVERS","lga_code":"04","lga_name":"AKUKU TORU"},"geometry":{"type":"Polygon","coordinates":[[[6.792914784789559,4.727834291319539],[6.775418540932947,4.750361142153054],[6.784905443331581,4.820704821170636],[6.740948281438079,4.825232972423805],[6.73442620730367,4.767352549780412],[6.639128930655659,4.743403709813379],[6.622037422189351,4.706306705989732],[6.56052255587133,4.697745322888409],[6.511964797837209,4.643144130597193],[6.548893452171114,4.586297035279983],[6.543078423230668,4.568368435155207],[6.566337109070389,4.553831576865832],[6.512575149723432,4.431702136644333],[6.514143944187708,4.368941783936236],[6.544572830271932,4.354928017214263],[6.549243264165341,4.325280383882671],[6.640951640605806,4.311949642362151],[6.706372928967539,4.338723196218552],[6.681656287407804,4.409390798446623],[6.700298586810391,4.419594540555636],[6.689794418977328,4.518517127363566],[6.724456046109708,4.612705196387765],[6.732069947570096,4.572289694214078],[6.697141399855752,4.49605853327472],[6.716943741060845,4.34999942843092],[6.875197479280303,4.357069429810394],[6.816873418373632,4.502121321841571],[6.814152595066275,4.57820634294842],[6.840421844192804,4.602476846129605],[6.786926490665053,4.665625852551102],[6.773728550232477,4.721597492930016],[6.792914784789559,4.727834291319539]]]}},{"type":"Feature","properties":{"state_code":"29","state_name":"OSUN","lga_code":"22","lga_name":"ISOKAN"},"geometry":{"type":"Polygon","coordinates":[[[4.081985629733083,7.20090008027455],[4.145836998578659,7.20227275868092],[4.260660547046655,7.241574272434775],[4.287905663115907,7.301285673395171],[4.226809652443535,7.363979365655268],[4.164348148048646,7.356487189232439],[4.135321138659663,7.403114608252622],[4.110903143964947,7.326942646086309],[4.13133811955862,7.299527643585918],[4.125375748392116,7.257791517564556],[4.081985629733083,7.20090008027455]]]}},{"type":"Feature","properties":{"state_code":"29","state_name":"OSUN","lga_code":"21","lga_name":"IREWOLE"},"geometry":{"type":"Polygon","coordinates":[[[4.287905663115907,7.301285673395171],[4.320913355167249,7.353571551186178],[4.293092032671211,7.431970155598265],[4.305368480071365,7.460985013347738],[4.200137585281368,7.494036781172554],[4.135520779160686,7.470775444131505],[4.135321138659663,7.403114608252622],[4.157712914019839,7.362934389410611],[4.226809652443535,7.363979365655268],[4.287905663115907,7.301285673395171]]]}},{"type":"Feature","properties":{"state_code":"03","state_name":"AKWA IBOM","lga_code":"05","lga_name":"ESSIEN UDIM"},"geometry":{"type":"Polygon","coordinates":[[[7.684924860593867,5.043759640195276],[7.698986243720242,5.061468357878482],[7.71919971089801,5.048000171170997],[7.726358132721714,5.076476136264716],[7.764209049907777,5.066603404023908],[7.787625000193657,5.090551000228515],[7.782218180724499,5.127057326634372],[7.754613662290751,5.141785507595159],[7.738527904339378,5.122287541936544],[7.68146987933153,5.155513761151212],[7.658403250010053,5.148355841149225],[7.651406376103409,5.175504306178823],[7.53245536212529,5.172527276812446],[7.546370543365924,5.086382270225613],[7.614251840849818,5.049425635284877],[7.622105013235796,5.019477568135301],[7.684924860593867,5.043759640195276]]]}},{"type":"Feature","properties":{"state_code":"03","state_name":"AKWA IBOM","lga_code":"24","lga_name":"ONNA"},"geometry":{"type":"Polygon","coordinates":[[[7.90200230776037,4.564746770846853],[7.875979316392375,4.676448172645109],[7.802798495754018,4.721053674687369],[7.803148000180101,4.681297999702963],[7.825956155352344,4.656663656002991],[7.804234788604674,4.571183412084849],[7.90200230776037,4.564746770846853]]]}},{"type":"Feature","properties":{"state_code":"14","state_name":"ENUGU","lga_code":"15","lga_name":"UDENU"},"geometry":{"type":"Polygon","coordinates":[[[7.688128414794562,6.852689158977569],[7.620197773308632,6.919325352283238],[7.577659130064831,6.932717323245924],[7.555215137368748,6.980562781347317],[7.47564326212688,6.91099592682059],[7.481167608598298,6.884885569013875],[7.420257185620642,6.863298727354447],[7.45828996640887,6.82416953809377],[7.554216910581999,6.809053234918906],[7.60438512507352,6.780977921394026],[7.61648922459807,6.842335144651258],[7.669702457202675,6.816330970697777],[7.688128414794562,6.852689158977569]]]}},{"type":"Feature","properties":{"state_code":"32","state_name":"RIVERS","lga_code":"17","lga_name":"OGU/BOLO"},"geometry":{"type":"Polygon","coordinates":[[[7.282056483619897,4.5600519896077],[7.235528502638317,4.624965088168324],[7.244278753261881,4.668483993341681],[7.211511420315844,4.730975068344776],[7.189702509962899,4.741211336234244],[7.139529450823545,4.693547809184111],[7.122201590630937,4.702070316392053],[7.123408985336425,4.669721722179759],[7.152780442263634,4.659988713108646],[7.216747768794562,4.54484232331464],[7.262322439628917,4.5018772764152],[7.282056483619897,4.5600519896077]]]}},{"type":"Feature","properties":{"state_code":"14","state_name":"ENUGU","lga_code":"05","lga_name":"ENUGU SOUTH"},"geometry":{"type":"Polygon","coordinates":[[[7.579084738070264,6.393852334217911],[7.572471292815976,6.413444988595415],[7.593676503567849,6.437587396840968],[7.543306961447172,6.455372055076339],[7.530883083687399,6.415053545684657],[7.490808713251567,6.433849317092381],[7.451753684784762,6.400153974626278],[7.469227075968831,6.375480682187799],[7.549261950978291,6.358587093819381],[7.579084738070264,6.393852334217911]]]}},{"type":"Feature","properties":{"state_code":"03","state_name":"AKWA IBOM","lga_code":"14","lga_name":"IKOT EKPENE"},"geometry":{"type":"Polygon","coordinates":[[[7.754613662290751,5.141785507595159],[7.771087258270427,5.165825507341367],[7.760094481575095,5.237618626398557],[7.721954047441386,5.277197604386004],[7.655192093840128,5.247535572009099],[7.658403250010053,5.148355841149225],[7.68146987933153,5.155513761151212],[7.738527904339378,5.122287541936544],[7.754613662290751,5.141785507595159]]]}},{"type":"Feature","properties":{"state_code":"03","state_name":"AKWA IBOM","lga_code":"21","lga_name":"NSIT UBIUM"},"geometry":{"type":"Polygon","coordinates":[[[8.052013915010207,4.749773274217262],[8.021605496596464,4.751637932144888],[7.984926406828265,4.785129802998085],[7.976127697135553,4.837925561315672],[7.954668817312097,4.827842015396755],[7.954298470198296,4.778195988653977],[7.926051021037836,4.82213143192007],[7.868326000344666,4.792013999946164],[7.874607999559601,4.720867999758411],[7.934171489023072,4.723125666816145],[7.965807059348379,4.689866008109846],[8.034272197603912,4.682133996886478],[8.062240345215798,4.69777143200605],[8.052013915010207,4.749773274217262]]]}},{"type":"Feature","properties":{"state_code":"03","state_name":"AKWA IBOM","lga_code":"30","lga_name":"URUE OFFONG/ORUKO"},"geometry":{"type":"Polygon","coordinates":[[[8.180664684727446,4.792069358614071],[8.161727434673423,4.768030078325523],[8.12718789590474,4.772729148431495],[8.102191075957421,4.717601278975906],[8.099064364329024,4.695809130187229],[8.154206946693307,4.6671651447557],[8.224504340303099,4.686964514600731],[8.201692999732188,4.704962000096259],[8.201608156791053,4.76302669472625],[8.22461877633549,4.777616267676649],[8.180664684727446,4.792069358614071]]]}},{"type":"Feature","properties":{"state_code":"03","state_name":"AKWA IBOM","lga_code":"01","lga_name":"ABAK"},"geometry":{"type":"Polygon","coordinates":[[[7.684924860593867,5.043759640195276],[7.692959720314889,5.0020216552752],[7.734122204775986,4.989122702550731],[7.740956775334951,5.008208567371526],[7.783857607042989,4.978807406736507],[7.793539877263584,4.941032210668027],[7.77581899984699,4.902730000189422],[7.801432126991131,4.883762856670558],[7.833959156589856,5.033852696844519],[7.812970330816142,5.079895085289991],[7.777797000231431,5.096247000298888],[7.764209049907777,5.066603404023908],[7.726358132721714,5.076476136264716],[7.71919971089801,5.048000171170997],[7.698986243720242,5.061468357878482],[7.684924860593867,5.043759640195276]]]}},{"type":"Feature","properties":{"state_code":"14","state_name":"ENUGU","lga_code":"11","lga_name":"NKANU EAST"},"geometry":{"type":"Polygon","coordinates":[[[7.579084738070264,6.393852334217911],[7.561130489280686,6.331433981992745],[7.589088520418954,6.32612010475907],[7.619006793029143,6.350469143036548],[7.639089973623413,6.327667627559038],[7.622633030390091,6.290329726835466],[7.559723786823326,6.266907047822031],[7.538709255727611,6.217233643018233],[7.558682602120427,6.207854039632252],[7.539226630304768,6.150427870849626],[7.555142554885037,6.128845879234007],[7.625207756133079,6.140847972256154],[7.661893637581386,6.061008690798474],[7.713829533406283,6.083912410629296],[7.726202385431804,6.11489963540987],[7.733001708861821,6.226606369288561],[7.708026408791795,6.29835319484414],[7.751392365365405,6.385539055183301],[7.726122319689352,6.560058200825381],[7.704551931126787,6.578009192270429],[7.633762018402479,6.567482435266243],[7.658065017686454,6.524933883292135],[7.605646062715664,6.477752848814987],[7.59591813211614,6.425892993366972],[7.572471292815976,6.413444988595415],[7.579084738070264,6.393852334217911]]]}},{"type":"Feature","properties":{"state_code":"14","state_name":"ENUGU","lga_code":"09","lga_name":"IGBO EZE SOUTH"},"geometry":{"type":"Polygon","coordinates":[[[7.484536246850382,6.919978194438158],[7.458128719764659,6.929658868362139],[7.443387450970135,6.915889924080773],[7.423952594336811,6.952130510714539],[7.385555211303995,6.962411410158495],[7.37293017498763,6.99925723873065],[7.404539578638719,7.016350445116984],[7.395119484176917,7.030566382132861],[7.351371635892349,7.033356743718798],[7.316390393302072,7.010501446984222],[7.329883514612561,6.974650042865221],[7.30032057763259,6.941223553624127],[7.368575389642558,6.909773034997613],[7.362485902002845,6.889005902900124],[7.380193258112399,6.896527445785068],[7.422663472841066,6.86354360915027],[7.481167608598298,6.884885569013875],[7.484536246850382,6.919978194438158]]]}},{"type":"Feature","properties":{"state_code":"14","state_name":"ENUGU","lga_code":"13","lga_name":"NSUKKA"},"geometry":{"type":"Polygon","coordinates":[[[7.422663472841066,6.86354360915027],[7.30032057763259,6.941223553624127],[7.329883514612561,6.974650042865221],[7.316390393302072,7.010501446984222],[7.24128818460207,6.971317291160119],[7.235174501601989,6.933351681634861],[7.202820903561872,6.902305179840198],[7.303650980308532,6.851070016867823],[7.276054917300655,6.770686307427184],[7.301661465903976,6.736747111090381],[7.349518033330639,6.722815593664791],[7.380736561942854,6.746614923140214],[7.383829252218277,6.773403912960248],[7.414479716865515,6.76900683789529],[7.53044005786245,6.716024461259906],[7.598081194991209,6.655901726583465],[7.615995341212056,6.689130049312382],[7.596077738396957,6.722765367427826],[7.60438512507352,6.780977921394026],[7.554216910581999,6.809053234918906],[7.45828996640887,6.82416953809377],[7.422663472841066,6.86354360915027]]]}},{"type":"Feature","properties":{"state_code":"32","state_name":"RIVERS","lga_code":"23","lga_name":"TAI"},"geometry":{"type":"Polygon","coordinates":[[[7.234001387254239,4.695414585914477],[7.319039034324021,4.702694725581182],[7.344150042990123,4.724281257873827],[7.327223611380589,4.762598008591283],[7.256062981921104,4.793338641065475],[7.232198592790894,4.829792794202149],[7.184739290985533,4.807544002953421],[7.187735690849479,4.744438800710157],[7.234001387254239,4.695414585914477]]]}},{"type":"Feature","properties":{"state_code":"29","state_name":"OSUN","lga_code":"15","lga_name":"IFE NORTH"},"geometry":{"type":"Polygon","coordinates":[[[4.42391833616233,7.190768351378381],[4.470135363056613,7.248514810110464],[4.518738339902541,7.249763992714122],[4.494653873177754,7.269484215024534],[4.490463581928793,7.314007763647396],[4.547517321667101,7.413567528218891],[4.509343746616651,7.416345026801594],[4.502991585893028,7.439758262933537],[4.466242963242223,7.458948940141511],[4.488965973301049,7.550881548144957],[4.457871240865131,7.583552596075492],[4.438650776312329,7.581817187812987],[4.386831891278803,7.490799500596552],[4.371904306338706,7.421518401153321],[4.407040723350747,7.299756055197861],[4.397782553621994,7.24668681304604],[4.42391833616233,7.190768351378381]]]}},{"type":"Feature","properties":{"state_code":"29","state_name":"OSUN","lga_code":"03","lga_name":"AYEDAADE"},"geometry":{"type":"Polygon","coordinates":[[[4.081985629733083,7.20090008027455],[4.073244094439474,7.135548591894064],[4.168871879133974,7.174137114136556],[4.205973148442069,7.045084952708464],[4.284764289840155,7.091783045850946],[4.350731141129302,7.065693835602076],[4.410297494034182,7.127719288414482],[4.42391833616233,7.190768351378381],[4.397782553621994,7.24668681304604],[4.399158000141654,7.346829000158266],[4.374472999429429,7.375127000210966],[4.386831891278803,7.490799500596552],[4.438650776312329,7.581817187812987],[4.477364093877895,7.565925865086626],[4.507855304778559,7.600923272091393],[4.464653525739664,7.621130547436849],[4.410775332615572,7.612460164704885],[4.396944553648268,7.592449333669833],[4.32956207143252,7.63514709036599],[4.305541765040459,7.620481270194489],[4.347024118568243,7.583777214347037],[4.299038364429009,7.557670578834177],[4.270804173074168,7.502860348126603],[4.305368480071365,7.460985013347738],[4.293092032671211,7.431970155598265],[4.320295038884979,7.380445309303639],[4.303989796891642,7.307486997127285],[4.260660547046655,7.241574272434775],[4.145836998578659,7.20227275868092],[4.081985629733083,7.20090008027455]]]}},{"type":"Feature","properties":{"state_code":"29","state_name":"OSUN","lga_code":"04","lga_name":"AYEDIRE"},"geometry":{"type":"Polygon","coordinates":[[[4.294350635673368,7.47164974793759],[4.27574927430959,7.519493313865382],[4.299038364429009,7.557670578834177],[4.347024118568243,7.583777214347037],[4.33585051069258,7.606850692905198],[4.312259903971437,7.608907131259173],[4.29950916311742,7.653678318099935],[4.231613732787594,7.640859344782996],[4.212934908319426,7.609939263386366],[4.186461266674144,7.617909243317001],[4.141589255040117,7.593246460355886],[4.149039702020673,7.477455690128068],[4.200137585281368,7.494036781172554],[4.294350635673368,7.47164974793759]]]}},{"type":"Feature","properties":{"state_code":"32","state_name":"RIVERS","lga_code":"02","lga_name":"AHOADA EAST"},"geometry":{"type":"Polygon","coordinates":[[[6.667957097242265,4.888483990743623],[6.702524324338128,4.921154062010373],[6.663774033844618,4.931678418724118],[6.682042056096066,4.972675697725322],[6.673102755387902,4.997290158314229],[6.711952149372223,5.017959689687984],[6.699321147852743,5.056063372126971],[6.724776274005876,5.09592044477273],[6.694649921656605,5.141340380953864],[6.725274513707916,5.158267986178657],[6.676002875632264,5.178994875413196],[6.68443531214001,5.214717232214525],[6.660784751215317,5.232626705558062],[6.660569608200888,5.194624565571303],[6.622591016062586,5.201385231643201],[6.578727744290006,5.177153394813388],[6.576263377952557,5.026637020582086],[6.544145325846159,4.983478071755655],[6.60878468156784,4.977347513876737],[6.619073587675985,4.916405132590853],[6.667957097242265,4.888483990743623]]]}},{"type":"Feature","properties":{"state_code":"30","state_name":"OYO","lga_code":"16","lga_name":"ISEYIN"},"geometry":{"type":"Polygon","coordinates":[[[3.282307979829454,7.780411293446491],[3.275274354228088,7.73156795120002],[3.320898188300816,7.717858304617096],[3.356554099592074,7.640714329103048],[3.390271473649648,7.664458117348261],[3.413929042991015,7.657818252710229],[3.471879074959418,7.719228071918053],[3.507606809706544,7.696747550559053],[3.538884906713122,7.703946557887377],[3.57788935011348,7.795325790552852],[3.608676874138496,7.77236511216023],[3.605726124760906,7.742483589446124],[3.631390494375864,7.710092894371599],[3.683849673323834,7.696251863133],[3.746851875313837,7.860420749118305],[3.712308279703393,7.981664204239678],[3.741855813994675,8.021434062432093],[3.736541223598635,8.066102448669142],[3.810058653284273,8.13982198479681],[3.853136717985194,8.22295374811705],[3.856714908166509,8.32711144143991],[3.687716294971096,8.405640958363563],[3.659439328262465,8.315443637214116],[3.627653733932732,8.306798928327908],[3.627156280238182,8.260929800569897],[3.591788213155553,8.212216609109248],[3.602572926299558,8.168663886729064],[3.575001405790317,8.092513703444695],[3.530554914677623,8.076706688562865],[3.520613258395201,8.095258122264568],[3.465426289092022,8.096378369965862],[3.465044279569895,7.96757001474441],[3.441026830324006,7.913605858123901],[3.33981606965591,7.810011055865573],[3.281777337554161,7.815937895717354],[3.282307979829454,7.780411293446491]]]}},{"type":"Feature","properties":{"state_code":"30","state_name":"OYO","lga_code":"17","lga_name":"ITESIWAJU"},"geometry":{"type":"Polygon","coordinates":[[[3.229774548356772,8.07051321321427],[3.29669003691572,8.14364879165845],[3.292446663183,8.191243293942932],[3.341213517190113,8.204049703730902],[3.360685401610056,8.176826203766325],[3.420175071122685,8.161544992807194],[3.413770550970185,8.083044696655463],[3.458009677304801,8.049910652554615],[3.465426289092022,8.096378369965862],[3.520613258395201,8.095258122264568],[3.530554914677623,8.076706688562865],[3.575001405790317,8.092513703444695],[3.602572926299558,8.168663886729064],[3.591788213155553,8.212216609109248],[3.627156280238182,8.260929800569897],[3.627653733932732,8.306798928327908],[3.659439328262465,8.315443637214116],[3.687716294971096,8.405640958363563],[3.547797022714462,8.397709690649776],[3.472418478430086,8.357184061095609],[3.478752641920948,8.334128315369526],[3.361405758568935,8.309433119043263],[3.251619347954602,8.37058368978552],[3.195406613724288,8.376368142675688],[3.172451521020946,8.369356274372592],[3.176742575009882,8.333353775156638],[3.066708795974193,8.315482861145199],[2.928478197810648,8.352656441341765],[2.867904471114514,8.312331916384892],[2.870219684890571,8.25939366408636],[2.896663118308311,8.245682982383755],[2.96011867483702,8.261803506326828],[3.027314519849256,8.219364394651166],[3.115440743695387,8.212847755119867],[3.117363685785506,8.17990084644697],[3.180973806096347,8.190289444202563],[3.182468954178944,8.17246316804085],[3.133830658258319,8.154719088115485],[3.134999168976492,8.133757852642816],[3.201603199827844,8.120129966125091],[3.186787335866882,8.080928116139717],[3.219414715416804,8.088804939796205],[3.229774548356772,8.07051321321427]]]}},{"type":"Feature","properties":{"state_code":"30","state_name":"OYO","lga_code":"19","lga_name":"KAJOLA"},"geometry":{"type":"Polygon","coordinates":[[[3.353040288278748,7.836027169218539],[3.441026830324006,7.913605858123901],[3.464154081145978,7.996651246058207],[3.458009677304801,8.049910652554615],[3.413770550970185,8.083044696655463],[3.429727702271691,8.148762638984635],[3.360685401610056,8.176826203766325],[3.341213517190113,8.204049703730902],[3.292446663183,8.191243293942932],[3.29669003691572,8.14364879165845],[3.227403707914846,8.057837852634862],[3.293736761342529,7.983184269838205],[3.270591490804691,7.951548221073608],[3.302870519758756,7.929959063659908],[3.29001810155421,7.9080725409151],[3.303563971699987,7.872639544579386],[3.327267313835534,7.837251953215116],[3.353040288278748,7.836027169218539]]]}},{"type":"Feature","properties":{"state_code":"14","state_name":"ENUGU","lga_code":"12","lga_name":"NKANU WEST"},"geometry":{"type":"Polygon","coordinates":[[[7.460996907781123,6.379308957642309],[7.423447224809649,6.355742030970021],[7.441546731196752,6.288772491357463],[7.503666532784337,6.272029742678512],[7.504970152250792,6.23717776234389],[7.538709255727611,6.217233643018233],[7.559723786823326,6.266907047822031],[7.622633030390091,6.290329726835466],[7.639089973623413,6.327667627559038],[7.619006793029143,6.350469143036548],[7.589088520418954,6.32612010475907],[7.561130489280686,6.331433981992745],[7.579084738070264,6.393852334217911],[7.549261950978291,6.358587093819381],[7.460996907781123,6.379308957642309]]]}},{"type":"Feature","properties":{"state_code":"11","state_name":"EBONYI","lga_code":"02","lga_name":"AFIKPO NORTH"},"geometry":{"type":"Polygon","coordinates":[[[7.970076084443804,5.76832675907275],[7.932170746582756,5.829515097743638],[7.958992180344922,5.843277494960489],[7.989047593271835,5.902126349851187],[8.004966735626397,5.900077820135323],[7.982346057624511,5.926640986592304],[7.991105520903091,5.997906813348777],[7.853091371569576,5.967550635653367],[7.838179475302582,5.944810721037982],[7.887279405819982,5.869015893168978],[7.889973210795063,5.769572152832609],[7.916170380158974,5.748143074743155],[7.951372147306813,5.775062084047988],[7.970076084443804,5.76832675907275]]]}},{"type":"Feature","properties":{"state_code":"34","state_name":"TARABA","lga_code":"03","lga_name":"DONGA"},"geometry":{"type":"Polygon","coordinates":[[[10.755395889308886,7.617162704395355],[10.704106330842535,7.629734516135045],[10.561776161440719,7.562778472648461],[10.505825995972998,7.515279770644952],[10.43977642144472,7.500196933941425],[10.413476944305557,7.512855530258548],[10.359246253811591,7.572699547945831],[10.31563663492284,7.660703659146577],[10.369376183164377,7.718483925193027],[10.375656128327705,7.801811694853882],[10.324207541844657,8.02574882974477],[10.3020785546816,8.027414454213726],[10.272326618878424,8.066930281807117],[10.111753464350954,7.881994724177218],[9.948856353737767,7.731238841599293],[9.86487865392678,7.687732220265787],[9.797699928409031,7.614686011949914],[9.839988707612804,7.579274177561274],[9.904337882687173,7.607801437286525],[10.016646385322474,7.586554050129337],[10.2270975107416,7.448951245303761],[10.25316429099928,7.398343562705293],[10.231691360168213,7.345853805908462],[10.267479897179555,7.278253078916521],[10.323150635193713,7.247236252051437],[10.402681351163494,7.256779671444747],[10.4390020368146,7.337547779006854],[10.4810667040652,7.353265762804767],[10.562106132592021,7.448606491096712],[10.755395889308886,7.617162704395355]]]}},{"type":"Feature","properties":{"state_code":"14","state_name":"ENUGU","lga_code":"14","lga_name":"OJI-RIVER"},"geometry":{"type":"Polygon","coordinates":[[[7.290038024335388,6.278287095073438],[7.243904573237501,6.26291067468793],[7.160240612714176,6.303374831982978],[7.142588615272416,6.289057255388059],[7.143441514314475,6.23555519471654],[7.199536799783516,6.234766961426203],[7.261300592148643,6.079419043354221],[7.309481081886474,6.078960749738883],[7.303809242102886,6.045017242052154],[7.376340388897859,6.040006161155475],[7.402814295843143,6.014720891755815],[7.410608109376767,6.140630716734222],[7.374266306744687,6.205081841653737],[7.290038024335388,6.278287095073438]]]}},{"type":"Feature","properties":{"state_code":"23","state_name":"KWARA","lga_code":"15","lga_name":"OYUN"},"geometry":{"type":"Polygon","coordinates":[[[4.799294949002729,8.065057754811562],[4.819352617629249,8.081719890960244],[4.799518122063716,8.16373798871723],[4.739299130250686,8.197135152865087],[4.737548828315823,8.230746268425605],[4.688286481136231,8.286039917108553],[4.691202163249272,8.31528663626932],[4.67143569060471,8.3017420431608],[4.637989520599945,8.326872826120052],[4.583060264619576,8.235037802652528],[4.594646931111015,8.171096801975864],[4.527365324050493,8.076054432765886],[4.568998335604761,8.05475616466532],[4.62896108628513,8.07453632409215],[4.665557383566465,8.043276787293962],[4.799294949002729,8.065057754811562]],[[4.650434493756904,8.162513732622699],[4.693777084145154,8.217443465243775],[4.758401780018175,8.13772102460564],[4.684548415776817,8.124558939243684],[4.650574477730004,8.144354082275129],[4.650434493756904,8.162513732622699]]]}},{"type":"Feature","properties":{"state_code":"06","state_name":"BAYELSA","lga_code":"05","lga_name":"OGBIA"},"geometry":{"type":"Polygon","coordinates":[[[6.20182180373331,4.642115116419518],[6.292901992932684,4.662345885654133],[6.33838605886956,4.620650767818745],[6.386468885830482,4.619801997564196],[6.450611115210847,4.693482876333746],[6.444660187018087,4.775567055375348],[6.429982184630148,4.765873908753917],[6.399279117737137,4.83844184861249],[6.44064092613786,4.943194866150179],[6.421666144676863,4.981634139603898],[6.293146036560415,4.875698386771205],[6.242722988375249,4.868622779917416],[6.208103179718023,4.781408786985992],[6.20182180373331,4.642115116419518]]]}},{"type":"Feature","properties":{"state_code":"32","state_name":"RIVERS","lga_code":"06","lga_name":"ASARI-TORU"},"geometry":{"type":"Polygon","coordinates":[[[6.904657714581901,4.751772441944695],[6.8767165277456,4.775784797430504],[6.86246709368146,4.824882083041757],[6.813210842106741,4.842755677932246],[6.784905443331581,4.820704821170636],[6.775769090371284,4.746989588298902],[6.834200499753308,4.659705280074661],[6.912715110414069,4.656555713975081],[6.904657714581901,4.751772441944695]]]}},{"type":"Feature","properties":{"state_code":"03","state_name":"AKWA IBOM","lga_code":"31","lga_name":"UYO"},"geometry":{"type":"Polygon","coordinates":[[[7.828747179738627,4.986083181993308],[7.868119944080206,5.011775394618837],[7.892263284922706,4.991189539765514],[7.901721630249085,5.009081544677599],[7.99117289901011,4.951494848708364],[8.024405646403522,4.981555190819449],[8.03186996182933,5.02135085595728],[8.003730086874043,5.014490573781018],[7.984864320332179,5.059922933196844],[7.934948180414267,5.076771995231468],[7.895175802321489,5.031262947027415],[7.876966866427779,5.044950276034456],[7.856728804590716,5.026389751086185],[7.833959156589856,5.033852696844519],[7.828747179738627,4.986083181993308]]]}},{"type":"Feature","properties":{"state_code":"03","state_name":"AKWA IBOM","lga_code":"12","lga_name":"IKONO"},"geometry":{"type":"Polygon","coordinates":[[[7.787625000193657,5.090551000228515],[7.812970330816142,5.079895085289991],[7.829142641319891,5.040268481005626],[7.844028239611589,5.247272291882837],[7.796935754181732,5.295932427839318],[7.720803980919015,5.296904578783312],[7.771372335265085,5.222935230776329],[7.75491900011184,5.136498000282529],[7.782218180724499,5.127057326634372],[7.787625000193657,5.090551000228515]]]}},{"type":"Feature","properties":{"state_code":"23","state_name":"KWARA","lga_code":"02","lga_name":"BARUTEN"},"geometry":{"type":"Polygon","coordinates":[[[2.756388662406891,8.575206047321274],[2.802357195827994,8.610358232146723],[2.920714375767886,8.611895555735373],[3.014477966584934,8.710269923917906],[3.103630065075492,8.750234600446504],[3.163577315940415,8.808645245381797],[3.237358330622499,8.782514568292754],[3.387994765246276,8.842461584434602],[3.599984013751282,8.956908512118162],[3.595700863903801,8.999334614201132],[3.691454540194911,8.996621755289823],[3.743066311361247,9.04689693424615],[3.7707343102403,9.146808623319373],[3.724016260242252,9.364848976399173],[3.717068449749206,9.530305705943647],[3.67670162787789,9.632488847782156],[3.796932934707229,10.066102979768743],[3.783828495888429,10.03115749242437],[3.743058919833345,10.084303854139591],[3.730682371594241,10.068286895224105],[3.684285566625647,10.15666566039198],[3.60944414063465,9.94805526463881],[3.525277614670244,9.844165800411417],[3.476943967690033,9.856943127923046],[3.366577676918325,9.837271317917043],[3.341165032939955,9.80786118024929],[3.331110953307871,9.755832668642768],[3.352777480296538,9.703054424622053],[3.141666411675601,9.44111060726874],[3.166388509422234,9.302776332561734],[3.094999789408803,9.090555186672589],[2.987499712641693,9.061109538374524],[2.967930003566835,9.081300724848631],[2.794722077561858,9.056943886751014],[2.742957589820946,8.770763390618015],[2.756388662406891,8.575206047321274]]]}},{"type":"Feature","properties":{"state_code":"30","state_name":"OYO","lga_code":"20","lga_name":"LAGELU"},"geometry":{"type":"Polygon","coordinates":[[[4.149039702020673,7.477455690128068],[4.144834042257287,7.587117672342742],[4.063088470556522,7.651143905367007],[3.98602029799838,7.594890698047323],[3.976818608392136,7.560668316889348],[4.014775275058923,7.531307317278902],[3.998885384952587,7.513505132156183],[3.965792565774336,7.520063983166324],[3.981367995336768,7.492292133275384],[3.948078935994147,7.496790722913602],[3.929486627206131,7.448514681107667],[3.943199628260288,7.392150571191962],[4.023376649213048,7.431827571685119],[4.018349830180568,7.486078933096337],[4.054358360250149,7.471405043308152],[4.057008602964686,7.429790489439597],[4.093965927685474,7.433808847400428],[4.103474081064064,7.460799375291003],[4.137133068436412,7.45907972674803],[4.149039702020673,7.477455690128068]],[[3.953811155360597,7.417416257854086],[3.958007306591981,7.422590128631555],[3.963104343790462,7.42514551085668],[3.966539353808173,7.416807918650591],[3.969827949700175,7.414615141275817],[3.969524826909264,7.411962530646349],[3.966781852400629,7.409879563191339],[3.959502330568171,7.409649647013623],[3.958974253159283,7.41257261723257],[3.960236689072019,7.413546776362693],[3.953811155360597,7.417416257854086]]]}},{"type":"Feature","properties":{"state_code":"22","state_name":"KOGI","lga_code":"07","lga_name":"IDAH"},"geometry":{"type":"Polygon","coordinates":[[[6.679260254257372,6.972002506210742],[6.722636301224384,7.021515267815403],[6.794742229670192,7.024367697011655],[6.789048890693778,7.122424331118054],[6.753551555060255,7.139595539302718],[6.715768813679858,7.122821331439354],[6.677258967727255,7.0340757373055],[6.679260254257372,6.972002506210742]]]}},{"type":"Feature","properties":{"state_code":"35","state_name":"YOBE","lga_code":"11","lga_name":"MACHINA"},"geometry":{"type":"Polygon","coordinates":[[[9.765183857948728,12.796216203814822],[9.78695638173167,12.81440605609464],[9.858193870850528,12.820207731901348],[9.91536691285279,12.863380631910672],[9.929673063561097,12.918537914593117],[9.943062360839349,12.911209778108798],[9.987998941098283,12.956416817781985],[10.05117222741643,12.952841703282047],[10.063749804709744,12.977751410399321],[10.088749543856409,12.983572616782908],[10.103655039648402,12.96629977621376],[10.098623263552838,12.985513558803746],[10.234695812561768,13.008795074832904],[10.26093934197712,13.089039400148238],[10.232620269010283,13.076782335836185],[10.213746805170956,13.0910473002927],[10.221525135976322,13.12613135967456],[10.178510692914188,13.164664668040075],[10.224446714944008,13.280438763937866],[10.148332596272326,13.259721755554608],[9.99470233294636,13.1763913068134],[9.873054503962237,13.075277327586662],[9.661990387146716,12.833807799690248],[9.765183857948728,12.796216203814822]]]}},{"type":"Feature","properties":{"state_code":"22","state_name":"KOGI","lga_code":"06","lga_name":"IBAJI"},"geometry":{"type":"Polygon","coordinates":[[[6.679260254257372,6.972002506210742],[6.610790253367554,6.822104931197657],[6.631689072292886,6.769058228754318],[6.617936134145339,6.704879283652076],[6.652776241630306,6.634282111830032],[6.661695818407338,6.557928405671419],[6.764108181247593,6.56360292363604],[6.808122635351367,6.580162525380274],[6.806379317551489,6.70305442791954],[6.896804810193885,6.792390822678385],[6.923388003653486,6.801978111001063],[6.929928002175586,6.786487314837757],[6.952399185873787,6.808094117849294],[6.964425995863053,6.961855952889948],[6.904735108438558,6.976968780185132],[6.901171684225915,7.016080378706533],[6.835658073261527,7.017067908956903],[6.808808559967133,7.060700540597509],[6.794742229670192,7.024367697011655],[6.722636301224384,7.021515267815403],[6.679260254257372,6.972002506210742]]]}},{"type":"Feature","properties":{"state_code":"37","state_name":"FCT","lga_code":"06","lga_name":"MUNICIPAL"},"geometry":{"type":"Polygon","coordinates":[[[7.553078775365236,8.762289418022249],[7.594658851924521,8.856400489790815],[7.58917264120447,9.100944410356306],[7.504862301054402,9.112138216105848],[7.504759435699441,9.099728360575455],[7.343518237776493,9.143679754217317],[7.282378813231674,9.135622326908901],[7.214080274385196,9.087809981845226],[7.208139382626428,9.04333183369721],[7.154829501680183,9.015735625898458],[7.169584368224037,9.006203776283314],[7.131980555957966,8.948715164873022],[7.106484307404912,8.950491012949954],[7.118081851196507,8.924819409188444],[7.164970398265325,8.908992768401617],[7.228905550650666,8.919915515788489],[7.327137483308263,8.883738737852525],[7.334711401809784,8.921356232404264],[7.412323346745097,8.908670961295854],[7.409649450062147,8.876676365421986],[7.48191377609993,8.867957083852389],[7.497339492823357,8.730061726867234],[7.388734535970116,8.729217732012785],[7.342813129722231,8.680459733629846],[7.335326218830005,8.639574958017931],[7.477623463152327,8.631333351353135],[7.553078775365236,8.762289418022249]]]}},{"type":"Feature","properties":{"state_code":"23","state_name":"KWARA","lga_code":"11","lga_name":"KAIAMA"},"geometry":{"type":"Polygon","coordinates":[[[3.7707343102403,9.146808623319373],[3.826070068778677,9.182162284162132],[3.921370743964701,9.172939300408416],[4.012060165144533,9.034599303315247],[4.253385544307491,8.966966627907595],[4.316407204029304,8.997709273064572],[4.334852218255321,8.98080062914579],[4.524136066326435,9.074151992320651],[4.603514194324646,9.084342001782034],[4.679488123977762,9.05893497406987],[4.683135417165829,9.073378354127783],[4.721105679783363,9.065513096652126],[4.748791934899941,9.087962692124563],[4.764554977430294,9.14993190763147],[4.737516879900113,9.268896102972803],[4.639310360284924,9.308178900935559],[4.609726906171829,9.361758232256648],[4.501166820092749,9.440430639762269],[4.350583553388333,9.588395119339339],[4.152861117446662,9.862063407200537],[4.118815898235141,9.85551643263733],[4.114887714396559,9.881705284171574],[4.083461759852355,9.851588247899372],[4.021918772633285,9.856825828449246],[4.002277849842926,9.906583784813847],[3.985255240237223,9.893489836586753],[3.936151980429599,9.91607761289157],[3.970524071728562,9.948813437190438],[3.934515236788798,9.966817854660292],[3.949246166977048,9.99136924579409],[3.887048720622033,9.988095281871836],[3.903416395350405,10.019194601749518],[3.799117086684248,10.071198462039433],[3.67670162787789,9.632488847782156],[3.717068449749206,9.530305705943647],[3.724016260242252,9.364848976399173],[3.7707343102403,9.146808623319373]]]}},{"type":"Feature","properties":{"state_code":"36","state_name":"ZAMFARA","lga_code":"02","lga_name":"BAKURA"},"geometry":{"type":"Polygon","coordinates":[[[5.749627959762563,12.288903381086243],[5.823571919908204,12.24190414905729],[5.841038280192549,12.293106680129256],[5.899068429164743,12.321067295019702],[5.876228887653099,12.355280850231111],[5.903097642841999,12.448038641969788],[5.943285780214637,12.46878153104285],[5.948930673611756,12.512291703799121],[5.999566335917734,12.553990067287828],[6.006828148300428,12.597468735893472],[6.057743551923409,12.615603635999037],[6.06360373582379,12.64242146617778],[6.105289197638399,12.672919841077828],[6.090904216856188,12.707018587038192],[6.099953303202426,12.77969962114065],[6.034077602699256,12.784066278436057],[6.024413255967033,12.748793268794373],[5.961673507626301,12.754693031857983],[5.883320047382313,12.820349435378205],[5.847814536012095,12.810546122705432],[5.81313276316655,12.839669228252319],[5.733987466948065,12.826781768863611],[5.6346804001804,12.882928361554718],[5.588209408337548,12.804081079078571],[5.649277917741756,12.768875985338525],[5.686345871664685,12.713864632047205],[5.677433761059262,12.63192389756989],[5.723075590566111,12.620634885991251],[5.717236595592453,12.486925722044475],[5.772623778264801,12.383487566398117],[5.749627959762563,12.288903381086243]]]}},{"type":"Feature","properties":{"state_code":"35","state_name":"YOBE","lga_code":"13","lga_name":"NGURU"},"geometry":{"type":"Polygon","coordinates":[[[10.234695812561768,13.008795074832904],[10.2820115043275,12.979373909678259],[10.263975635767054,12.954846954923084],[10.30466274938641,12.861060255126745],[10.290516513426383,12.815451401960672],[10.325251021617419,12.811462194624653],[10.331009735011321,12.847262016329012],[10.436037750841592,12.817635923559067],[10.524009686997488,12.86427806897774],[10.549817557834103,12.837953563706037],[10.603721966195849,12.869110412315706],[10.51429260491983,12.94394311308423],[10.469402499825549,12.94164518157993],[10.447029667784989,12.971497982645815],[10.469565102647437,13.029767228974492],[10.428442878136366,13.041931701786666],[10.393280569642627,13.09074785123238],[10.454251067332962,13.149438402060639],[10.26093934197712,13.089039400148238],[10.234695812561768,13.008795074832904]]]}},{"type":"Feature","properties":{"state_code":"36","state_name":"ZAMFARA","lga_code":"06","lga_name":"GUMMI"},"geometry":{"type":"Polygon","coordinates":[[[5.270796733682346,11.780028915302239],[5.232120734384409,11.894758962156402],[5.247767460400041,11.921402522608389],[5.288761657424573,11.927258425735829],[5.305766821981308,11.962448224705838],[5.370582035632481,11.997197946727908],[5.34699464758495,12.132743594641227],[5.39011303159117,12.171981108141665],[5.402699999605318,12.266499999975053],[5.34820728983459,12.283570234079093],[5.311578238345078,12.35577355010929],[5.160244080000325,12.316112444233966],[5.11670000100429,12.283399998711047],[4.952949494923303,12.314414079046571],[4.950399998760986,12.23129999999503],[4.875030323590636,12.229728729697172],[4.861730543030205,12.159646444028226],[4.866699639077126,11.932737119022875],[4.968217072160201,11.875682862174415],[4.934999999050774,11.845100001364017],[4.919599999340562,11.789900000884359],[4.941011066707404,11.730830321062513],[5.007116690582848,11.7497384213911],[5.062846882777478,11.708116977816303],[5.081412046428852,11.732326131945456],[5.177447729429218,11.74413263321452],[5.17788648617244,11.792395444194426],[5.223130462800668,11.756734861824441],[5.270796733682346,11.780028915302239]]]}},{"type":"Feature","properties":{"state_code":"19","state_name":"KANO","lga_code":"01","lga_name":"AJINGI"},"geometry":{"type":"Polygon","coordinates":[[[8.90502919983777,11.920777658362283],[8.95704414517121,11.946954443692675],[9.024346823347287,11.938209895670184],[9.039182157630535,11.91620259487388],[9.104132037563545,11.904697996915047],[9.075703274286752,11.839215151757912],[9.153799073368589,11.834494148086492],[9.162112000768275,11.87968359791978],[9.202028048255897,11.90468222100776],[9.201046073117823,11.961946890436707],[9.227965202931841,12.014366012681364],[9.213967778690062,12.054112448930425],[9.181874005580937,12.085438744202747],[9.15629583598411,12.067532689182315],[9.14894371458081,12.019373484598702],[9.133339497719703,12.035312798746702],[9.09830333712938,12.022935939342176],[9.07408547576415,12.073533917356428],[8.948823212121567,12.075460508895446],[8.866039068248426,11.975225595384984],[8.86390595999211,11.911813174838187],[8.90502919983777,11.920777658362283]]]}},{"type":"Feature","properties":{"state_code":"32","state_name":"RIVERS","lga_code":"22","lga_name":"PORT HARCOURT"},"geometry":{"type":"Polygon","coordinates":[[[6.988255708034558,4.761109568551774],[7.010190758196984,4.735027981855922],[7.025004038405712,4.75580431761523],[7.054881392762127,4.753160870178078],[7.068897900617685,4.802396338420351],[7.004304528131513,4.830876610367341],[6.957880245277124,4.774509469736302],[6.988255708034558,4.761109568551774]]]}},{"type":"Feature","properties":{"state_code":"21","state_name":"KEBBI","lga_code":"04","lga_name":"AUGIE"},"geometry":{"type":"Polygon","coordinates":[[[4.750326259249505,12.750909215288118],[4.806835267033989,12.819476618151441],[4.688168464003468,12.938165021998202],[4.646215274015731,12.948615238602429],[4.731627658689547,13.052771055040182],[4.682985900379038,13.078911467290425],[4.623046776687431,13.07011233311772],[4.554715233621209,13.111444510655701],[4.475931365939857,13.000604743913868],[4.482177449829521,12.978297297981953],[4.560985521864382,12.962718069683206],[4.543744160264851,12.919452303880746],[4.469596131356411,12.894929750407698],[4.451571292980816,12.854784040351205],[4.550037375824274,12.802628835852147],[4.558450823147041,12.757810609072408],[4.614607568284669,12.720176980683163],[4.730416741339582,12.70209734391733],[4.750326259249505,12.750909215288118]]]}},{"type":"Feature","properties":{"state_code":"33","state_name":"SOKOTO","lga_code":"11","lga_name":"KEBBE"},"geometry":{"type":"Polygon","coordinates":[[[4.875030323590636,12.229728729697172],[4.703177836887733,12.225366317201804],[4.697586634815366,12.157561361367755],[4.665114305580801,12.17046580265469],[4.628061018701089,12.113815717321529],[4.633934321012134,12.063699092439208],[4.588181817337045,12.03882752467058],[4.55075238991094,11.89190849078426],[4.548973482340386,11.79550353176262],[4.43643449335724,11.710825178239418],[4.417208449410452,11.708540894846465],[4.393904474611873,11.75745593734166],[4.368773788779379,11.746984187370401],[4.375101571580331,11.714620246227412],[4.427280380585159,11.67056132334642],[4.41923090058566,11.614177970636888],[4.496795957567429,11.552430962319079],[4.482785916736702,11.531998347445835],[4.522761340163754,11.53031450630948],[4.569935376116746,11.573654653239714],[4.547455094876796,11.597402481239556],[4.546163707988796,11.634397927322539],[4.634991580197322,11.672292985033266],[4.666810559160012,11.667562122993616],[4.661502217253599,11.693896467747834],[4.676514174789361,11.681882357984477],[4.721083571749489,11.694750074556339],[4.815210015629759,11.766086852426326],[4.849829730757506,11.735107461640098],[4.889452520117743,11.75015946328864],[4.89387336336506,11.709247922054033],[4.943073067368232,11.72684202384039],[4.919599999340562,11.789900000884359],[4.934999999050774,11.845100001364017],[4.968217072160201,11.875682862174415],[4.866699639077126,11.932737119022875],[4.875030323590636,12.229728729697172]]]}},{"type":"Feature","properties":{"state_code":"17","state_name":"JIGAWA","lga_code":"23","lga_name":"RINGIM"},"geometry":{"type":"Polygon","coordinates":[[[9.223018089912955,11.989609094084472],[9.319290612971486,12.05688829725716],[9.31981888283525,12.100229216705031],[9.34894579521233,12.118522725743276],[9.335966649041666,12.165708723578803],[9.270669962648697,12.154679377751108],[9.272951978850813,12.191509691219323],[9.23012865611264,12.204434212568913],[9.201682674415963,12.250135855985036],[9.151239368102381,12.231038839570829],[9.164105956025082,12.273694522384346],[9.113547263995088,12.28317529860118],[9.145609148043775,12.325633019048666],[9.13853364371272,12.342232949990716],[8.909896060954509,12.300987923054265],[8.952237695113581,12.185331892852616],[8.91499999865107,12.07620000162882],[9.07408547576415,12.073533917356428],[9.08469409355763,12.027426902729417],[9.133339497719703,12.035312798746702],[9.14894371458081,12.019373484598702],[9.15629583598411,12.067532689182315],[9.193782382950644,12.084596694581819],[9.227965202931841,12.014366012681364],[9.223018089912955,11.989609094084472]]]}},{"type":"Feature","properties":{"state_code":"32","state_name":"RIVERS","lga_code":"10","lga_name":"EMOHUA"},"geometry":{"type":"MultiPolygon","coordinates":[[[[6.929063274350654,4.781698499985851],[6.92409801661023,4.84299933395215],[6.891383984683216,4.885180725110445],[6.897967124583204,4.91024635668407],[6.86763234265851,4.91321367786901],[6.846132371911494,4.952696890649008],[6.846419154020793,5.026272281640559],[6.724776274005876,5.09592044477273],[6.699321147852743,5.056063372126971],[6.711952149372223,5.017959689687984],[6.673102755387902,4.997290158314229],[6.682042056096066,4.972675697725322],[6.663774033844618,4.931678418724118],[6.702524324338128,4.921154062010373],[6.669359767139611,4.884839210261418],[6.689666791689149,4.865913481422069],[6.72572332667022,4.867625872436122],[6.740948281438079,4.825232972423805],[6.799400592863094,4.82228923056357],[6.813210842106741,4.842755677932246],[6.86246709368146,4.824882083041757],[6.8767165277456,4.775784797430504],[6.904657714581901,4.751772441944695],[6.929063274350654,4.781698499985851]]],[[[6.721909692178599,5.105464126768084],[6.753571581163612,5.158029986894405],[6.784432521343831,5.128045026856569],[6.831312622879295,5.171982293947735],[6.816560725896807,5.259442008641827],[6.761453726108641,5.31589989986054],[6.720073207312737,5.287125307686836],[6.720000632922904,5.242467286136389],[6.68443531214001,5.214717232214525],[6.676002875632264,5.178994875413196],[6.725274513707916,5.158267986178657],[6.694649921656605,5.141340380953864],[6.698402940043707,5.115629700750162],[6.721909692178599,5.105464126768084]]]]}},{"type":"Feature","properties":{"state_code":"14","state_name":"ENUGU","lga_code":"10","lga_name":"ISI UZO"},"geometry":{"type":"Polygon","coordinates":[[[7.60438512507352,6.780977921394026],[7.596077738396957,6.722765367427826],[7.615995341212056,6.689130049312382],[7.553751817192676,6.593633187921341],[7.589194222235619,6.562308397214792],[7.704551931126787,6.578009192270429],[7.691221265149295,6.638367245352129],[7.817716096420781,6.637506170573374],[7.903395652587335,6.781468390953535],[7.887640476426895,6.789345740713429],[7.888034344409505,6.853941917285681],[7.818617992326551,6.891946633830116],[7.785626410730345,6.872848033709829],[7.71375657410664,6.871025968573633],[7.669702457202675,6.816330970697777],[7.61648922459807,6.842335144651258],[7.60438512507352,6.780977921394026]]]}},{"type":"Feature","properties":{"state_code":"06","state_name":"BAYELSA","lga_code":"08","lga_name":"YENAGOA"},"geometry":{"type":"Polygon","coordinates":[[[6.238286971766399,4.851973057110968],[6.418285846714525,4.972400187718563],[6.411561012330878,5.004581928013636],[6.485816002106844,5.153363227630905],[6.558826447082936,5.198422908890166],[6.549230098989938,5.212652206234395],[6.566636085986602,5.236972809747442],[6.530881882393032,5.284537791785738],[6.486999035077474,5.240703105863702],[6.388543128962283,5.193649768821842],[6.399549961161824,5.145593166091771],[6.358265876668895,5.093811988732341],[6.321924209834492,5.085625172363848],[6.305215835942136,5.049674987610615],[6.273586273088085,5.056044102353496],[6.248579978783027,5.009782791042994],[6.14735507987308,4.940584182813836],[6.156695843338525,4.849230766087032],[6.238286971766399,4.851973057110968]]]}},{"type":"Feature","properties":{"state_code":"23","state_name":"KWARA","lga_code":"06","lga_name":"ILORIN EAST"},"geometry":{"type":"MultiPolygon","coordinates":[[[[4.54875256208112,8.49432288589253],[4.568028665890267,8.492851539267178],[4.566517458613873,8.47229440156542],[4.598715646609833,8.473926969653974],[4.557932503382347,8.550805880786811],[4.553150263973578,8.528314706958213],[4.532912373906981,8.524473396729945],[4.54875256208112,8.49432288589253]]],[[[4.768411841433362,8.47901336967135],[4.745806822426971,8.510774280308851],[4.764248665643436,8.542777567230985],[4.854439836329448,8.55400503100742],[4.865059645286465,8.572882007598594],[4.892808447352024,8.554009306384444],[4.974117744438388,8.667163464022678],[4.895572180012152,8.747365859346985],[4.860983371885141,8.73727703081039],[4.679187774696118,8.57447528790425],[4.602087997263311,8.536491101982847],[4.634168490083823,8.509479476896388],[4.668445040106576,8.51732449782736],[4.698660373177745,8.485928534774132],[4.768411841433362,8.47901336967135]]]]}},{"type":"Feature","properties":{"state_code":"05","state_name":"BAUCHI","lga_code":"01","lga_name":"ALKALERI"},"geometry":{"type":"Polygon","coordinates":[[[10.969134278724027,9.615353467688408],[10.989894507625479,9.640553670215752],[10.95691314502568,9.668597445415799],[10.95670450410961,9.711389004099317],[10.981629401675605,9.774779088184403],[10.945419806578855,9.880443018230778],[10.717475890699859,10.049853324871094],[10.711544209797466,10.07621049981475],[10.73838875523694,10.120955921078917],[10.80744270481705,10.137963781803137],[10.855280967442752,10.24082478223795],[10.757347466712247,10.235691005935223],[10.703059744811412,10.271194814888872],[10.637722397370794,10.213742819375682],[10.58090155955938,10.254773589129911],[10.272364910212502,10.27954679534838],[10.24685003220327,10.22825418997894],[10.21495418099073,10.2317871388654],[10.207034092749211,10.200138066118882],[10.180291264230505,10.191332279661026],[10.191174802974842,10.159704481276833],[10.158334010706085,10.112942347411433],[10.094622808395911,10.089897145337034],[10.083896870444278,10.006318822755532],[10.016980723581582,10.024579604565133],[9.972705556915969,9.965448942614671],[9.986494509314184,9.949162323782275],[9.923147204180168,9.897162685809349],[9.893556078849997,9.934108296860472],[9.820927973447283,9.91148317171104],[9.850272056810013,9.851940096858016],[9.914062385071077,9.84920551212474],[9.924085885055604,9.824836172551386],[9.88556709174793,9.763346840684221],[9.9303818183663,9.71534996822652],[9.972589634304256,9.699527657675333],[10.071076025638149,9.730845437267192],[10.103291093009602,9.719512445243197],[10.108758992633454,9.690579709985684],[10.152244380074137,9.67876298792163],[10.260596111221616,9.687117869594033],[10.372870445015053,9.603427887187308],[10.48890018489567,9.552595139354253],[10.522958902931066,9.4883910078388],[10.617839911282942,9.462811803122293],[10.773542915872895,9.447321510579286],[10.917232286440935,9.554528495593672],[10.969134278724027,9.615353467688408]]]}},{"type":"Feature","properties":{"state_code":"32","state_name":"RIVERS","lga_code":"19","lga_name":"OMUMA"},"geometry":{"type":"Polygon","coordinates":[[[7.183692103307976,4.949898768813171],[7.235092163272782,4.981004238255025],[7.27869892141814,5.116788863914962],[7.292564869273349,5.172623158032366],[7.264343654236313,5.215610503621917],[7.207993828252597,5.162790137155127],[7.211087008658581,5.120032444241929],[7.177594638681683,5.03688892858122],[7.183692103307976,4.949898768813171]]]}},{"type":"Feature","properties":{"state_code":"17","state_name":"JIGAWA","lga_code":"03","lga_name":"BIRNIN KUDU"},"geometry":{"type":"Polygon","coordinates":[[[9.62592342722445,11.236726420388038],[9.661499999425473,11.284899997936577],[9.644168726305736,11.366452926761212],[9.603988170217917,11.36475248234126],[9.581099952001239,11.393061202312708],[9.598294415754708,11.415700296631428],[9.598972854413773,11.38308981624209],[9.641118360823725,11.388664277434486],[9.648897031572801,11.46106614039013],[9.70302922292035,11.478775241184508],[9.696536302108711,11.491737669857628],[9.64959999924065,11.471799998671031],[9.630750487045361,11.572429674090245],[9.609998686590188,11.592538781239796],[9.672598099322897,11.655827825593747],[9.69476750831393,11.657306546659868],[9.697123381339054,11.681452645723084],[9.661440849215865,11.680999756133872],[9.664431285675334,11.726806684081282],[9.639735107289425,11.732978133234326],[9.53668621060018,11.68339465074257],[9.524208841165148,11.648587829864482],[9.420423354754064,11.557914468777767],[9.360311527055387,11.560817456060818],[9.330505706573149,11.516636082389311],[9.284237399436506,11.502553683905433],[9.23151869323317,11.449527157752186],[9.232485631706595,11.405689055305686],[9.194971659014925,11.326648778318486],[9.346144315307981,11.346746133127567],[9.411639492868346,11.299995817253205],[9.497519398201689,11.278085663022978],[9.511793670641453,11.313130586607315],[9.609396987980688,11.315467894927451],[9.593536247599786,11.257162593878661],[9.62592342722445,11.236726420388038]]]}},{"type":"Feature","properties":{"state_code":"34","state_name":"TARABA","lga_code":"12","lga_name":"TAKUM"},"geometry":{"type":"Polygon","coordinates":[[[9.839988707612804,7.579274177561274],[9.884653090967447,7.507860184799711],[9.888607979274866,7.46171760558309],[9.824958801407604,7.254598140991448],[9.83455562614131,7.199362754887261],[9.737985610947248,7.078073026049367],[9.645699501031174,6.894820213282287],[9.64602947218242,6.738594055071644],[9.59801375982721,6.499882084190858],[9.637777328161235,6.523332596322291],[9.708845138592324,6.521250725140874],[9.795555114576928,6.801666259390402],[9.87472152687701,6.775833130194826],[10.100792137846952,6.967604517434609],[10.066135154813594,6.965113380977812],[10.061078800246491,6.997236105062257],[9.965631663270699,7.023191286648625],[9.94798457702666,7.085327411830633],[9.926093536087876,7.091609188912969],[9.896105495872007,7.051961294078524],[9.82266834416879,7.081613881775297],[9.827739774071347,7.097894314171299],[9.885071950210374,7.094421065879544],[9.902025287736876,7.229595321666807],[9.915112322875473,7.244169520706862],[9.995398520625258,7.217253207569513],[10.028634456115299,7.255937853848934],[10.073689637167092,7.247491518318952],[10.088027465595133,7.269353189198398],[10.160239500552564,7.285023363237656],[10.23487281802619,7.206675529152392],[10.267479897179555,7.278253078916521],[10.231691360168213,7.345853805908462],[10.25316429099928,7.398343562705293],[10.2270975107416,7.448951245303761],[10.016646385322474,7.586554050129337],[9.904337882687173,7.607801437286525],[9.839988707612804,7.579274177561274]]]}},{"type":"Feature","properties":{"state_code":"12","state_name":"EDO","lga_code":"05","lga_name":"ESAN SOUTH EAST"},"geometry":{"type":"Polygon","coordinates":[[[6.623610019886542,6.793598175115733],[6.431306839239312,6.776103973619513],[6.435112952700649,6.719789027841387],[6.373497963060572,6.704424858020843],[6.377299837117846,6.675760385133742],[6.338625362170774,6.667736873957608],[6.35016679815925,6.626605988075937],[6.334867001810721,6.590434074572954],[6.261614798384301,6.526922225880071],[6.297132968611663,6.479221820330793],[6.28096008344113,6.431954861927409],[6.306408881964387,6.413721084960173],[6.28161621081955,6.360329150769758],[6.412735939711922,6.396037102230537],[6.523318768346542,6.487541198567499],[6.668920994208577,6.50123405570713],[6.652776241630306,6.634282111830032],[6.617936134145339,6.704879283652076],[6.623610019886542,6.793598175115733]]]}},{"type":"Feature","properties":{"state_code":"29","state_name":"OSUN","lga_code":"12","lga_name":"IFEDAYO"},"geometry":{"type":"Polygon","coordinates":[[[4.947042175755882,7.902162896100833],[5.031329155116453,7.976946353591416],[5.056488990674438,8.031078338994178],[5.044290542374654,8.0699615483868],[5.009981632046731,8.050139426593319],[4.970878388227106,7.980955108591445],[4.937624129050391,7.982263862287482],[4.922864841439321,7.951469552877597],[4.947042175755882,7.902162896100833]]]}},{"type":"Feature","properties":{"state_code":"30","state_name":"OYO","lga_code":"28","lga_name":"ORI IRE"},"geometry":{"type":"Polygon","coordinates":[[[3.853136717985194,8.22295374811705],[3.898732262084252,8.187049141904424],[3.988548099814977,8.188816138853781],[3.980873040858171,8.139482236216281],[4.034340277981471,8.092790984216606],[4.008337496178569,8.033880749696891],[4.045738093138539,8.039659635783607],[4.04489141830436,7.979496990993368],[4.104256177380705,7.935203149006156],[4.129549314948974,7.956456050806139],[4.1148543387568,7.984794300016972],[4.139016993439554,8.022996407857988],[4.13102151323227,8.041235323551405],[4.198256101937602,8.12662009274311],[4.204211461989416,8.206013688181201],[4.279697975281408,8.208174323786068],[4.32103872335847,8.268654823161626],[4.391735076912312,8.304002761618221],[4.269023413799573,8.555760271119652],[4.187590880814525,8.500295423894727],[4.047794298568078,8.506197842656377],[3.931414353689547,8.468986605147734],[3.904285909367275,8.372852886151804],[3.856714908166509,8.32711144143991],[3.853136717985194,8.22295374811705]]]}},{"type":"Feature","properties":{"state_code":"36","state_name":"ZAMFARA","lga_code":"09","lga_name":"MARADUN"},"geometry":{"type":"Polygon","coordinates":[[[6.105289197638399,12.672919841077828],[6.127063174725777,12.622656450434874],[6.170588710600555,12.615625651402752],[6.148281190924251,12.594951228616367],[6.141100000964343,12.544399999160703],[6.168147814769895,12.434481968268244],[6.220250052797724,12.45018433533886],[6.28387114213956,12.422967678315729],[6.29002025213299,12.402973331853843],[6.381335086145384,12.38211443203545],[6.39742778686292,12.354554222299555],[6.444753915261003,12.367142051864278],[6.457061335312403,12.410106171562632],[6.500835034609224,12.446549929435719],[6.462769610229373,12.463665708805479],[6.448627665834181,12.495721481061537],[6.392443225174759,12.50220135990486],[6.41994923906617,12.567089245072623],[6.417276932384596,12.640002028171125],[6.531707897101796,12.652041449353476],[6.567407644946911,12.73901874701761],[6.499340873982192,12.760685455669318],[6.420998230783766,12.7181351751982],[6.375072142665317,12.723071314689491],[6.42089679535087,12.776512612666977],[6.488663057853898,12.787017436105828],[6.455534197445331,12.86821377924258],[6.437711041931095,12.86918963989001],[6.430342970152026,12.832113386123922],[6.40443587981207,12.83234512882467],[6.342226868175487,12.902407633005907],[6.422795105010152,12.926547697618219],[6.42068348065817,12.946961207293953],[6.370259033127923,12.954368807874232],[6.364534348281609,12.977383985182826],[6.455038796903011,12.997958266660703],[6.436381735129032,13.032980267425444],[6.219635663854831,13.015240503346604],[6.144388405300731,13.079048209207542],[6.046889104448667,13.031196431570095],[6.055399998711039,12.96669999970527],[6.043884559424953,12.93795398978483],[6.005788094045329,12.919101791314688],[6.009253555107534,12.879831672893431],[6.034077602699256,12.784066278436057],[6.099953303202426,12.77969962114065],[6.090904216856188,12.707018587038192],[6.105289197638399,12.672919841077828]]]}},{"type":"Feature","properties":{"state_code":"14","state_name":"ENUGU","lga_code":"01","lga_name":"ANINRI"},"geometry":{"type":"Polygon","coordinates":[[[7.534673691038051,6.174119154875143],[7.512700706572389,6.180854879149422],[7.499811713839563,6.137265984237843],[7.554334428591062,6.07826390555482],[7.512820649153696,6.021104436120879],[7.573160648345265,5.969135760906681],[7.704847812576531,5.929175854382208],[7.711205005906322,5.970952511049575],[7.675786018310134,6.01000451959294],[7.669428349238956,6.063587189197449],[7.637923659949024,6.093287616330485],[7.625207756133079,6.140847972256154],[7.555142554885037,6.128845879234007],[7.534673691038051,6.174119154875143]]]}},{"type":"Feature","properties":{"state_code":"11","state_name":"EBONYI","lga_code":"01","lga_name":"ABAKALIKI"},"geometry":{"type":"Polygon","coordinates":[[[8.03331156967323,6.203533923152065],[8.039839351804687,6.169347003161704],[8.071045988681476,6.176715869042198],[8.08452698892944,6.2048421372549],[8.128444892717653,6.181251169006316],[8.188290482419859,6.214777185318894],[8.219941798075581,6.182367852694313],[8.301601999832485,6.21757699967884],[8.317151999265377,6.209248999641659],[8.313161785587965,6.231158062994268],[8.340159412726791,6.261737908377825],[8.400745391786472,6.216616630752981],[8.416638373761998,6.273378372314085],[8.381139419348756,6.313737790067023],[8.320752999851095,6.317713000354729],[8.157978742025364,6.282174973096573],[8.170988425575445,6.326713274198312],[8.144287269841698,6.33324358162605],[8.13681256274964,6.357062415598023],[8.102299734745031,6.309614099910846],[8.075384522377874,6.320894222590368],[8.08285448015016,6.265898228820276],[8.03331156967323,6.203533923152065]]]}},{"type":"Feature","properties":{"state_code":"23","state_name":"KWARA","lga_code":"16","lga_name":"PATIGI"},"geometry":{"type":"Polygon","coordinates":[[[5.446378708011025,8.479719162109689],[5.513207436274229,8.538522719947593],[5.704662323307616,8.445839882204837],[6.077967643691863,8.3978557594358],[6.11131286569622,8.431200981440213],[6.12513923618684,8.555635452414265],[6.208536148424571,8.732375145596563],[6.149538039349068,8.72073555040538],[6.131645202564073,8.751641273226255],[6.084474086709804,8.760587692068384],[5.795752048018642,8.74188137082865],[5.728248118655813,8.819958687043822],[5.642038344693901,8.835411073162561],[5.548557480043712,8.912223611630395],[5.430492112121328,8.8486921226434],[5.423211786294928,8.829359821998253],[5.462146463888246,8.740009385224994],[5.413625715654291,8.686187744169104],[5.420673847320245,8.53361701980964],[5.446378708011025,8.479719162109689]]]}},{"type":"Feature","properties":{"state_code":"17","state_name":"JIGAWA","lga_code":"04","lga_name":"BIRNIWA"},"geometry":{"type":"Polygon","coordinates":[[[9.765183857948728,12.796216203814822],[9.862164720325609,12.665031601427302],[9.853067989696001,12.625286892775932],[9.890243682400069,12.620061409006894],[9.892957262567677,12.640401580768412],[9.970615760908686,12.629628399630974],[10.050851352008351,12.652636253760136],[10.084918487698076,12.687028563617389],[10.104536706204101,12.674168893279841],[10.188381075226516,12.69538705426919],[10.196481465847,12.719353574907586],[10.363870701771532,12.787414627083422],[10.362822863884105,12.805908977217598],[10.290516513426383,12.815451401960672],[10.30466274938641,12.861060255126745],[10.263975635767054,12.954846954923084],[10.2820115043275,12.979373909678259],[10.224334273607894,13.014821153973116],[10.098623263552838,12.985513558803746],[10.103655039648402,12.96629977621376],[10.088749543856409,12.983572616782908],[10.063749804709744,12.977751410399321],[10.05117222741643,12.952841703282047],[9.987998941098283,12.956416817781985],[9.943062360839349,12.911209778108798],[9.929673063561097,12.918537914593117],[9.91536691285279,12.863380631910672],[9.858193870850528,12.820207731901348],[9.78695638173167,12.81440605609464],[9.765183857948728,12.796216203814822]]]}},{"type":"Feature","properties":{"state_code":"34","state_name":"TARABA","lga_code":"13","lga_name":"USSA"},"geometry":{"type":"Polygon","coordinates":[[[10.100792137846952,6.967604517434609],[10.16499900779803,7.021110534223851],[10.213398933014389,7.093742846655118],[10.23487281802619,7.206675529152392],[10.160239500552564,7.285023363237656],[10.088027465595133,7.269353189198398],[10.073689637167092,7.247491518318952],[10.028634456115299,7.255937853848934],[9.995398520625258,7.217253207569513],[9.915112322875473,7.244169520706862],[9.893102308824552,7.210262201739283],[9.885071950210374,7.094421065879544],[9.827739774071347,7.097894314171299],[9.82266834416879,7.081613881775297],[9.896105495872007,7.051961294078524],[9.926093536087876,7.091609188912969],[9.94798457702666,7.085327411830633],[9.965631663270699,7.023191286648625],[10.061078800246491,6.997236105062257],[10.066135154813594,6.965113380977812],[10.100792137846952,6.967604517434609]]]}},{"type":"Feature","properties":{"state_code":"33","state_name":"SOKOTO","lga_code":"15","lga_name":"SILAME"},"geometry":{"type":"Polygon","coordinates":[[[4.775187554062427,12.854685830786536],[4.861245685240249,12.873658981776657],[4.912586514955763,12.934152275806923],[4.964109868375772,12.930994110389918],[4.982954943316031,13.02069935309271],[5.013007836342638,13.013644801166663],[5.016371457276989,13.079077410194373],[4.889528975082158,13.094368121591572],[4.885323693933401,13.12352116736804],[4.853788799113829,13.124390513211665],[4.745405237361865,13.105088219345873],[4.702156003796574,13.073203390224307],[4.731627658689547,13.052771055040182],[4.646215274015731,12.948615238602429],[4.688168464003468,12.938165021998202],[4.775187554062427,12.854685830786536]]]}},{"type":"Feature","properties":{"state_code":"19","state_name":"KANO","lga_code":"37","lga_name":"TAKAI"},"geometry":{"type":"Polygon","coordinates":[[[9.360311527055387,11.560817456060818],[9.327360637083757,11.57711134771057],[9.191736293095516,11.549821994889214],[9.168861996384067,11.573573415680642],[9.182117489830318,11.597510759613897],[9.16022859917058,11.652548015178809],[9.133570348293006,11.652862434353892],[9.077428394305002,11.613206421339328],[9.06300962059754,11.551823919937988],[9.03117178914681,11.556085920428927],[9.043352881430394,11.485618205116111],[9.027784859583676,11.455016665386836],[9.061357081264362,11.443932513974403],[9.047386170835182,11.42187002987805],[9.06049753713171,11.397044370701224],[9.113192557890272,11.362669944762217],[9.141530564284153,11.316368965255606],[9.174776019997353,11.306259581814288],[9.222237733784425,11.373755062945861],[9.23151869323317,11.449527157752186],[9.284237399436506,11.502553683905433],[9.330505706573149,11.516636082389311],[9.360311527055387,11.560817456060818]]]}},{"type":"Feature","properties":{"state_code":"37","state_name":"FCT","lga_code":"02","lga_name":"BWARI"},"geometry":{"type":"Polygon","coordinates":[[[7.58917264120447,9.100944410356306],[7.667605876709899,9.303650855802402],[7.724080473734944,9.329254915981664],[7.646955230199751,9.408684983425303],[7.542094113252745,9.387351140842497],[7.509100988419902,9.355031274573719],[7.378645291946725,9.336468363724066],[7.217917050231733,9.101082325888683],[7.249257240029635,9.102459501804617],[7.282378813231674,9.135622326908901],[7.343518237776493,9.143679754217317],[7.504759435699441,9.099728360575455],[7.504862301054402,9.112138216105848],[7.58917264120447,9.100944410356306]]]}},{"type":"Feature","properties":{"state_code":"23","state_name":"KWARA","lga_code":"03","lga_name":"EDU"},"geometry":{"type":"Polygon","coordinates":[[[5.413625715654291,8.686187744169104],[5.462146463888246,8.740009385224994],[5.430352388052313,8.784742028921528],[5.430492112121328,8.8486921226434],[5.548557480043712,8.912223611630395],[5.539562701957152,8.930567740808613],[5.37007761039348,8.996402739794632],[5.237801074559968,9.018788337711669],[5.159452914920109,9.10697269373486],[5.016323089039361,9.20533180222094],[4.876585005893332,9.161239624209315],[4.907820701664093,9.019520759075817],[4.863602712994862,8.90139395486716],[4.877979861581423,8.869885024374412],[4.960059642938234,8.852853774981781],[4.976099743208636,8.82138182910819],[5.051270484745146,8.81719875312001],[5.098534106663749,8.729305266624806],[5.237008571288584,8.660482406837673],[5.274322032935515,8.656336784015423],[5.338998795058387,8.709404945182143],[5.355652617874057,8.676795898312093],[5.413625715654291,8.686187744169104]]]}},{"type":"Feature","properties":{"state_code":"18","state_name":"KADUNA","lga_code":"07","lga_name":"JEMA'A"},"geometry":{"type":"Polygon","coordinates":[[[8.087242992769973,9.230739065555497],[8.130422622406172,9.215403137145131],[8.247042972255429,9.239350156884257],[8.266924923246677,9.28028956990778],[8.412779851409084,9.369376997250697],[8.447689716607158,9.434247485932758],[8.51594699905479,9.493405301113796],[8.577750939854013,9.499240867871777],[8.555676341889694,9.581567808107934],[8.498695856428697,9.575584384711647],[8.454134317744604,9.53262776086251],[8.412327105711427,9.550164794369834],[8.351265791782907,9.542735914930574],[8.31179944578787,9.61236500793882],[8.286899931586618,9.599866254424171],[8.280251627710527,9.568445744375651],[8.240929229000756,9.575400006605093],[8.244786750408252,9.531609363181587],[8.22708083411328,9.504993346265962],[8.164807854598848,9.551061679253166],[8.145826280558424,9.534468359227446],[8.151802482398693,9.50683628916346],[8.069830818437595,9.495449405265902],[8.074920042326141,9.459680929431386],[8.104741683681823,9.447723877155283],[8.044995006814133,9.393537291213079],[8.059090780015538,9.358254416907869],[8.030228899644044,9.36180508333797],[8.035813199419692,9.340703589599002],[8.008332775737074,9.323126826741714],[7.940571875891408,9.31417523589846],[8.060933895582878,9.265762078057492],[8.087242992769973,9.230739065555497]]]}},{"type":"Feature","properties":{"state_code":"17","state_name":"JIGAWA","lga_code":"09","lga_name":"GUMEL"},"geometry":{"type":"Polygon","coordinates":[[[9.475774586128296,12.592518009398646],[9.4984082971053,12.601365189851663],[9.498781129045938,12.622678447852138],[9.438911954623052,12.705804163231619],[9.316333935262946,12.6621985822988],[9.316876876666583,12.592892878303758],[9.356519382763338,12.558045542068157],[9.344295932411399,12.539735177936166],[9.431629696153607,12.55541424177386],[9.475774586128296,12.592518009398646]]]}},{"type":"Feature","properties":{"state_code":"33","state_name":"SOKOTO","lga_code":"01","lga_name":"BINJI"},"geometry":{"type":"Polygon","coordinates":[[[4.702156003796574,13.073203390224307],[4.745405237361865,13.105088219345873],[4.853788799113829,13.124390513211665],[4.885323693933401,13.12352116736804],[4.889528975082158,13.094368121591572],[4.985312008842186,13.084732233006207],[4.966096093959607,13.116460991981228],[5.070968035146734,13.172954402823507],[4.967237168160807,13.223123388033969],[4.941495641210906,13.2581353091972],[4.964799999120714,13.286499999375508],[4.95320579271322,13.296525697303139],[4.860202122729845,13.308895444868938],[4.854426044326544,13.33354205532163],[4.728071285161718,13.35089076989317],[4.695433539126554,13.254980104348363],[4.601362312720596,13.239664535689826],[4.497530336755688,13.15996189272721],[4.623046776687431,13.07011233311772],[4.702156003796574,13.073203390224307]]]}},{"type":"Feature","properties":{"state_code":"33","state_name":"SOKOTO","lga_code":"10","lga_name":"KWARE"},"geometry":{"type":"Polygon","coordinates":[[[5.540179514572969,12.981005427358639],[5.513896361028287,13.033971600908728],[5.478802829986648,13.036397866568336],[5.477890930022454,13.105274255802328],[5.388779819932779,13.078305483411384],[5.36132595592818,13.11296283606606],[5.326844590705321,13.118491222292107],[5.348227948161309,13.183221991401808],[5.336934850063301,13.226643285059595],[5.296131631269816,13.215800339014493],[5.317443420677364,13.26950407715151],[5.288824154910856,13.26527026231281],[5.286117066049826,13.331083114594094],[5.223611559625851,13.346368946269877],[5.167618259974745,13.336194376369406],[5.13471255913737,13.249599480331824],[5.17877895538453,13.237764875248843],[5.22619519675095,13.179084753858376],[5.27792141384225,13.1813284220691],[5.229389437572536,13.10678459073631],[5.267800000169927,13.061200000379756],[5.299300000394737,13.055399999110705],[5.292119394994131,13.030498007277288],[5.349799234647037,12.968673207602478],[5.398252505848518,12.998311312617034],[5.448343509045742,12.964149499899577],[5.540179514572969,12.981005427358639]]]}},{"type":"Feature","properties":{"state_code":"21","state_name":"KEBBI","lga_code":"07","lga_name":"BUNZA"},"geometry":{"type":"Polygon","coordinates":[[[3.994767849756499,11.999239452738607],[4.081292701197242,12.072366739433505],[4.105431454597976,12.073917793871146],[4.099247027328488,12.116421263730388],[4.132379581252735,12.137892770035364],[4.115095511748507,12.170357002673597],[4.159564003875744,12.250413850818632],[4.124862561058421,12.261294141211692],[4.096263581299297,12.218582388366599],[4.047025394406489,12.244122799927311],[4.004981453831078,12.215278442845886],[3.987171127145871,12.222092632968668],[3.976068583698236,12.24627998213549],[4.003148121088941,12.261042367011669],[4.00036441628481,12.307747225753928],[3.971988230972102,12.357396309292312],[4.008979372899773,12.404215654428981],[3.920314358920564,12.405790649718767],[3.879558686384314,12.426671619799436],[3.826438378028797,12.376841125017961],[3.834989891070677,12.33887637884186],[3.814310702776766,12.306719949965782],[3.832657010112996,12.285237864036219],[3.821481056805396,12.241234840315656],[3.782298260756193,12.217789492091413],[3.796761914231013,12.139321880000807],[3.764458617970888,12.099222750329716],[3.938672024694256,12.070574303361468],[3.994767849756499,11.999239452738607]]]}},{"type":"Feature","properties":{"state_code":"22","state_name":"KOGI","lga_code":"13","lga_name":"MOPA MORO"},"geometry":{"type":"Polygon","coordinates":[[[5.834894656962888,7.92397785169652],[5.907987594951578,7.999338149635946],[5.990944386174533,8.13515949191708],[6.071461200673923,8.162811279616903],[6.055195331899085,8.210796355667355],[6.07308769204343,8.227875709796194],[6.087030411424394,8.354029654844737],[5.962478638278583,8.313272475944075],[5.826222039415654,8.176192847222183],[5.759814451076124,8.00312453377029],[5.834894656962888,7.92397785169652]]]}},{"type":"Feature","properties":{"state_code":"33","state_name":"SOKOTO","lga_code":"16","lga_name":"SOKOTO NORTH"},"geometry":{"type":"Polygon","coordinates":[[[5.243588981746143,13.07979003298368],[5.191229461170735,13.075838697897666],[5.222962166370905,13.043268915428143],[5.227952674376468,13.065360347801857],[5.270627713298381,13.065155718761446],[5.257238144424889,13.08957351380667],[5.243588981746143,13.07979003298368]]]}},{"type":"Feature","properties":{"state_code":"20","state_name":"KATSINA","lga_code":"29","lga_name":"MUSAWA"},"geometry":{"type":"Polygon","coordinates":[[[7.494307688449112,12.08554528688552],[7.512878060074456,12.0321308993216],[7.540975683081342,12.048530795859563],[7.564337024733959,12.031132770560987],[7.536353290971647,12.01415868117823],[7.516565568246449,11.961768116905148],[7.57120648718967,11.962055647250395],[7.559134569005209,11.981361736255167],[7.594764206602918,11.957329994084034],[7.62023259056167,12.04220889732278],[7.649684647428558,12.057747567096612],[7.708342327136734,12.04212861844104],[7.728266185636016,12.060732470027517],[7.736855177924156,12.00888814677063],[7.865578500447498,12.021391929294168],[7.879790754739588,12.044340710555389],[7.854221736643865,12.155142348740469],[7.870784385291188,12.223729883827104],[7.830659669008583,12.266698070259793],[7.798873696064277,12.263999142746286],[7.778548221922961,12.246658674058608],[7.793378439963078,12.205856359083782],[7.671926977048429,12.165287571064596],[7.669199998780982,12.14640000135904],[7.574175767098041,12.133034662919385],[7.494307688449112,12.08554528688552]]]}},{"type":"Feature","properties":{"state_code":"10","state_name":"DELTA","lga_code":"06","lga_name":"ETHIOPE WEST"},"geometry":{"type":"Polygon","coordinates":[[[5.894185114951142,5.798591687056785],[5.921317100803606,5.877292156108183],[5.83331012706077,5.941052913760984],[5.812038897976834,5.983871936840444],[5.668930054178702,6.052030087018977],[5.657452105830089,6.033209801890905],[5.583425998910798,6.011096001579233],[5.567243705033036,5.959793461399158],[5.579268255026022,5.925531295133226],[5.610338737242955,5.913994663323081],[5.640660112973876,5.945772789682565],[5.69571330812272,5.891834821320003],[5.728018331081159,5.898490193867417],[5.721063234280905,5.863079344236382],[5.772345312186474,5.852814607408277],[5.778059808613307,5.811861810674088],[5.822189327375611,5.77214350791661],[5.894185114951142,5.798591687056785]]]}},{"type":"Feature","properties":{"state_code":"11","state_name":"EBONYI","lga_code":"08","lga_name":"ISHIELU"},"geometry":{"type":"MultiPolygon","coordinates":[[[[7.865128804350888,6.557200388287356],[7.836367533834675,6.537715050908901],[7.857985397608047,6.522865781630571],[7.854371388328957,6.489246460655693],[7.890422880811343,6.50328394609727],[7.945630229651442,6.481245693334131],[7.865128804350888,6.557200388287356]]],[[[7.733001708861821,6.226606369288561],[7.79642540510838,6.232376354785004],[7.791690937686667,6.199176912884298],[7.810317366753111,6.20082303555472],[7.817838269320703,6.222884144587624],[7.893371114785168,6.267365276686235],[7.902967652635084,6.282482727395973],[7.882746718386386,6.317384504091649],[7.919949131747103,6.348033188980537],[7.919820087127391,6.439390283035209],[7.868771609921907,6.453640862835584],[7.854877980034814,6.440016712101624],[7.798461895600042,6.472968735219013],[7.818224680124956,6.54199678162621],[7.794297431081645,6.552023649571822],[7.846200968400012,6.598260794300245],[7.831766604944903,6.638468741938937],[7.720029654744792,6.646857043317937],[7.688214926877436,6.629262079981061],[7.726122319689352,6.560058200825381],[7.749121666231986,6.447295665562592],[7.751392365365405,6.385539055183301],[7.708026408791795,6.29835319484414],[7.733001708861821,6.226606369288561]]]]}},{"type":"Feature","properties":{"state_code":"21","state_name":"KEBBI","lga_code":"16","lga_name":"SAKABA"},"geometry":{"type":"Polygon","coordinates":[[[5.333141327110582,11.35642910032277],[5.389159190844055,11.231079426174631],[5.41340085636449,11.12089657461729],[5.393826354802457,11.117807543683227],[5.388993313590618,11.037473873420595],[5.430632433340179,10.990583168878175],[5.500747952556026,10.97530029237464],[5.515066343936667,10.99359020772198],[5.556249047855317,10.9473666841252],[5.578291906945992,10.968852775635128],[5.679967797875634,10.975718497810476],[5.729028951424993,10.998357718034299],[5.800322574427298,11.0825317362507],[5.867935853257052,11.106908681390564],[5.794499847290183,11.135054641158831],[5.811513866571715,11.204735810309444],[5.758124109639994,11.205402938195107],[5.776760761300125,11.167647720565924],[5.717151651027905,11.16937977075986],[5.603481335595234,11.248063218342907],[5.484753781561835,11.254567603712019],[5.500290305553222,11.284230967085534],[5.472781285228166,11.303509848900433],[5.490355092913262,11.34894037369935],[5.418145122799217,11.37189291502608],[5.413778255062482,11.401884017433531],[5.344382689909253,11.390849834152561],[5.333141327110582,11.35642910032277]]]}},{"type":"Feature","properties":{"state_code":"18","state_name":"KADUNA","lga_code":"16","lga_name":"KUDAN"},"geometry":{"type":"Polygon","coordinates":[[[7.624737440380613,11.216336565580093],[7.724780840563369,11.198510396437712],[7.714239932726741,11.236403159977897],[7.746060928868815,11.244778795305194],[7.770331967146603,11.180083760756986],[7.835479061209753,11.156290178848735],[7.841269785971917,11.199344796425237],[7.809339865742231,11.216411336114334],[7.81378757983299,11.289842590962849],[7.877501257976746,11.286950161720654],[7.800465461012266,11.376739246419163],[7.788996544554948,11.359880111977645],[7.769377192903164,11.379124867218877],[7.720486177595092,11.369706341174776],[7.715667914942344,11.317955384633365],[7.618667561558766,11.277690311159006],[7.624737440380613,11.216336565580093]]]}},{"type":"Feature","properties":{"state_code":"18","state_name":"KADUNA","lga_code":"08","lga_name":"KACHIA"},"geometry":{"type":"Polygon","coordinates":[[[7.251372950900986,9.521033495999063],[7.2899797716492,9.514131783854793],[7.308733713789934,9.572855738201781],[7.431459620365217,9.591169356980288],[7.447984378776084,9.616203568939625],[7.512177926170409,9.587100785372968],[7.529709483705744,9.602281488999552],[7.567056609674864,9.577164375735379],[7.64800114533665,9.627124532970868],[7.734252787236414,9.60923639064697],[7.748640152121368,9.676511910196552],[7.815792147089951,9.647899540431467],[7.846914336727309,9.695358965443972],[7.900421540621664,9.674272041621464],[7.920609474247897,9.637229642833802],[7.957857681986468,9.633508298569154],[8.006608290640145,9.575599620126411],[8.07911160521644,9.581908074697935],[8.133387706977146,9.668889127031662],[8.070821159069283,9.732682053434075],[8.067696443935802,9.771599717652919],[8.023370843289854,9.783570935150578],[8.089907541000287,9.886449845583968],[8.042265948414808,9.949183012685921],[8.010843351039853,9.94940381513402],[8.029032505445798,10.036706896705994],[7.982611384607765,10.079614737730026],[7.998510954117307,10.118081543028836],[7.948952792037744,10.130594236934542],[7.894583117616833,10.067338938741102],[7.820333209010414,10.068795186648572],[7.797990077080442,10.051799625052695],[7.80197957309889,9.999869334702112],[7.748075301434085,9.978037581569197],[7.720520862647732,10.020213041698582],[7.690560248156999,10.004834010581192],[7.627317765302678,10.016741798894941],[7.619908794155549,10.044680866029182],[7.637307193572155,10.038455083435394],[7.618687159584795,10.094967350362992],[7.598341652145564,10.100205029838321],[7.556013962874147,10.172413146449571],[7.510552323331126,10.194684100590791],[7.445110139221583,10.184075505280418],[7.371927672823915,10.082268298942893],[7.254066943834459,10.039226532678413],[7.277795315001811,10.01643276216231],[7.291253566898661,9.800258636327044],[7.273589611171644,9.783435821905698],[7.223962307414581,9.787641525735864],[7.204740046915674,9.758296013350389],[7.276364999045541,9.689948173669336],[7.305647140703002,9.627715322803965],[7.233942260427,9.564821187847599],[7.251372950900986,9.521033495999063]]]}},{"type":"Feature","properties":{"state_code":"33","state_name":"SOKOTO","lga_code":"13","lga_name":"S/BIRNI"},"geometry":{"type":"Polygon","coordinates":[[[6.056517777773252,13.394157678733961],[6.099859256599473,13.355875413419653],[6.116300002143419,13.366900001833642],[6.160363377567876,13.337961843664175],[6.20993362923366,13.359340575007593],[6.21149616621517,13.30451823672729],[6.406403160277648,13.309302716347304],[6.416680359011423,13.291478747845986],[6.494005423811302,13.31984013121712],[6.55214517406057,13.308632868911843],[6.65305311321066,13.37092340858851],[6.495342785840933,13.568414243922291],[6.296361289142226,13.679041032317855],[6.155662935995736,13.644746247641251],[5.981809783294921,13.712673590413942],[5.938861338779816,13.648063654214297],[5.91169999905577,13.64730000119414],[5.888549715696854,13.619662370621938],[5.92399999880098,13.621599998641102],[5.915372910331598,13.565041318602027],[5.961867081300795,13.487707648189485],[6.01125201956512,13.468593770386235],[6.056517777773252,13.394157678733961]]]}},{"type":"Feature","properties":{"state_code":"14","state_name":"ENUGU","lga_code":"17","lga_name":"UZO-UWANI"},"geometry":{"type":"Polygon","coordinates":[[[7.202820903561872,6.902305179840198],[7.156210423272455,6.883088588667476],[7.055377959725092,6.786194801349041],[6.986094808928328,6.788585116609909],[6.97817802389676,6.850002767114063],[6.944765314967356,6.798650740839093],[6.929928002175586,6.786487314837757],[6.912057400228889,6.800670623550502],[6.860965587392002,6.753429071894175],[6.909815110678835,6.696418646203597],[6.990934848664381,6.713077545692215],[7.129078864597943,6.659475803265764],[7.10946846030123,6.593236445705429],[7.055431365964807,6.545300007689264],[7.049659251773107,6.474356650838786],[7.033069918442038,6.463728882881696],[7.138804040574087,6.519753059855873],[7.187877043590731,6.502828238932125],[7.235762537710968,6.573342129935384],[7.221506841667463,6.676611517907247],[7.29760332283513,6.67865427307629],[7.300120521644828,6.748686678747276],[7.276054917300655,6.770686307427184],[7.305664741334795,6.847416635269553],[7.202820903561872,6.902305179840198]]]}},{"type":"Feature","properties":{"state_code":"18","state_name":"KADUNA","lga_code":"06","lga_name":"JABA"},"geometry":{"type":"Polygon","coordinates":[[[8.164807854598848,9.551061679253166],[8.172524451442314,9.581972493136107],[8.116654774398341,9.624980529427944],[8.094377224629284,9.618581183974527],[8.07911160521644,9.581908074697935],[8.037783917094146,9.56783471260195],[8.006608290640145,9.575599620126411],[7.947850842842172,9.634933760884394],[7.927464179728133,9.614655013717936],[7.925682828699621,9.574508121952306],[7.944323420289663,9.559936804340111],[7.932716760969811,9.538222174413875],[7.955629619711203,9.460794756872588],[7.939079800792229,9.443212489265022],[7.959302908702341,9.39756577104356],[7.906537144573633,9.32974925172664],[7.940571875891408,9.31417523589846],[8.008332775737074,9.323126826741714],[8.035813199419692,9.340703589599002],[8.030228899644044,9.36180508333797],[8.059090780015538,9.358254416907869],[8.044995006814133,9.393537291213079],[8.104741683681823,9.447723877155283],[8.074920042326141,9.459680929431386],[8.069830818437595,9.495449405265902],[8.151802482398693,9.50683628916346],[8.145826280558424,9.534468359227446],[8.164807854598848,9.551061679253166]]]}},{"type":"Feature","properties":{"state_code":"03","state_name":"AKWA IBOM","lga_code":"09","lga_name":"IBESIKPO ASUTAN"},"geometry":{"type":"Polygon","coordinates":[[[7.976127697135553,4.837925561315672],[8.029824452036905,4.856946880893872],[8.007807872035698,4.868788640083721],[8.007775696091528,4.934296461212739],[7.934032195729287,5.001345688852496],[7.897853149703167,5.008300757773782],[7.891598179612345,4.974067448953633],[7.938719345321601,4.848686367781681],[7.926051021037836,4.82213143192007],[7.954298470198296,4.778195988653977],[7.954668817312097,4.827842015396755],[7.976127697135553,4.837925561315672]]]}},{"type":"Feature","properties":{"state_code":"33","state_name":"SOKOTO","lga_code":"17","lga_name":"SOKOTO SOUTH"},"geometry":{"type":"Polygon","coordinates":[[[5.270627713298381,13.065155718761446],[5.227952674376468,13.065360347801857],[5.247400000109963,13.005600002138465],[5.292119394994131,13.030498007277288],[5.299300000394737,13.055399999110705],[5.270627713298381,13.065155718761446]]]}},{"type":"Feature","properties":{"state_code":"33","state_name":"SOKOTO","lga_code":"23","lga_name":"YABO"},"geometry":{"type":"Polygon","coordinates":[[[4.750326259249505,12.750909215288118],[4.880250274730429,12.720420614220018],[4.867599999840195,12.629000001049235],[4.934138315430971,12.645976392696411],[4.956814703735631,12.608209037816891],[4.960717871132886,12.636239100154398],[5.004138698042539,12.672146200187058],[5.041277070680337,12.665734721080582],[5.043152188622628,12.688247344639308],[5.101658125721997,12.670086541360831],[5.079132380155272,12.709042477128662],[5.095037681044175,12.752335725313515],[5.054432492065928,12.78526759372454],[5.058554137163753,12.834530139654248],[5.102722607362466,12.857410799069157],[5.057934580716392,12.933655312242934],[4.912586514955763,12.934152275806923],[4.861245685240249,12.873658981776657],[4.775187554062427,12.854685830786536],[4.806305366699348,12.804185508354578],[4.770250369558937,12.789276137383865],[4.750326259249505,12.750909215288118]]]}},{"type":"Feature","properties":{"state_code":"08","state_name":"BORNO","lga_code":"07","lga_name":"DAMBOA"},"geometry":{"type":"Polygon","coordinates":[[[12.452495774660349,10.737719608373254],[12.546526900296271,10.81060771407482],[12.588323761132699,10.757400881945216],[12.666299551982775,10.782297099231812],[12.615608771127938,10.8324689128101],[12.660401074050355,10.915549430961505],[12.676931215802995,11.016768862892775],[12.729229017705052,11.00175101120027],[12.750865355351891,10.974089616942308],[12.828282768834754,10.963549805379273],[13.087201066276236,10.940188523981249],[13.099331603170981,10.970357095003976],[13.14697556457071,10.963463299591638],[13.160694072173726,10.959238787340212],[13.150560959220968,10.861061360793201],[13.20864504683152,10.860854773029416],[13.236680174150763,10.897906404257185],[13.32789887513303,10.865230791367992],[13.313893044928136,10.91379561717406],[13.219006420310109,10.943570503675858],[13.143125115431758,11.124544417291077],[13.216711997061054,11.172935592103954],[13.192118280234467,11.320679388842791],[13.100356352763527,11.339973755184701],[12.903571801797284,11.274512480266822],[12.82925261301773,11.357616034552393],[12.80610348079108,11.306901897404714],[12.750569275151975,11.301126674256636],[12.634872862692532,11.212406120845856],[12.540309581222232,11.20038387131865],[12.46726855390068,11.266432998883829],[12.490392424171091,11.324856914215275],[12.440747201422255,11.389787970438533],[12.248463190723726,11.34023440209603],[12.201899530039327,11.356550218317977],[12.186900138730493,11.301859856447265],[12.103222487827622,11.247841789067365],[12.120513884108504,11.140180264207856],[12.314477089146408,11.021992586688555],[12.436635847266587,10.83240834077236],[12.452495774660349,10.737719608373254]]]}},{"type":"Feature","properties":{"state_code":"20","state_name":"KATSINA","lga_code":"28","lga_name":"MATAZU"},"geometry":{"type":"Polygon","coordinates":[[[7.798873696064277,12.263999142746286],[7.772817147393482,12.3031369969749],[7.716920791961002,12.303041310008496],[7.652054228819679,12.344335725913083],[7.515725927909273,12.366645605410383],[7.5451138945906,12.271217764288451],[7.525212049696393,12.107424116829577],[7.669199998780982,12.14640000135904],[7.671926977048429,12.165287571064596],[7.793378439963078,12.205856359083782],[7.778548221922961,12.246658674058608],[7.798873696064277,12.263999142746286]]]}},{"type":"Feature","properties":{"state_code":"20","state_name":"KATSINA","lga_code":"33","lga_name":"SANDAMU"},"geometry":{"type":"Polygon","coordinates":[[[8.242117851257888,12.826141564881368],[8.337479200105065,12.836011287990573],[8.435351537043857,12.815188293604933],[8.502112606611547,12.833821830013505],[8.464177660370751,12.844543731807846],[8.447759520185741,12.899573627321104],[8.470316390389144,12.926277514295919],[8.413448322881834,13.037952296161563],[8.355731367308806,13.011232331107237],[8.343169376165804,12.920509617924552],[8.264028274385396,12.90069040273994],[8.242117851257888,12.826141564881368]]]}},{"type":"Feature","properties":{"state_code":"20","state_name":"KATSINA","lga_code":"27","lga_name":"MASHI"},"geometry":{"type":"Polygon","coordinates":[[[7.863870474742669,13.090139304285515],[7.905493840168617,13.005598052408232],[7.898676100421767,12.978253912887794],[7.93529191658871,12.967555601210051],[7.954746001626745,12.91397653968562],[7.977603686061286,12.932302432411348],[8.038356543319878,12.915737545351476],[8.063923007340975,12.939614783995125],[8.048314095119451,13.003299714410332],[8.1609624866295,13.038451708579544],[8.154727440119302,13.076043608425834],[8.114961983209014,13.113326477834732],[8.120672688993466,13.164008996617952],[8.062040113860235,13.316795177855226],[7.819701154684594,13.352274842709846],[7.818427165181561,13.28619770216227],[7.847963325746946,13.28019331107248],[7.861153371031321,13.240140241978622],[7.944325464448696,13.24029862967808],[7.94212836313352,13.182483067939302],[7.863870474742669,13.090139304285515]]]}},{"type":"Feature","properties":{"state_code":"20","state_name":"KATSINA","lga_code":"09","lga_name":"DAN MUSA"},"geometry":{"type":"Polygon","coordinates":[[[7.525212049696393,12.107424116829577],[7.542154782417299,12.268546883032286],[7.443146211428541,12.25757413873555],[7.42052716929345,12.27657847371762],[7.39981319971946,12.26357112480764],[7.386575225066622,12.303595631433268],[7.34824204733269,12.321110689107059],[7.295460619711889,12.313331941915635],[7.264060046733846,12.3475438342806],[7.196797888411879,12.338112155651515],[7.17162426085099,12.451378575660783],[7.065900001583827,12.431699999155683],[7.093265967650325,12.28256746211872],[7.150427942595513,12.231585999694175],[7.156845295174264,12.185125079358954],[7.117235417380641,12.093964401735775],[7.136398515079463,12.085571253010983],[7.130271576072403,12.068389018238634],[7.253682493552276,12.101880702032815],[7.279641845294975,12.153636066151591],[7.318662928851154,12.152946391362946],[7.358710486000177,12.117830091285725],[7.434383598724139,12.142441013941664],[7.463115188914912,12.097121818017513],[7.494307688449112,12.08554528688552],[7.525212049696393,12.107424116829577]]]}},{"type":"Feature","properties":{"state_code":"19","state_name":"KANO","lga_code":"27","lga_name":"KURA"},"geometry":{"type":"Polygon","coordinates":[[[8.471509887871093,11.717197636661638],[8.529772088011498,11.772996167439203],[8.567388638275077,11.78161323116575],[8.58476580289954,11.744479323661892],[8.618341819719262,11.752410627348638],[8.60370145575763,11.799631118681248],[8.523447013968564,11.820893749347078],[8.509678722595027,11.846092012036763],[8.440392720947386,11.845605714432224],[8.37899063500987,11.757653396087392],[8.422879800962107,11.747692229013182],[8.425907605151906,11.724627246350394],[8.462958254320029,11.737034147607858],[8.471509887871093,11.717197636661638]]]}},{"type":"Feature","properties":{"state_code":"18","state_name":"KADUNA","lga_code":"17","lga_name":"LERE"},"geometry":{"type":"Polygon","coordinates":[[[8.818318428852479,10.380446247596296],[8.749219530257164,10.44069800081212],[8.776749334813985,10.47946860429272],[8.783176767893565,10.596968705141705],[8.711128244972599,10.543358511785925],[8.643929963696905,10.63047962093782],[8.522645557946191,10.637551079218952],[8.481234260752558,10.715861896309491],[8.414138882603424,10.73658025817241],[8.369487424305248,10.706945733358964],[8.370898431817238,10.673696799967388],[8.336876109345042,10.657397294749387],[8.334372305037903,10.626357949759608],[8.363784870875122,10.58798079607692],[8.345084977090096,10.577090769623396],[8.366633585871341,10.573375708921901],[8.392058489407816,10.494104357430217],[8.42179766562981,10.4682291966202],[8.421671881052532,10.435446547320339],[8.407109146569894,10.403067306910714],[8.36302052357837,10.393939004681386],[8.33045208829327,10.353879670910146],[8.327987702170788,10.246044279220143],[8.395889937670518,10.29442260092236],[8.424289951420178,10.209245258561907],[8.415336616791478,10.188561097017043],[8.439529932060736,10.176066507363487],[8.450046097749237,10.141505927156857],[8.486242437738383,10.130754604041783],[8.50090140057921,10.092172843801734],[8.451285549688407,10.044928575293568],[8.45527474623259,10.017792851858701],[8.434238179048748,9.99397275883581],[8.476863763352071,9.98511200941175],[8.487828938055088,10.01854135040304],[8.538451388420867,10.032331952157904],[8.610724678900851,10.00124625521056],[8.679643830898101,10.011051521210788],[8.686072779335348,10.211230412153839],[8.734277066033826,10.275103278393658],[8.799274878932579,10.302921225734053],[8.818318428852479,10.380446247596296]]]}},{"type":"Feature","properties":{"state_code":"20","state_name":"KATSINA","lga_code":"34","lga_name":"ZANGO"},"geometry":{"type":"Polygon","coordinates":[[[8.502112606611547,12.833821830013505],[8.552150601968776,12.831819272741313],[8.553063272651968,12.866101552344787],[8.593395274572288,12.862592027200321],[8.625902089210115,12.882827200415022],[8.714584352186137,12.845388042324316],[8.707874155168156,12.930005760857227],[8.663610457556615,12.943332672165127],[8.614999770822806,13.021944046280737],[8.541942596173897,13.074998855213039],[8.434368199432924,13.081879917124525],[8.413448322881834,13.037952296161563],[8.470316390389144,12.926277514295919],[8.447387244026118,12.89123381468886],[8.464177660370751,12.844543731807846],[8.502112606611547,12.833821830013505]]]}},{"type":"Feature","properties":{"state_code":"33","state_name":"SOKOTO","lga_code":"22","lga_name":"WURNO"},"geometry":{"type":"Polygon","coordinates":[[[5.36132595592818,13.11296283606606],[5.468018659133861,13.164987671244091],[5.516483510006026,13.152031018916432],[5.509056081173242,13.173819090178938],[5.634325980959318,13.256630898996832],[5.860999499227546,13.22064118004647],[5.851601116198594,13.29114228179094],[5.804537248095585,13.310159046303],[5.712144717804506,13.289083274973223],[5.609235070342265,13.301843188912073],[5.589877257729313,13.28721002132545],[5.53850560285133,13.317541947003292],[5.523541084553472,13.306206103229158],[5.485311565376492,13.377247041917485],[5.429489684601322,13.31002021076415],[5.39432188035056,13.309821111655026],[5.336978689315117,13.244515503987373],[5.348227948161309,13.183221991401808],[5.326844590705321,13.118491222292107],[5.36132595592818,13.11296283606606]]]}},{"type":"Feature","properties":{"state_code":"33","state_name":"SOKOTO","lga_code":"06","lga_name":"GUDU"},"geometry":{"type":"Polygon","coordinates":[[[4.728071285161718,13.35089076989317],[4.76109126375087,13.446748378135169],[4.763767667743707,13.516280776936355],[4.727428331952012,13.518529284398994],[4.723160314097242,13.542936848756597],[4.758551591782577,13.595122852337795],[4.704315069185157,13.650782438758597],[4.807890041392341,13.711815667758913],[4.801356069227268,13.768725558237975],[4.708388808296888,13.758525131030012],[4.394354468384051,13.653460349115846],[4.232408444793919,13.499422486058961],[4.126472938375457,13.468159089370545],[4.126404704113838,13.249674072800246],[4.300238917991692,13.25961456895726],[4.374447310295182,13.201090244319346],[4.497530336755688,13.15996189272721],[4.601362312720596,13.239664535689826],[4.695433539126554,13.254980104348363],[4.728071285161718,13.35089076989317]]]}},{"type":"Feature","properties":{"state_code":"17","state_name":"JIGAWA","lga_code":"12","lga_name":"GWIWA"},"geometry":{"type":"Polygon","coordinates":[[[8.242117851257888,12.826141564881368],[8.127836427609111,12.80111341974856],[8.152304576594986,12.796827571035635],[8.181963563867441,12.7503263619721],[8.185127751144876,12.732469972910962],[8.144535414377913,12.721262380554492],[8.153890102046603,12.690600001688779],[8.208299997746735,12.678699999705259],[8.25231878028751,12.693652369960944],[8.261517079449732,12.67299525642602],[8.283726334702635,12.672614141729298],[8.282860843353262,12.650985029235756],[8.329715595698246,12.643995697043806],[8.402709187379116,12.705925830712545],[8.398377832970652,12.825942683408186],[8.242117851257888,12.826141564881368]]]}},{"type":"Feature","properties":{"state_code":"21","state_name":"KEBBI","lga_code":"06","lga_name":"BIRNIN KEBBI"},"geometry":{"type":"Polygon","coordinates":[[[4.474911834213799,12.40641877580589],[4.487293192926586,12.41085223834017],[4.455486756808455,12.444629253637174],[4.471013203896291,12.450882783913414],[4.448251558063021,12.493527378985391],[4.447369708944962,12.559355478372652],[4.402677593196415,12.569894841174005],[4.367707351113438,12.532523643051718],[4.359120683572712,12.589080708807728],[4.287332303942719,12.57968405517505],[4.288181845815586,12.546314269987647],[4.259421226408506,12.546885564317392],[4.173459675223853,12.655769543030033],[4.087972814993464,12.57378215442293],[4.050208551983133,12.564809324290934],[4.087972978670052,12.48468570238333],[4.042965665832867,12.44617382756013],[4.08553497505909,12.41562228474072],[4.105681764701728,12.37113461007425],[4.135217460317563,12.399646984221022],[4.171049958888545,12.398532624381176],[4.169842553391163,12.378551619361815],[4.198777965930446,12.395187864928062],[4.200964447151591,12.356930824697827],[4.227584575767594,12.356466477745812],[4.235507972614869,12.332014521952658],[4.317738070255814,12.327263526790375],[4.403997315923448,12.352486106248875],[4.392084492305514,12.410942598622057],[4.474911834213799,12.40641877580589]]]}},{"type":"Feature","properties":{"state_code":"21","state_name":"KEBBI","lga_code":"18","lga_name":"SURU"},"geometry":{"type":"Polygon","coordinates":[[[3.994767849756499,11.999239452738607],[3.969051603648666,11.981111510687697],[3.959666678974088,11.881330685562716],[3.969313339638973,11.837033326327003],[4.014709161398741,11.786100200663782],[4.016476593619927,11.731404798992344],[3.989645937310229,11.716827973032593],[3.962161097956368,11.617484264287441],[3.943888060185884,11.64120623857707],[3.886952148722742,11.640207902073087],[3.836967835697124,11.618829496284263],[3.835634990962092,11.5899548680228],[3.805793058203108,11.57352721390987],[3.989263925090142,11.500525648839698],[4.015665277430685,11.561596331905264],[4.05900829139955,11.5815032525731],[4.067967216214129,11.609529568334949],[4.107762068364821,11.616544075248896],[4.10443312888583,11.648318576441227],[4.144393187395735,11.661532184862494],[4.184018287114327,11.64217715205399],[4.208689441864294,11.673602015720519],[4.214572015286308,11.657680529732716],[4.25503898566069,11.662002512306174],[4.25665520767177,11.68746674589363],[4.300648202152843,11.73294980728781],[4.277194842767813,11.798598669992657],[4.312083638649028,11.848357299050178],[4.277662277991794,11.920146280326605],[4.23683482516708,11.926125938261464],[4.201231604255156,12.04833284158741],[4.165885577757251,12.05184965933438],[4.151580458571345,12.07414870919564],[4.081292701197242,12.072366739433505],[3.994767849756499,11.999239452738607]]]}},{"type":"Feature","properties":{"state_code":"02","state_name":"ADAMAWA","lga_code":"16","lga_name":"NUMAN"},"geometry":{"type":"Polygon","coordinates":[[[11.639609317815825,9.306711252322486],[11.633590818161792,9.347332539165393],[11.715707556258735,9.327161241198382],[11.827824419661283,9.389135036952439],[11.833047552602523,9.42715581718727],[11.862025819635903,9.446525985585822],[11.939876861028381,9.406245546294997],[11.98869446287921,9.430398337213546],[12.027958600808802,9.427460305148998],[12.070938796788084,9.626094134736604],[12.015015800738638,9.63209215412968],[12.014845908911639,9.611971023943624],[11.959984427639256,9.597783437155954],[11.978977575954389,9.551955427301152],[11.961496439808911,9.505911358022786],[11.907697747653003,9.50113684918631],[11.873732729082235,9.520763742552731],[11.71449523506709,9.497713557334862],[11.523993202224574,9.396087665113726],[11.53069396355562,9.326079954826128],[11.599039086384778,9.301582478049],[11.639609317815825,9.306711252322486]]]}},{"type":"Feature","properties":{"state_code":"08","state_name":"BORNO","lga_code":"05","lga_name":"BIU"},"geometry":{"type":"Polygon","coordinates":[[[12.153060364244482,11.119552443390603],[12.167662656306618,11.080167558885762],[12.15025789868315,11.04759278517895],[12.04253903484863,11.049259288285555],[11.946750680699381,10.952151474910693],[11.907947829328918,10.93930953200936],[11.899573611333153,10.96889139432244],[11.854852550005205,10.934976253051673],[11.783325952230939,10.936618080560038],[11.722138112683808,10.89603042476432],[11.640248962419719,10.875703878631157],[11.63380878055085,10.833141203703633],[11.749676718905505,10.81501179935509],[11.76392875830561,10.738186620016563],[11.817231649720895,10.724715423278212],[11.904387707426793,10.576836624810426],[11.979718870029899,10.581935573967598],[11.992090304723831,10.64555988198299],[12.073025661904808,10.66642764821745],[12.099601550171428,10.595943805362367],[12.188878876558931,10.58338082766312],[12.207922079340563,10.542327637810274],[12.224845848057498,10.538154764630747],[12.26060836498408,10.623935088033932],[12.315239342821485,10.659752034628752],[12.332706778694956,10.596229571237757],[12.370442049361145,10.574113288797264],[12.437593348254495,10.574528074111356],[12.438510035309946,10.617504067558741],[12.464738218693867,10.639350930201317],[12.406818457905558,10.686498024264438],[12.452495774660349,10.737719608373254],[12.436635847266587,10.83240834077236],[12.314477089146408,11.021992586688555],[12.153060364244482,11.119552443390603]]]}},{"type":"Feature","properties":{"state_code":"18","state_name":"KADUNA","lga_code":"10","lga_name":"KADUNA SOUTH"},"geometry":{"type":"Polygon","coordinates":[[[7.378020022106398,10.490143011990483],[7.403985198757937,10.474929346412239],[7.404803778771395,10.435273933245469],[7.432329677572625,10.444451908628707],[7.440771322238788,10.487996150402068],[7.418520420281197,10.502191768135617],[7.427000966021808,10.549973926555538],[7.411839036642277,10.560461529775807],[7.378020022106398,10.490143011990483]]]}},{"type":"Feature","properties":{"state_code":"08","state_name":"BORNO","lga_code":"08","lga_name":"DIKWA"},"geometry":{"type":"Polygon","coordinates":[[[13.786353631914608,11.749324394205473],[13.92139978467236,11.743656445788417],[14.066740309617671,11.780199198334401],[14.264987808440651,11.786492249317917],[14.315946769827633,12.090886893815139],[14.279179516821273,12.099813246084466],[14.279308620796257,12.075929947808902],[14.200001258651241,12.023701992652889],[14.101026100174408,12.023641685015775],[14.071337003599865,12.036980481763862],[14.030307937161638,12.104034504588753],[14.056641605625657,12.13371319600725],[14.045756655845025,12.145689357977517],[13.956280905739277,12.166422814960981],[13.965236589397136,12.126443572113203],[13.952629719386096,12.111878897792963],[13.917422595876133,12.131764320167292],[13.85968233437228,12.01877569084553],[13.85210665769614,11.901589242949228],[13.786353631914608,11.749324394205473]]]}},{"type":"Feature","properties":{"state_code":"18","state_name":"KADUNA","lga_code":"23","lga_name":"ZARIA"},"geometry":{"type":"Polygon","coordinates":[[[7.791879996764465,10.92260470414385],[7.817452429586012,10.960659337558411],[7.799519778914714,11.010739672098225],[7.820177275560866,11.035345051333081],[7.772683975784901,11.136956351154708],[7.74103213132787,11.120181936447239],[7.740769508605979,11.084135831803223],[7.645653194439433,11.130755383554174],[7.640474298250297,11.073757076228162],[7.600598680684641,11.084378333992959],[7.59983127569285,11.06769647930912],[7.516954123933715,11.062847180153312],[7.500312977961585,11.043514872313551],[7.523109727032306,10.970596141099065],[7.596888075224513,11.006667481619047],[7.642323445570582,10.968678208232745],[7.668397074165682,10.999864929622845],[7.730140318820702,10.96195647111432],[7.767198905405223,10.967815438231924],[7.764933091389082,10.943421805272123],[7.791879996764465,10.92260470414385]]]}},{"type":"Feature","properties":{"state_code":"21","state_name":"KEBBI","lga_code":"12","lga_name":"KALGO"},"geometry":{"type":"Polygon","coordinates":[[[4.159564003875744,12.250413850818632],[4.184108454041962,12.28496030357519],[4.244452840126542,12.306892968735553],[4.227584575767594,12.356466477745812],[4.200964447151591,12.356930824697827],[4.198777965930446,12.395187864928062],[4.169842553391163,12.378551619361815],[4.171049958888545,12.398532624381176],[4.135217460317563,12.399646984221022],[4.105681764701728,12.37113461007425],[4.08553497505909,12.41562228474072],[4.042965665832867,12.44617382756013],[4.087972978670052,12.48468570238333],[4.069559021631619,12.535748183831686],[4.054043037256406,12.55620586910561],[4.003587673732227,12.549010493239734],[3.985346462968948,12.468131749280872],[3.879558686384314,12.426671619799436],[3.920314358920564,12.405790649718767],[4.008979372899773,12.404215654428981],[3.971988230972102,12.357396309292312],[4.00036441628481,12.307747225753928],[4.003148121088941,12.261042367011669],[3.976068583698236,12.24627998213549],[3.985221572317755,12.224191757643553],[4.004981453831078,12.215278442845886],[4.047025394406489,12.244122799927311],[4.096263581299297,12.218582388366599],[4.124862561058421,12.261294141211692],[4.159564003875744,12.250413850818632]]]}},{"type":"Feature","properties":{"state_code":"17","state_name":"JIGAWA","lga_code":"27","lga_name":"YANKWASHI"},"geometry":{"type":"Polygon","coordinates":[[[8.398377832970652,12.825942683408186],[8.402709187379116,12.705925830712545],[8.464949903715137,12.71904534126952],[8.497525946365386,12.749040865643508],[8.546410427199532,12.713437902836972],[8.55395801535019,12.676443909159104],[8.524135714791441,12.675447956757864],[8.537871376063208,12.646510045901948],[8.585291384689697,12.667315391991792],[8.594768642758709,12.695545768422505],[8.623384186231249,12.685062904629376],[8.668633008406687,12.719465191565405],[8.60382689499528,12.737272796002799],[8.589058318286789,12.808618953801727],[8.563190272912834,12.83413875020318],[8.435351537043857,12.815188293604933],[8.398377832970652,12.825942683408186]]]}},{"type":"Feature","properties":{"state_code":"18","state_name":"KADUNA","lga_code":"13","lga_name":"KAURA"},"geometry":{"type":"Polygon","coordinates":[[[8.555676341889694,9.581567808107934],[8.580059611062268,9.67273440237085],[8.599026454207547,9.67872672815605],[8.598860068837155,9.727923997694404],[8.52831692558567,9.755057586138719],[8.528481186757404,9.736905730215312],[8.501078106569423,9.740898151728345],[8.477909616435682,9.688860121697303],[8.401199613271558,9.704065002697746],[8.378685099337929,9.726526204820573],[8.352034088902144,9.706970564739834],[8.36801889255787,9.679232516767286],[8.329881034082518,9.648972836327403],[8.338496729940175,9.625236093371086],[8.31179944578787,9.61236500793882],[8.351265791782907,9.542735914930574],[8.412327105711427,9.550164794369834],[8.454134317744604,9.53262776086251],[8.498695856428697,9.575584384711647],[8.555676341889694,9.581567808107934]]]}},{"type":"Feature","properties":{"state_code":"02","state_name":"ADAMAWA","lga_code":"09","lga_name":"LAMURDE"},"geometry":{"type":"Polygon","coordinates":[[[11.523993202224574,9.396087665113726],[11.71449523506709,9.497713557334862],[11.873732729082235,9.520763742552731],[11.907697747653003,9.50113684918631],[11.961496439808911,9.505911358022786],[11.978896794351613,9.553957286699472],[11.900791653112378,9.670933262660014],[11.87110550361615,9.676379102813371],[11.835301321099166,9.636288885423767],[11.824527739763425,9.695915222209806],[11.756587981849918,9.718674660207455],[11.634469729194677,9.627462758099853],[11.613612785401756,9.656329749318502],[11.5629872143885,9.605118869839998],[11.48427867931764,9.604154587064613],[11.444465636579935,9.576152802110187],[11.429598808038634,9.549625397194347],[11.440220056810233,9.493780855302305],[11.484306335269196,9.464138030645643],[11.523993202224574,9.396087665113726]]]}},{"type":"Feature","properties":{"state_code":"08","state_name":"BORNO","lga_code":"24","lga_name":"MONGUNO"},"geometry":{"type":"Polygon","coordinates":[[[13.470253626603608,12.256980235449532],[13.44143005735134,12.29328208300177],[13.478810505000865,12.323496640857343],[13.674871733044085,12.345417154378197],[13.670290527186125,12.369086717977723],[13.716063996756077,12.419573471438582],[13.773974321857509,12.548046293201935],[13.889973045919362,12.648578520782166],[14.152536031212946,12.770274595696094],[14.115743208682204,12.93628172741984],[13.884817247917681,12.712839349156695],[13.835421612217658,12.746267272816453],[13.682839715580485,12.736696800916661],[13.655539321782328,12.692858071642718],[13.565082027313736,12.726870285735174],[13.553352774211191,12.68484998473906],[13.49283619763247,12.6555466037928],[13.494491524864031,12.607396995874694],[13.469559975012885,12.610540472664752],[13.428812642789296,12.551940244346838],[13.347097788332292,12.518723116378794],[13.367126205609964,12.394617360203085],[13.286894326012373,12.373216347256687],[13.309721113338753,12.319450977680503],[13.250580914077943,12.293023818394545],[13.271433094162035,12.251817504574205],[13.359097887557539,12.257840052976121],[13.402521548230936,12.218881374276066],[13.470253626603608,12.256980235449532]]]}},{"type":"Feature","properties":{"state_code":"14","state_name":"ENUGU","lga_code":"03","lga_name":"ENUGU EAST"},"geometry":{"type":"Polygon","coordinates":[[[7.592635812592732,6.431551995328391],[7.605646062715664,6.477752848814987],[7.658065017686454,6.524933883292135],[7.633762018402479,6.567482435266243],[7.646333242884907,6.569896646413156],[7.589194222235619,6.562308397214792],[7.495356318639267,6.639608057066255],[7.426374831933003,6.612718406129602],[7.415371207615181,6.508722049383096],[7.450514285905626,6.500098776737218],[7.441751544598162,6.476243064266043],[7.510571443817128,6.476737455769012],[7.592635812592732,6.431551995328391]]]}},{"type":"Feature","properties":{"state_code":"08","state_name":"BORNO","lga_code":"25","lga_name":"NGALA"},"geometry":{"type":"Polygon","coordinates":[[[14.315946769827633,12.090886893815139],[14.397283266009993,12.134821455745623],[14.42692116957636,12.206042405432697],[14.376530282046929,12.241381729283432],[14.396234586357139,12.269815827338618],[14.381970606658228,12.289057623810322],[14.322662349288066,12.31288435203129],[14.320981365297826,12.371143666247235],[14.228313491374593,12.362349277796966],[14.175785593430419,12.409514716231229],[14.196998508674312,12.448973266003463],[14.182259989107251,12.446986266103352],[14.176120722193616,12.47912068227373],[14.200139053674434,12.501458447949062],[14.20327642676574,12.538118868690901],[14.172492184366888,12.678273151784595],[14.045018218915743,12.611129968373405],[14.032293683406806,12.470490942602964],[13.980761380833087,12.426122711394044],[13.947047655325093,12.352379048254534],[13.992333737312151,12.338873073833327],[13.994745645295325,12.235182302221517],[13.939978189042222,12.193395031755358],[13.9723763880599,12.155357162603025],[14.045756655845025,12.145689357977517],[14.056641605625657,12.13371319600725],[14.030307937161638,12.104034504588753],[14.071337003599865,12.036980481763862],[14.101026100174408,12.023641685015775],[14.200001258651241,12.023701992652889],[14.279308620796257,12.075929947808902],[14.279179516821273,12.099813246084466],[14.315946769827633,12.090886893815139]]]}},{"type":"Feature","properties":{"state_code":"08","state_name":"BORNO","lga_code":"09","lga_name":"GUBIO"},"geometry":{"type":"Polygon","coordinates":[[[12.418808687071305,12.524414570376166],[12.464222322602154,12.539649448263503],[12.467139350100979,12.511501001869817],[12.54683032705799,12.518272252962163],[12.575286188706684,12.438767011188645],[12.602540262922844,12.444923100820517],[12.633438628390024,12.416489893993457],[12.753208952631098,12.412645365990898],[12.869766481238173,12.30814059461278],[12.873398700889368,12.387556564284068],[12.902646122420663,12.44475851139623],[12.883156384659458,12.46088863020617],[12.930335810249517,12.480614750270547],[12.908231024742065,12.497163477412585],[12.944059022206147,12.516030895109793],[12.999932056419311,12.604317503150298],[13.020431931588405,12.610116230079996],[13.082800186179725,12.792612069991094],[12.964255528170156,12.80607351717913],[12.88519900762816,12.900074443580763],[12.89332763516228,12.931487758153537],[12.867800851927825,13.022371966193361],[12.82476645380882,13.034964591842481],[12.737309331860217,12.89818937463997],[12.532043012974725,12.745150591826416],[12.536318789280756,12.721070244895941],[12.49920212178057,12.709766915210992],[12.500896295227903,12.674995414306977],[12.464610142644005,12.61369227897552],[12.427527108889024,12.60246847543982],[12.443757995834915,12.561075412900038],[12.418808687071305,12.524414570376166]]]}},{"type":"Feature","properties":{"state_code":"22","state_name":"KOGI","lga_code":"20","lga_name":"YAGBA EAST"},"geometry":{"type":"Polygon","coordinates":[[[5.688176632345744,8.452851294551635],[5.70140933966934,8.292939185794864],[5.644478321417466,8.18802356633455],[5.633091926751092,8.12133312232578],[5.643636226830438,8.073967934572579],[5.659736156298607,8.06983757144684],[5.639902114890731,8.053831100424986],[5.668087482051703,8.002331734621919],[5.645469665692588,7.963011741598621],[5.59884166840834,7.951876639994964],[5.630506991904213,7.834959984215971],[5.737289428564338,7.821079254204278],[5.834894656962888,7.92397785169652],[5.759814451076124,8.00312453377029],[5.826222039415654,8.176192847222183],[5.962478638278583,8.313272475944075],[6.087030411424394,8.354029654844737],[6.082657814106881,8.401763916271761],[6.040555953594435,8.392975806888046],[5.688176632345744,8.452851294551635]]]}},{"type":"Feature","properties":{"state_code":"08","state_name":"BORNO","lga_code":"06","lga_name":"CHIBOK"},"geometry":{"type":"Polygon","coordinates":[[[12.666299551982775,10.782297099231812],[12.732859641958953,10.72124866359502],[12.900062137257862,10.703346043984766],[12.939705218920778,10.65691083256894],[12.991314408133462,10.672031538824513],[12.99783328158071,10.726210892418806],[13.088888054140455,10.842143361626881],[13.087201066276236,10.940188523981249],[12.750865355351891,10.974089616942308],[12.729229017705052,11.00175101120027],[12.676931215802995,11.016768862892775],[12.660401074050355,10.915549430961505],[12.615608771127938,10.8324689128101],[12.666299551982775,10.782297099231812]]]}},{"type":"Feature","properties":{"state_code":"33","state_name":"SOKOTO","lga_code":"20","lga_name":"TURETA"},"geometry":{"type":"Polygon","coordinates":[[[5.674533037369827,12.734807395444989],[5.61900803269458,12.681200571848933],[5.576505579968568,12.67930243575887],[5.575800001568894,12.750999998251359],[5.532520519306559,12.784173057640544],[5.488344014564689,12.692220591706985],[5.496452409151402,12.670724686794927],[5.448573832616319,12.600873408181315],[5.374026708865586,12.620816833230322],[5.374272170724169,12.685396564799703],[5.353534674885395,12.622384694198331],[5.291253024107846,12.622520924401215],[5.271959950991004,12.605075581273127],[5.26157029473336,12.452449788726824],[5.332934251014933,12.456558440419712],[5.337788958693523,12.437901387638988],[5.314606384277283,12.368089035280775],[5.294606629292559,12.37488145461549],[5.276165744753371,12.342041245107453],[5.311578238345078,12.35577355010929],[5.384537242999386,12.32426108528091],[5.422277869128379,12.353262235563761],[5.469656470269911,12.25259491362442],[5.541099998566153,12.272842643173476],[5.566670184881161,12.351511994782754],[5.750572373816055,12.323924794593665],[5.772623778264801,12.383487566398117],[5.717236595592453,12.486925722044475],[5.723075590566111,12.620634885991251],[5.677433761059262,12.63192389756989],[5.694111665021353,12.689136611365598],[5.674533037369827,12.734807395444989]]]}},{"type":"Feature","properties":{"state_code":"34","state_name":"TARABA","lga_code":"04","lga_name":"GASHAKA"},"geometry":{"type":"Polygon","coordinates":[[[11.852672103235022,7.391217192719296],[11.771935462951319,7.487935542990954],[11.758036511775629,7.724809170107164],[11.632977594740282,7.750405304561184],[11.646420377398556,7.86579704289926],[11.590420504602662,7.908017723639091],[11.551552773441813,7.903331756655291],[11.514193535403365,7.815756320797618],[11.48981380506308,7.799793719604509],[11.331997871204862,8.021456719052367],[11.172396659878018,8.005471230113244],[11.127176285057544,7.984405517700509],[11.033837318137785,7.895431519149327],[10.96670627557421,7.795526504844361],[10.881306647783617,7.755352496720377],[10.878906250223338,7.698151588325175],[10.789056777848089,7.63962793368222],[10.89123725859264,7.548187733277302],[10.967176436643285,7.321499824957016],[10.998596191261242,7.309071541418575],[11.069826126074929,7.358988762321587],[11.122246742093523,7.337124826049944],[11.128366470336402,7.316638470389137],[11.099645215154624,7.271001018782044],[11.13608515810364,7.262817216041753],[11.13415622742798,7.19579267569145],[11.304245549192785,7.018083349666881],[11.402866708431873,7.005570355387647],[11.392617225904303,7.055168629029083],[11.533606528618463,7.078812598822424],[11.564857483186358,7.069837569848005],[11.579439276101766,6.999843372773455],[11.618927001679822,7.013446807624121],[11.69437632170991,6.972692975100756],[11.762777328411005,7.003333092148523],[11.864166260064906,7.084721566447172],[11.882499695404647,7.132222175912716],[11.794998169430016,7.250277519991585],[11.749721526727114,7.264999391308891],[11.799439429985739,7.296663283983435],[11.852672103235022,7.391217192719296]]]}},{"type":"Feature","properties":{"state_code":"05","state_name":"BAUCHI","lga_code":"02","lga_name":"BAUCHI"},"geometry":{"type":"Polygon","coordinates":[[[10.279951645851838,10.28010807033121],[10.26532320240392,10.308266939867451],[10.211004402631147,10.316645837935141],[10.242103171224414,10.441853145806078],[10.215589429708473,10.460919460264904],[10.137632671210838,10.446819337942145],[10.089402482238825,10.471197731889845],[10.068376017139542,10.42810009794124],[10.015101562287327,10.427514918079055],[10.0033080993893,10.410496751124242],[10.017141060111896,10.380199059938718],[9.916698854668482,10.368700599852843],[9.913534695270016,10.386467680838848],[9.850775643880922,10.388441546140484],[9.854036129663712,10.43947076706229],[9.811114228638814,10.463107276079995],[9.804579931818466,10.545432168559785],[9.778921186563537,10.546634265359103],[9.722486677718052,10.607997084198132],[9.66124127886195,10.611528093246932],[9.615769646951719,10.565159659190954],[9.641685990416192,10.46255519666505],[9.694207269350045,10.432730070436435],[9.677747947409898,10.392639289171882],[9.693485558911448,10.325277049796057],[9.659890330774203,10.291079898218754],[9.649989599040794,10.243037917565914],[9.60570779987512,10.233071567698744],[9.653350584961572,10.204290253092779],[9.617122485414427,10.16256664023831],[9.633179664709814,10.100270271156148],[9.702199768304695,10.027676428124721],[9.708284196358647,9.985364091179918],[9.790544439274527,9.956082313747856],[9.820927973447283,9.91148317171104],[9.893556078849997,9.934108296860472],[9.923147204180168,9.897162685809349],[9.986494509314184,9.949162323782275],[9.972705556915969,9.965448942614671],[10.016980723581582,10.024579604565133],[10.083896870444278,10.006318822755532],[10.094622808395911,10.089897145337034],[10.158334010706085,10.112942347411433],[10.191174802974842,10.159704481276833],[10.180291264230505,10.191332279661026],[10.207034092749211,10.200138066118882],[10.203895558633178,10.224174813017271],[10.24685003220327,10.22825418997894],[10.257419607728764,10.269163033247423],[10.279951645851838,10.28010807033121]]]}},{"type":"Feature","properties":{"state_code":"08","state_name":"BORNO","lga_code":"12","lga_name":"HAWUL"},"geometry":{"type":"Polygon","coordinates":[[[11.96777974304075,10.583891582330693],[11.999353437311356,10.534356835899302],[11.989544164831386,10.482601443901558],[12.057363595253776,10.47275932997917],[12.025875316792508,10.382127347599067],[12.041260973215401,10.364859052203542],[12.009193660858784,10.347146106807429],[11.983414914566708,10.272203409959445],[12.034979516291685,10.276973667700645],[12.082055666435906,10.251005109598168],[12.160818368572905,10.302146600984884],[12.180184918998862,10.34021431503868],[12.205667978994086,10.332513580437421],[12.245569586067575,10.368022269112487],[12.279784267230184,10.328704705158088],[12.306364432672467,10.3360524810372],[12.312801360794197,10.315073012709433],[12.386869285289322,10.317130148037961],[12.379230192019804,10.350452662160706],[12.421584598350591,10.371391918202505],[12.557374172979735,10.395055795388714],[12.570515959743773,10.481565182986856],[12.592264479722019,10.48990114292343],[12.51844421772654,10.62372196040019],[12.464738218693867,10.639350930201317],[12.438510035309946,10.617504067558741],[12.437593348254495,10.574528074111356],[12.370442049361145,10.574113288797264],[12.332706778694956,10.596229571237757],[12.315239342821485,10.659752034628752],[12.26060836498408,10.623935088033932],[12.224845848057498,10.538154764630747],[12.188878876558931,10.58338082766312],[12.099601550171428,10.595943805362367],[12.084735753152529,10.664415216389159],[11.992090304723831,10.64555988198299],[11.986726619438002,10.587973643768692],[11.96777974304075,10.583891582330693]]]}},{"type":"Feature","properties":{"state_code":"03","state_name":"AKWA IBOM","lga_code":"29","lga_name":"URUAN"},"geometry":{"type":"Polygon","coordinates":[[[7.99117289901011,4.951494848708364],[8.005969560646747,4.906571190807881],[8.099846083829732,4.884151522075115],[8.090914125186771,4.933505640572889],[8.122699116071374,4.965712905426301],[8.161326060049703,4.96925081317454],[8.134789177178845,4.972769952071701],[8.102616309595078,5.02377605412164],[8.08393275199495,5.125534531593416],[8.064611701868614,5.131413726262508],[8.0198639999237,5.101134999980331],[8.014876135924965,5.116639087224144],[7.982719406675301,5.117543128012983],[7.938837437098073,5.092747597024015],[7.934948180414267,5.076771995231468],[7.984864320332179,5.059922933196844],[8.003730086874043,5.014490573781018],[8.03186996182933,5.02135085595728],[8.024405646403522,4.981555190819449],[7.99117289901011,4.951494848708364]]]}},{"type":"Feature","properties":{"state_code":"02","state_name":"ADAMAWA","lga_code":"12","lga_name":"MAYO - BELWA"},"geometry":{"type":"Polygon","coordinates":[[[11.757611853704134,8.6172123458731],[11.792665337935034,8.56448241433202],[11.80704013299578,8.567858510661779],[11.829449139366318,8.628263148625479],[11.885989662992586,8.645840602162082],[12.042834599737034,8.800512862278822],[12.196910858449428,8.915528297293122],[12.172124459176473,8.940244424440664],[12.204394883417194,8.97030448956059],[12.200442801893814,8.998389267550692],[12.147224522293925,9.020626184151126],[12.097578402920988,8.987564781889205],[12.062547755174819,9.024799856827997],[12.064649236972741,9.058152492843305],[12.090133678326652,9.083151972985206],[12.224411694044477,9.111632910430501],[12.201594129265686,9.258615318642114],[12.142052016687273,9.241419085022812],[12.115872271688033,9.274138440936326],[12.078366870434763,9.267500241842754],[12.081191026744534,9.306693381894092],[12.05992432394845,9.312423611060865],[12.019926415671591,9.292265258834675],[12.018355747919486,9.272749232990748],[11.951078866796308,9.2517595312774],[11.887458609327382,9.17927230467319],[11.847768594744878,9.166983070712206],[11.826404248956976,9.208600429566218],[11.782979084617125,9.197654910445806],[11.678965799032426,9.22393424816704],[11.706756592242982,9.07449054660151],[11.831108167308116,9.008385974033501],[11.873633521270051,8.937624937640805],[11.843366776655444,8.8666979646394],[11.82706959798361,8.73908943632847],[11.769168402799608,8.712018703300544],[11.743142417588558,8.677604538118999],[11.788899319847758,8.64121437084657],[11.757611853704134,8.6172123458731]]]}},{"type":"Feature","properties":{"state_code":"02","state_name":"ADAMAWA","lga_code":"15","lga_name":"MUBI SOUTH"},"geometry":{"type":"Polygon","coordinates":[[[13.278659416598828,10.06622962319858],[13.318009267114007,10.099689892774393],[13.398054122799579,10.11111068740837],[13.46888732888715,10.186109542421491],[13.4110555964387,10.211174048943235],[13.402197839059056,10.249540328923104],[13.31122739772627,10.285374978672394],[13.296151820350303,10.266658338611478],[13.229671029894178,10.268006659779587],[13.253683404265757,10.253371380584781],[13.234948489980866,10.216488410911495],[13.186811986983685,10.216627891264238],[13.130794841808552,10.243743681225965],[13.121884446210288,10.224267830795782],[13.182717326943134,10.172577840195231],[13.18125834329794,10.127148641896383],[13.221812446287402,10.124516392817327],[13.278659416598828,10.06622962319858]]]}},{"type":"Feature","properties":{"state_code":"12","state_name":"EDO","lga_code":"09","lga_name":"ETSAKO WEST"},"geometry":{"type":"Polygon","coordinates":[[[6.250658035040317,6.836287022228362],[6.271655083315466,6.792143822079765],[6.303277968703355,6.828472136679807],[6.398548125395735,6.811820983951293],[6.483428954982344,6.925326824173624],[6.381401286140488,6.92962466084947],[6.354918412055099,6.971783343226775],[6.361967496103091,7.048447283115649],[6.420300007039714,7.101172923991271],[6.414650917405936,7.166707992779664],[6.256732941072414,7.207706928332129],[6.18031787956653,7.112758159661382],[6.219266890554593,7.012434006424314],[6.214962005891891,6.940337180916231],[6.167360782973788,6.823766231726268],[6.250658035040317,6.836287022228362]]]}},{"type":"Feature","properties":{"state_code":"35","state_name":"YOBE","lga_code":"05","lga_name":"FUNE"},"geometry":{"type":"Polygon","coordinates":[[[11.245115445721297,11.656835767756547],[11.290191066564546,11.616452508976181],[11.290733799325437,11.543054499365724],[11.316262585350103,11.528665690169532],[11.303340806033418,11.495300145285512],[11.35745855786621,11.501007601819424],[11.360070829405288,11.47415640139684],[11.32183711129369,11.416912561165816],[11.380779662051793,11.386649671045518],[11.507914073175982,11.454703589798896],[11.563565929024435,11.45741707194037],[11.626464859165992,11.421643836893622],[11.681808868084829,11.516971488143724],[11.80614133075784,11.632531301678284],[11.848710158846814,11.619918833387487],[11.812822571404581,11.684927573948414],[11.850526773192087,11.744338631922346],[11.842273458253544,11.784866332615195],[11.800823861631955,11.813426935604639],[11.78694404083484,11.903979586988385],[11.713088457066704,11.959187202927126],[11.722676187855825,12.013931475557229],[11.606757627562502,12.046071721133046],[11.613111952054965,12.117551683663294],[11.565135022962977,12.164381005878795],[11.416015217628228,12.185801181579336],[11.425233683187969,12.319594969032664],[11.335115475398936,12.338481644812134],[11.312469520152263,12.390811389733926],[11.225558775017475,12.347823119641305],[11.130305457231088,12.247678013329676],[11.148446890011996,12.227069829209313],[11.066016929737543,12.178342441950178],[10.959491075952428,12.069699701879813],[10.996380607079402,12.020794150829431],[10.976115051168733,12.003687376371374],[11.03327046735825,11.965434294057502],[11.055543659012699,11.89369861469936],[11.107814710580499,11.83742388660312],[11.13333701159388,11.855343794780367],[11.243801123423168,11.857705886617396],[11.223058478965697,11.793928685760307],[11.250232303078349,11.796269841380138],[11.270863831800455,11.771399148651824],[11.245115445721297,11.656835767756547]]]}},{"type":"Feature","properties":{"state_code":"08","state_name":"BORNO","lga_code":"23","lga_name":"MOBBAR"},"geometry":{"type":"Polygon","coordinates":[[[12.855730248552163,13.031895724608034],[12.914263444102687,13.17344114379381],[12.968450501289624,13.136777150045475],[13.084209976009618,13.112589021166457],[12.93877937227029,13.392931337111577],[12.830276662937706,13.424223852049181],[12.77288835561319,13.39371727623137],[12.736415782562347,13.348106120800878],[12.739227001225174,13.32640671369893],[12.708277292563025,13.323522703010383],[12.718870508567193,13.308879445929733],[12.681778283740869,13.320599666241662],[12.691694381290688,13.302803074002725],[12.675623690580892,13.275545398001782],[12.643720858830648,13.288552331425024],[12.646140456017292,13.307691469385873],[12.625541165292589,13.278644878158673],[12.59098499985788,13.282954000426855],[12.592979000080845,13.254960000004019],[12.534162377791574,13.2070369403026],[12.559080406335738,13.20121506482343],[12.556287021229082,13.161286972715686],[12.508494136595175,13.139692157667014],[12.459165574131987,13.06611061081611],[12.429575920092702,13.07302761143518],[12.394541236189127,12.916384550906344],[12.40924346901096,12.859631009363625],[12.484987701920943,12.801647797807675],[12.49920212178057,12.709766915210992],[12.536318789280756,12.721070244895941],[12.532043012974725,12.745150591826416],[12.737309331860217,12.89818937463997],[12.82476645380882,13.034964591842481],[12.855730248552163,13.031895724608034]]]}},{"type":"Feature","properties":{"state_code":"35","state_name":"YOBE","lga_code":"14","lga_name":"POTISKUM"},"geometry":{"type":"Polygon","coordinates":[[[11.221626099065247,11.801974728550931],[11.167041424622084,11.734638225973413],[11.11530576105207,11.746675319710278],[11.085737265362582,11.729846841358665],[11.0727761532969,11.754854426190889],[11.034343022212738,11.761516608404804],[11.013247751782387,11.732849880018023],[11.027997496687192,11.728972485391921],[11.035255704587144,11.675662742941256],[11.01957695821011,11.627997428038896],[11.055150486206003,11.62438613741034],[11.055804476795231,11.596888047445475],[11.13719184582709,11.604209489376501],[11.154321899236322,11.595395653086996],[11.149639229167121,11.571169023331834],[11.23571441418892,11.604411342209744],[11.220097915286601,11.635662028779677],[11.263643810913209,11.70095131465149],[11.270863831800455,11.771399148651824],[11.221626099065247,11.801974728550931]]]}},{"type":"Feature","properties":{"state_code":"08","state_name":"BORNO","lga_code":"11","lga_name":"GWOZA"},"geometry":{"type":"Polygon","coordinates":[[[13.32789887513303,10.865230791367992],[13.350378989998433,10.931692123192988],[13.388671172136924,10.895939577949207],[13.383103623133763,10.87844466868654],[13.585414885788396,10.949460982138646],[13.66988372965045,10.94469165699445],[13.750673561235885,10.914141311172614],[13.810751098684307,11.051735043637393],[14.003610610741134,11.28333282405066],[13.920801415353083,11.32607008706492],[13.764667944869814,11.334779161329266],[13.598028709357493,11.388474819957025],[13.594032516987113,11.43461702505573],[13.542150754953411,11.41476655842996],[13.512226324685173,11.376353358121037],[13.505835218820323,11.315506704271058],[13.402351388405918,11.32357248807989],[13.347448350361105,11.381891370690255],[13.249954675667823,11.379043069382192],[13.192118280234467,11.320679388842791],[13.216711997061054,11.172935592103954],[13.143125115431758,11.124544417291077],[13.219006420310109,10.943570503675858],[13.313893044928136,10.91379561717406],[13.32789887513303,10.865230791367992]]]}},{"type":"Feature","properties":{"state_code":"08","state_name":"BORNO","lga_code":"10","lga_name":"GUZAMALA"},"geometry":{"type":"Polygon","coordinates":[[[13.60630722240046,12.720912275381238],[13.601336995905683,12.751779750934816],[13.5545532612241,12.774596955085485],[13.515798648588827,12.75263516268268],[13.495620394365744,12.811627292165838],[13.460060545058184,12.848924361869877],[13.359180400355228,12.895968695798729],[13.366565430650155,12.908830993055915],[13.290884181759623,12.925515019602528],[13.270581410104057,12.966392629416362],[13.283319619804672,13.012624154281355],[13.190127317921451,13.05620562169213],[13.17150162989634,13.085972895432803],[12.968450501289624,13.136777150045475],[12.914263444102687,13.17344114379381],[12.855730248552163,13.031895724608034],[12.892329400281653,12.937742919799973],[12.88519900762816,12.900074443580763],[12.964255528170156,12.80607351717913],[13.142420278073416,12.797867681947992],[13.198069354117422,12.772844629675944],[13.205788877354848,12.732351859550704],[13.250300363371139,12.71265908364984],[13.21006448908497,12.656170398744962],[13.22395533107374,12.622340226320432],[13.310112962343396,12.627897898069591],[13.358548421572436,12.651874301357964],[13.323872824371392,12.557214011817223],[13.336820266741938,12.546231934356342],[13.387070916689481,12.582912231014689],[13.40194491912274,12.546848642650787],[13.428812642789296,12.551940244346838],[13.469559975012885,12.610540472664752],[13.494491524864031,12.607396995874694],[13.49283619763247,12.6555466037928],[13.553352774211191,12.68484998473906],[13.565082027313736,12.726870285735174],[13.60630722240046,12.720912275381238]]]}},{"type":"Feature","properties":{"state_code":"02","state_name":"ADAMAWA","lga_code":"11","lga_name":"MAIHA"},"geometry":{"type":"Polygon","coordinates":[[[13.121884446210288,10.224267830795782],[13.119375063408484,10.168431974556029],[13.08019623157088,10.075681320736408],[13.089598908862627,10.057334303835091],[13.04745292761055,9.999659538157232],[13.069261573562812,9.96523698769687],[13.058670044686835,9.845361709875078],[13.092070581292319,9.7744665153175],[13.075389056659674,9.630908384614315],[13.086718436106992,9.5120420570953],[13.195833206037662,9.531110763750803],[13.243610383112753,9.58833312997001],[13.259721755554608,9.751665114953141],[13.235496070087606,9.907690286377658],[13.286440330257108,9.97112671612507],[13.243888854586999,10.031665801835345],[13.278659416598828,10.06622962319858],[13.221812446287402,10.124516392817327],[13.18125834329794,10.127148641896383],[13.182717326943134,10.172577840195231],[13.121884446210288,10.224267830795782]]]}},{"type":"Feature","properties":{"state_code":"35","state_name":"YOBE","lga_code":"08","lga_name":"GULANI"},"geometry":{"type":"Polygon","coordinates":[[[11.99888163767747,10.997738759636093],[11.980165466163385,11.136798520135642],[11.953508895219386,11.171982946555772],[11.929525069826184,11.167756855094808],[11.918836969050915,11.221805038072091],[11.842543148747382,11.216546040167657],[11.789803562084785,11.239958786169097],[11.72027409057688,11.209039168822642],[11.688155215590768,11.172481538792056],[11.657893107880682,11.196178296990865],[11.662683896244857,11.235721722979179],[11.631578575191156,11.267655141571595],[11.541108621865476,11.208096698204088],[11.522499234951795,11.17154594528921],[11.55088682007073,11.128284394609182],[11.515550835402792,11.071709863119736],[11.527944117327195,11.056409846437305],[11.47341557676748,11.017535932437397],[11.53036212900912,10.934866905383444],[11.539074897688408,10.850962638814792],[11.516614914146999,10.732112884901767],[11.516513824053789,10.57027816770335],[11.714348147349142,10.634094832610458],[11.753748839237574,10.662563407075652],[11.767382279068954,10.722733984785634],[11.755582200757999,10.804018438999833],[11.729245071702735,10.825219934652296],[11.63380878055085,10.833141203703633],[11.640248962419719,10.875703878631157],[11.722138112683808,10.89603042476432],[11.783325952230939,10.936618080560038],[11.854852550005205,10.934976253051673],[11.899573611333153,10.96889139432244],[11.907947829328918,10.93930953200936],[11.936285570422797,10.947169472693076],[11.99888163767747,10.997738759636093]]]}},{"type":"Feature","properties":{"state_code":"34","state_name":"TARABA","lga_code":"16","lga_name":"ZING"},"geometry":{"type":"Polygon","coordinates":[[[11.743142417588558,8.677604538118999],[11.769168402799608,8.712018703300544],[11.82706959798361,8.73908943632847],[11.843366776655444,8.8666979646394],[11.873633521270051,8.937624937640805],[11.831108167308116,9.008385974033501],[11.71034717598144,9.071190834189679],[11.657647133408545,9.027297973822499],[11.57362747213017,8.994107246352371],[11.556077002751522,8.967366219175744],[11.627265930278497,8.875411986973688],[11.653855377623643,8.776396304146147],[11.743142417588558,8.677604538118999]]]}},{"type":"Feature","properties":{"state_code":"30","state_name":"OYO","lga_code":"27","lga_name":"OORELOPE"},"geometry":{"type":"Polygon","coordinates":[[[3.599984013751282,8.956908512118162],[3.617265680266996,8.928797750915521],[3.608008989923007,8.897031355312834],[3.661446474775062,8.839226171750454],[3.664163270018946,8.768725220192835],[3.874278635350777,8.555566756800431],[3.905162829301162,8.645367986843155],[3.877870559079099,8.692317007923634],[3.885740519109731,8.724780082235043],[3.977229117429886,8.875539778837776],[3.883662077942574,8.91628094171216],[3.877101044277822,8.952400235882237],[3.841097856181193,8.977415310268384],[3.717390660650494,8.969201059181557],[3.687058409418114,9.003429016136238],[3.617450008910851,9.003244890739154],[3.593255469664257,8.995438495690053],[3.599984013751282,8.956908512118162]]]}},{"type":"Feature","properties":{"state_code":"03","state_name":"AKWA IBOM","lga_code":"20","lga_name":"NSIT IBOM"},"geometry":{"type":"Polygon","coordinates":[[[7.926051021037836,4.82213143192007],[7.938719345321601,4.848686367781681],[7.908088317721706,4.913787779882171],[7.916204104735698,4.938594097339774],[7.892263284922706,4.991189539765514],[7.862070859382698,5.010493961427244],[7.817557649366051,4.966500697149513],[7.848652951072893,4.962296779372934],[7.844402404347534,4.911041030019589],[7.871929940814141,4.892842907574163],[7.865146588444361,4.81010966442949],[7.875287139689817,4.798017765107829],[7.926051021037836,4.82213143192007]]]}},{"type":"Feature","properties":{"state_code":"02","state_name":"ADAMAWA","lga_code":"02","lga_name":"FUFORE"},"geometry":{"type":"Polygon","coordinates":[[[12.60108639821874,9.248789271108024],[12.609228134271007,9.186447143620853],[12.583585738690942,9.108762741207613],[12.410751787664935,9.119906598610669],[12.35344610375472,9.04374531499434],[12.328285511866909,9.05336670740769],[12.36528387265264,9.107953336976948],[12.351930881904707,9.150675923055474],[12.375388145246745,9.16728591920986],[12.316532135349803,9.241639138335643],[12.2505998611947,9.258857727302313],[12.208741590152329,9.231312835718825],[12.224411694044477,9.111632910430501],[12.090133678326652,9.083151972985206],[12.064649236972741,9.058152492843305],[12.062547755174819,9.024799856827997],[12.097578402920988,8.987564781889205],[12.147224522293925,9.020626184151126],[12.200442801893814,8.998389267550692],[12.204394883417194,8.97030448956059],[12.172124459176473,8.940244424440664],[12.251948356831235,8.841712951891282],[12.30972671541565,8.801647186168736],[12.351462363897042,8.831314086575901],[12.447400453368289,8.771431114754193],[12.621073934114804,8.818909357181155],[12.752060889798258,8.890284537901152],[12.790403365622865,8.95424079917359],[12.92520963231874,8.993062715272117],[12.942341750571359,9.063494760774631],[12.89777755708866,9.348054885424688],[12.988332748157859,9.469720840244634],[13.086718436106992,9.5120420570953],[13.075389056659674,9.630908384614315],[13.089605330921358,9.709326744433781],[12.954536910050422,9.725291837648228],[12.944670757249696,9.696764730807729],[12.888578340617983,9.676615701853223],[12.828683048084258,9.69395331069677],[12.749143899171656,9.675036619144691],[12.771645131917353,9.626606687148922],[12.761080324597344,9.5783795810529],[12.716303410873763,9.550121795084806],[12.718624829971986,9.576982403315299],[12.676378844108399,9.595206929855976],[12.569165167238737,9.444846032218663],[12.563696193824342,9.428352330995324],[12.618939400433021,9.381864547910595],[12.587550071678493,9.321393819669083],[12.649332530372021,9.299365984652525],[12.60108639821874,9.248789271108024]]]}},{"type":"Feature","properties":{"state_code":"03","state_name":"AKWA IBOM","lga_code":"18","lga_name":"MKPAT ENIN"},"geometry":{"type":"Polygon","coordinates":[[[7.804234788604674,4.571183412084849],[7.825956155352344,4.656663656002991],[7.803148000180101,4.681297999702963],[7.808034728220207,4.744629679116429],[7.786420787289558,4.796113665613234],[7.831056416620356,4.824961479688568],[7.801432126991131,4.883762856670558],[7.695269000364135,4.743263000087438],[7.710512179893215,4.738375155089386],[7.701905853172661,4.628786287757009],[7.719111510787627,4.590431152175995],[7.684194793654854,4.576900762959895],[7.697855453266584,4.54716296719721],[7.724322769979892,4.540523980297507],[7.749857296377172,4.576368932680168],[7.804234788604674,4.571183412084849]]]}},{"type":"Feature","properties":{"state_code":"12","state_name":"EDO","lga_code":"17","lga_name":"OWAN WEST"},"geometry":{"type":"Polygon","coordinates":[[[6.04481133417579,6.776801319625235],[6.044764996607341,6.850041866938682],[6.019381046398223,6.847953795831074],[5.972817898327378,6.947281836587536],[5.984292984133958,7.046236038162704],[5.852578163051817,7.093998909721961],[5.823740959177997,7.08144092595802],[5.792581080752313,7.021655082715938],[5.799811840444136,6.921328545376127],[5.769666671579671,6.839905738559025],[5.778134822863819,6.81779193824741],[5.751592635791553,6.781640052646367],[5.801857948285715,6.811715126551917],[6.04481133417579,6.776801319625235]]]}},{"type":"Feature","properties":{"state_code":"08","state_name":"BORNO","lga_code":"14","lga_name":"KAGA"},"geometry":{"type":"Polygon","coordinates":[[[12.82925261301773,11.357616034552393],[12.734545769171973,11.507595653816395],[12.744722658423996,11.652132504111819],[12.703096361208168,11.806732084618034],[12.6206102013997,11.873238721589757],[12.619601814971816,11.913826738013597],[12.655546629873129,11.941712714570144],[12.655819500369716,11.965213711043987],[12.671592230397152,11.949230768984876],[12.69582420931988,11.959257611749422],[12.68369590364307,11.997742539286833],[12.561798508294544,11.98967719344779],[12.467742572162024,11.916176710586797],[12.274086475710362,11.977355681019901],[12.256122671624041,11.885600599188365],[12.270383413763568,11.826470028968686],[12.221269773081588,11.75601932972836],[12.19893828377485,11.642484498960528],[12.223719519140559,11.63285502433996],[12.274844400049062,11.694021494196647],[12.299958763186396,11.608619083903648],[12.373544407348561,11.549756497264582],[12.322065598248798,11.450897686778887],[12.246089312371907,11.39944590590386],[12.22062671375187,11.358808001388184],[12.248463190723726,11.34023440209603],[12.440747201422255,11.389787970438533],[12.490392424171091,11.324856914215275],[12.46726855390068,11.266432998883829],[12.540309581222232,11.20038387131865],[12.634872862692532,11.212406120845856],[12.750569275151975,11.301126674256636],[12.80610348079108,11.306901897404714],[12.82925261301773,11.357616034552393]]]}},{"type":"Feature","properties":{"state_code":"34","state_name":"TARABA","lga_code":"08","lga_name":"KARIM-LAMIDO"},"geometry":{"type":"Polygon","coordinates":[[[11.060585976061986,9.123277664132956],[11.130355834554166,9.16793918674415],[11.260186194637242,9.21011161795684],[11.314967155110196,9.281780242963919],[11.490783428912152,9.366896199400117],[11.525925635759506,9.407815932559288],[11.443759674169655,9.488472193237158],[11.429598808038634,9.549625397194347],[11.278014183108098,9.547817751787875],[11.222452164136087,9.5692615508799],[11.11423819293833,9.525595789114448],[11.076408086064362,9.551371838339719],[10.99238205039137,9.559283257116647],[10.969134278724027,9.615353467688408],[10.917232286440935,9.554528495593672],[10.773542915872895,9.447321510579286],[10.540963806034881,9.483537022315772],[10.578940391785693,9.438833237863662],[10.559869765976941,9.351113318724742],[10.580260277289995,9.326922418135155],[10.580149650785813,9.245836258136876],[10.635760306892678,9.12668418902416],[10.627225875573743,9.019009589820769],[10.596746444892574,8.976116180217616],[10.426877021757207,8.947713851613003],[10.245595932106653,8.804408074273283],[10.313457488572283,8.741919518271175],[10.354626655895515,8.74031162308296],[10.383751999854951,8.683539999771199],[10.543786000023943,8.719173999980171],[10.590375032381871,8.756956946405978],[10.661173905951046,8.744569671053512],[10.673767090079195,8.726984977974382],[10.764567375184242,8.72587966891166],[10.882077216590346,8.810750007906563],[10.96619605960052,9.020417213183862],[11.060585976061986,9.123277664132956]]]}},{"type":"Feature","properties":{"state_code":"08","state_name":"BORNO","lga_code":"17","lga_name":"KUKAWA"},"geometry":{"type":"Polygon","coordinates":[[[14.115743208682204,12.93628172741984],[14.083228622103263,13.083426859861731],[13.762075774077744,13.529462094300243],[13.648260180363081,13.396356530129822],[13.45552383765505,13.323188103048551],[13.4687001439965,13.182800354153073],[13.400256458169054,13.128172899859464],[13.346455726350712,13.047177753050903],[13.283319619804672,13.012624154281355],[13.270581410104057,12.966392629416362],[13.290884181759623,12.925515019602528],[13.366565430650155,12.908830993055915],[13.359180400355228,12.895968695798729],[13.460060545058184,12.848924361869877],[13.495620394365744,12.811627292165838],[13.515798648588827,12.75263516268268],[13.5545532612241,12.774596955085485],[13.655539321782328,12.692858071642718],[13.682839715580485,12.736696800916661],[13.835421612217658,12.746267272816453],[13.884817247917681,12.712839349156695],[14.115743208682204,12.93628172741984]]]}},{"type":"Feature","properties":{"state_code":"02","state_name":"ADAMAWA","lga_code":"05","lga_name":"GOMBI"},"geometry":{"type":"Polygon","coordinates":[[[12.257152920570888,10.359777549894034],[12.212732014271069,10.280779547338284],[12.277613563715022,10.226934999650553],[12.207010197362763,10.194123819358822],[12.214148579593314,10.167473855733931],[12.171644862420521,10.12908129126862],[12.200647835629184,10.089934994204668],[12.165105077037708,10.060107366062141],[12.163776558941095,10.019760376040551],[12.222051620286095,9.92631721456786],[12.276733174196693,9.945212147023028],[12.310906526115332,10.004239946316545],[12.338317916938365,9.964645714927826],[12.35354646719577,10.018707070275127],[12.569548606682929,10.044777869603024],[12.568106899014253,10.096092279035474],[12.588108761110504,10.113297281044709],[12.633990604382916,10.034019074920423],[12.716403939790041,10.049189103594301],[12.720972505676627,10.105534739636596],[12.752191034288842,10.116194725805997],[12.767419583646927,10.153123961101983],[12.774795531688483,10.211400032385654],[12.75406017983346,10.244281091798996],[12.790637628224033,10.255269210006077],[12.784082226113867,10.299157722151222],[12.729398165792759,10.340648585064173],[12.676725388865634,10.345226288062804],[12.595649718559741,10.443598746984662],[12.61197983310285,10.448396335122823],[12.594866849725406,10.489926781695658],[12.570515959743773,10.481565182986856],[12.557374172979735,10.395055795388714],[12.421584598350591,10.371391918202505],[12.379230192019804,10.350452662160706],[12.386869285289322,10.317130148037961],[12.312801360794197,10.315073012709433],[12.306364432672467,10.3360524810372],[12.279784267230184,10.328704705158088],[12.257152920570888,10.359777549894034]]]}},{"type":"Feature","properties":{"state_code":"02","state_name":"ADAMAWA","lga_code":"06","lga_name":"GUYUK"},"geometry":{"type":"Polygon","coordinates":[[[11.900791653112378,9.670933262660014],[12.010746002226256,9.641987801096207],[11.981277343874353,9.681593964689739],[12.010935782560352,9.724273682784258],[11.961513135722669,9.739274556175872],[12.005302429263736,9.790565490604934],[11.998585701369052,9.888858794797613],[11.976682662574888,9.926598548584195],[12.003088951294103,10.022182465248648],[11.989193783566293,10.037551040847916],[11.835776250373726,10.033885796292509],[11.829628468678948,10.016390947284435],[11.834728303668328,9.92965402761132],[11.801160789039216,9.840684685749693],[11.85180331676969,9.814048709280542],[11.854544455762095,9.793490165938465],[11.776087387323116,9.707141013247224],[11.824527739763425,9.695915222209806],[11.835301321099166,9.636288885423767],[11.87110550361615,9.676379102813371],[11.900791653112378,9.670933262660014]]]}},{"type":"Feature","properties":{"state_code":"19","state_name":"KANO","lga_code":"41","lga_name":"TUDUN WADA"},"geometry":{"type":"Polygon","coordinates":[[[8.643344140819465,11.140027794047512],[8.683454683786692,11.139442703218208],[8.776725071105204,11.208840783775202],[8.716201935770755,11.213995446832428],[8.705506348139522,11.254419416123199],[8.779434104300549,11.31371673144207],[8.794894682343738,11.414470337935768],[8.771663690227172,11.470400329811412],[8.744885870886264,11.467807760619678],[8.716958503032515,11.407762438685666],[8.67161890868573,11.407077949387883],[8.671667092562302,11.38803483204191],[8.61464925825669,11.349573151979428],[8.561911777806358,11.342022786722282],[8.49319040561278,11.403656326678174],[8.466766783360413,11.392215391727007],[8.43307568119775,11.422503382824914],[8.373301607383326,11.361952137381309],[8.301340778254371,11.346696529221504],[8.25632423837294,11.30120463558552],[8.297907885240761,11.234223938983632],[8.428038726805823,11.229101214449543],[8.483406220620623,11.161623281789048],[8.518701660253441,11.162322834731071],[8.5837539846587,11.221307775033836],[8.629322803604566,11.223689040416957],[8.643344140819465,11.140027794047512]]]}},{"type":"Feature","properties":{"state_code":"30","state_name":"OYO","lga_code":"32","lga_name":"SAKI WEST"},"geometry":{"type":"Polygon","coordinates":[[[2.756388662406891,8.575206047321274],[2.752499579292191,8.461942666121217],[2.724706079122313,8.431444821821117],[2.95789821992696,8.508990388695508],[3.052824471372276,8.501894108226566],[3.145371902691181,8.440378639362791],[3.19706624331252,8.443521619726994],[3.193071145417093,8.480990664987246],[3.211267628398389,8.48451647055873],[3.220671885798936,8.515937262095008],[3.274802016799697,8.534264170155382],[3.33513455971223,8.522689737141718],[3.360934201752059,8.550828165087808],[3.323883463551056,8.580133205283232],[3.390061867761062,8.58074510130541],[3.443005358610435,8.55135749974886],[3.532136582937028,8.585904091900375],[3.419186072279444,8.862087567687126],[3.237358330622499,8.782514568292754],[3.163577315940415,8.808645245381797],[3.103630065075492,8.750234600446504],[3.014477966584934,8.710269923917906],[2.920714375767886,8.611895555735373],[2.802357195827994,8.610358232146723],[2.756388662406891,8.575206047321274]]]}},{"type":"Feature","properties":{"state_code":"02","state_name":"ADAMAWA","lga_code":"19","lga_name":"TOUNGO"},"geometry":{"type":"Polygon","coordinates":[[[11.852672103235022,7.391217192719296],[12.043609619288532,7.577776908877297],[12.02499961813794,7.660554886099135],[12.03305435197683,7.714999198854002],[12.221130370969888,7.994506836021742],[12.201518082593509,8.106791707171624],[12.256387457215453,8.212764010250908],[12.198095388791216,8.221058238946625],[12.151611800144508,8.262215517232391],[12.062141365032005,8.186255597218064],[11.972223296867696,8.22634441076599],[11.959099668315105,8.253035618199249],[11.852492332355325,8.276455878935735],[11.819997608203096,8.330673513072213],[11.69629799575597,8.390784697755635],[11.721491742050318,8.44160792986213],[11.699448300198924,8.468853553149017],[11.612894521165288,8.403721100948076],[11.629787914380813,8.386566553603586],[11.546277046348678,8.245888710395718],[11.3626183452605,8.064387321018103],[11.341521262696176,8.018668174996321],[11.48981380506308,7.799793719604509],[11.514193535403365,7.815756320797618],[11.551552773441813,7.903331756655291],[11.590420504602662,7.908017723639091],[11.646420377398556,7.86579704289926],[11.632977594740282,7.750405304561184],[11.758036511775629,7.724809170107164],[11.771935462951319,7.487935542990954],[11.852672103235022,7.391217192719296]]]}},{"type":"Feature","properties":{"state_code":"32","state_name":"RIVERS","lga_code":"01","lga_name":"ABUA-ODUAL"},"geometry":{"type":"Polygon","coordinates":[[[6.573524845195493,4.704851202720874],[6.622037422189351,4.706306705989732],[6.624310902925856,4.734818456906282],[6.738560248656597,4.775324420985271],[6.72572332667022,4.867625872436122],[6.689666791689149,4.865913481422069],[6.619073587675985,4.916405132590853],[6.60878468156784,4.977347513876737],[6.552977564962703,4.972492548092646],[6.546547275636328,4.934183411934953],[6.577118222228194,4.899041403837771],[6.574154840973165,4.855339653901979],[6.517567000416761,4.868050000806932],[6.444126999661364,4.934273000598523],[6.398394108401419,4.864480018737936],[6.461060046683883,4.713280201120426],[6.527311802297902,4.753003120097958],[6.598309994410783,4.752677917152198],[6.573524845195493,4.704851202720874]]]}},{"type":"Feature","properties":{"state_code":"36","state_name":"ZAMFARA","lga_code":"05","lga_name":"BUNGUDU"},"geometry":{"type":"Polygon","coordinates":[[[6.444753915261003,12.367142051864278],[6.437801213355385,12.182623972118677],[6.384751097984861,12.152791490335062],[6.366522956169547,12.090171492120703],[6.381047796818393,12.067315587444455],[6.354769055347674,12.039248035068795],[6.457319751005741,12.017965589640312],[6.504048478654397,11.893529965735354],[6.40371685564844,11.8054131281134],[6.402709141913419,11.783942352957297],[6.402274443810597,11.740200710894158],[6.461285057959117,11.571093189798944],[6.499303460386443,11.569019979088807],[6.5010540429098,11.5994915092258],[6.548802733059745,11.63011860858694],[6.567699999255638,11.667900000085012],[6.592606750301343,11.952020725875855],[6.577281522924011,11.963239698253517],[6.567944146305365,12.118119108210351],[6.591318966097447,12.198856341147291],[6.654975762121751,12.221416090979858],[6.686229516279184,12.193402006897145],[6.742582267757484,12.202379622321757],[6.756714448213245,12.137580505635867],[6.826923639014751,12.077423979832872],[6.877991652193032,12.078886278379116],[6.869720396678986,12.09459724566642],[6.906787466568403,12.159664893620004],[6.86904943678212,12.24134015542387],[6.89842044224963,12.275489864165934],[6.803599997841673,12.27910000096432],[6.73682342396188,12.313861216322152],[6.684163278912251,12.313273958126729],[6.686382116841287,12.346664507760863],[6.639047532117957,12.336594634235041],[6.597910699019565,12.4475277452093],[6.500835034609224,12.446549929435719],[6.457061335312403,12.410106171562632],[6.444753915261003,12.367142051864278]]]}},{"type":"Feature","properties":{"state_code":"08","state_name":"BORNO","lga_code":"27","lga_name":"SHANI"},"geometry":{"type":"Polygon","coordinates":[[[12.009193660858784,10.347146106807429],[11.949639605283608,10.34694640874983],[11.839759182240527,10.30403809018577],[11.801468977711181,10.27183577969754],[11.794909017836972,10.22952579897651],[11.762360731862316,10.241925418423364],[11.686825954654125,10.18992448272877],[11.789934078894646,10.039304656784509],[11.92073480027085,10.024698729662703],[11.991216874159477,10.035313536590479],[12.01875399739913,10.066901094809737],[12.086791232829171,10.060484109154345],[12.102825213213066,10.093361065860563],[12.088993786733909,10.1425141319217],[12.135995729319518,10.236650820878708],[12.212732014271069,10.280779547338284],[12.257152920570888,10.359777549894034],[12.234712689738899,10.363925294216983],[12.205667978994086,10.332513580437421],[12.180184918998862,10.34021431503868],[12.160818368572905,10.302146600984884],[12.082055666435906,10.251005109598168],[12.034979516291685,10.276973667700645],[11.983414914566708,10.272203409959445],[12.009193660858784,10.347146106807429]]]}},{"type":"Feature","properties":{"state_code":"33","state_name":"SOKOTO","lga_code":"14","lga_name":"SHAGARI"},"geometry":{"type":"Polygon","coordinates":[[[5.276165744753371,12.342041245107453],[5.294606629292559,12.37488145461549],[5.314606384277283,12.368089035280775],[5.337788958693523,12.437901387638988],[5.332934251014933,12.456558440419712],[5.26157029473336,12.452449788726824],[5.271959950991004,12.605075581273127],[5.291253024107846,12.622520924401215],[5.199791000754146,12.67721806895878],[5.180644026100993,12.765174222012774],[5.139986163830429,12.776592174789073],[5.1295135792883,12.798847494216545],[5.08520000077948,12.774099997816677],[5.099068524292989,12.738794941733204],[5.079132380155272,12.709042477128662],[5.097965480622463,12.667045142119662],[5.043152188622628,12.688247344639308],[5.041277070680337,12.665734721080582],[5.004138698042539,12.672146200187058],[4.960717871132886,12.636239100154398],[4.956814703735631,12.608209037816891],[4.934138315430971,12.645976392696411],[4.829444285325565,12.617113972731715],[4.829777737752465,12.564013989054388],[4.872987806741946,12.552902950610758],[4.905495069242079,12.428299586057108],[4.947646016550493,12.399514749705986],[4.958664123550534,12.525606556097728],[5.016044754262055,12.52867209584059],[5.060778060758935,12.491576766554601],[5.071904679057752,12.418218751594168],[5.122010144252783,12.41443663384365],[5.136240480313973,12.396084996225625],[5.11852430904969,12.346565766696813],[5.124100525718745,12.285797163208542],[5.160244080000325,12.316112444233966],[5.276165744753371,12.342041245107453]]]}},{"type":"Feature","properties":{"state_code":"35","state_name":"YOBE","lga_code":"16","lga_name":"YUNUSARI"},"geometry":{"type":"Polygon","coordinates":[[[12.429575920092702,13.07302761143518],[12.280750547399919,13.096610963325361],[12.25861436925777,13.117693351866762],[12.233196293374306,13.106265222362197],[12.199574724993624,13.130401149193744],[12.090306750156458,13.121543595960247],[11.819721222256646,13.273054123049405],[11.452160446447522,13.377420245048313],[11.333578123931318,13.379416425227873],[11.320657125226205,13.347368300806465],[11.34714206235634,13.263368754664327],[11.323258165132245,13.245233166577407],[11.360621157840228,13.166159633560312],[11.426357564150294,13.143926450045683],[11.428069061238261,13.110695809763854],[11.393095282121635,13.088042409029981],[11.44591582575481,13.072160025564756],[11.444957223996767,13.020580816151778],[11.55847388126466,12.99970625194203],[11.583729717652375,12.97885899924347],[11.58695510109709,12.94662877829552],[11.66283654267238,12.918303928983164],[11.68235951308111,12.872019244292744],[11.719816450768633,12.851643091555502],[11.871733490308372,12.903715752679886],[11.90607345602524,12.878507967968403],[11.900645642782251,12.894131996894203],[11.9172737171084,12.89944219320273],[11.892787872162614,12.92212413302235],[11.898055979300068,12.944175891804036],[11.954806857050869,13.006592626148802],[11.977665207883092,12.932019786284172],[11.967008310884864,12.901690387701308],[12.013948629225922,12.859640112301406],[12.051820423273966,12.905280051433294],[12.107527797869636,12.85582622420094],[12.171205831384043,12.857334299138643],[12.214634750393486,12.901088253819921],[12.293190750552753,12.91837561574215],[12.343732394134747,12.984995582580098],[12.408476351802221,13.023484852044362],[12.429575920092702,13.07302761143518]]]}},{"type":"Feature","properties":{"state_code":"02","state_name":"ADAMAWA","lga_code":"03","lga_name":"GANYE"},"geometry":{"type":"Polygon","coordinates":[[[11.792665337935034,8.56448241433202],[11.780158042659593,8.514232634928192],[11.716274261348133,8.465179443076863],[11.69629799575597,8.390784697755635],[11.819997608203096,8.330673513072213],[11.852492332355325,8.276455878935735],[11.959099668315105,8.253035618199249],[11.972223296867696,8.22634441076599],[12.062141365032005,8.186255597218064],[12.151611800144508,8.262215517232391],[12.198095388791216,8.221058238946625],[12.256387457215453,8.212764010250908],[12.237203172388547,8.310153854616772],[12.266508360072805,8.448672055071313],[12.251631171341558,8.499987966371577],[12.28567995276768,8.497651043860628],[12.276615330633035,8.512813518229336],[12.312248329896534,8.558261242562367],[12.29765725507832,8.594273201746887],[12.263872734039467,8.598554893793334],[12.239873133638241,8.64788474228709],[12.227292837694336,8.634731373154409],[12.178271393709906,8.66351602964113],[12.155988920152595,8.642662059906172],[12.141720586835675,8.580622672998004],[12.166096110147407,8.540298568024525],[12.142742354276265,8.533312531847912],[12.120281218703326,8.461292267424255],[12.092957354398436,8.492069233408472],[12.035343507896641,8.465949939038524],[11.998739944093188,8.519677905810738],[12.009731255792872,8.596501725374367],[11.98182678198043,8.648879050727658],[11.940851468020867,8.634607207356794],[11.93899262510962,8.67643581875808],[11.89657389566878,8.640921743143963],[11.829449139366318,8.628263148625479],[11.8132087447878,8.572417162422141],[11.792665337935034,8.56448241433202]]]}},{"type":"Feature","properties":{"state_code":"02","state_name":"ADAMAWA","lga_code":"08","lga_name":"JADA"},"geometry":{"type":"Polygon","coordinates":[[[11.885989662992586,8.645840602162082],[11.93899262510962,8.67643581875808],[11.940851468020867,8.634607207356794],[11.98182678198043,8.648879050727658],[12.016379356422192,8.57569694495811],[11.998739944093188,8.519677905810738],[12.035343507896641,8.465949939038524],[12.092957354398436,8.492069233408472],[12.120281218703326,8.461292267424255],[12.142742354276265,8.533312531847912],[12.166096110147407,8.540298568024525],[12.14321375461111,8.611633371882647],[12.178271393709906,8.66351602964113],[12.227292837694336,8.634731373154409],[12.239873133638241,8.64788474228709],[12.263872734039467,8.598554893793334],[12.29765725507832,8.594273201746887],[12.312248329896534,8.558261242562367],[12.276615330633035,8.512813518229336],[12.28567995276768,8.497651043860628],[12.251631171341558,8.499987966371577],[12.266508360072805,8.448672055071313],[12.25084224557321,8.42134636963931],[12.296388626434009,8.434444427768199],[12.336111068770833,8.419721603169478],[12.440846548629338,8.4553045281815],[12.585993670771359,8.464822371755076],[12.602649898374182,8.493375904274615],[12.681172111903493,8.467201833098159],[12.731140792913322,8.5124115923212],[12.754935401847376,8.571898116904606],[12.826318654882073,8.56476493095687],[12.816801387773864,8.650420330433974],[12.857252225210061,8.686112245184006],[12.87866737370041,8.750357691554257],[12.881046835043435,8.845536132686448],[12.844002240111365,8.969290857387193],[12.790403365622865,8.95424079917359],[12.752060889798258,8.890284537901152],[12.621073934114804,8.818909357181155],[12.452886405982895,8.771830587311797],[12.351462363897042,8.831314086575901],[12.301632880852821,8.805085181935624],[12.196910858449428,8.915528297293122],[12.042834599737034,8.800512862278822],[11.885989662992586,8.645840602162082]]]}},{"type":"Feature","properties":{"state_code":"34","state_name":"TARABA","lga_code":"02","lga_name":"BALI"},"geometry":{"type":"Polygon","coordinates":[[[11.531097412015981,8.666934012794513],[11.468438393117424,8.652001362872625],[11.433210965613625,8.676696740861928],[11.408464571782588,8.665846398792326],[11.372919195264672,8.70988488727778],[11.306404572313227,8.70775605799571],[11.278743338134575,8.6913972631732],[11.255911517302707,8.634586938436485],[11.276411147856265,8.58799555255274],[11.234346389774146,8.57054042929741],[11.110397338666303,8.631417274287799],[11.071396828001241,8.540719031658057],[11.020985603203087,8.484818459304506],[10.919166565384728,8.430065154783108],[10.862506866298872,8.361773491253643],[10.682637214935596,8.220463752899946],[10.653707198328561,8.209256210905437],[10.608902809417145,8.226615906199186],[10.567976080431833,8.147141907772891],[10.47926103896583,8.173644628996499],[10.316212552667196,8.141485813319662],[10.269955830597155,8.103985509423751],[10.273762969285656,8.06077449614611],[10.3020785546816,8.027414454213726],[10.319210673833595,8.031459536428486],[10.358933281645704,7.970629016416012],[10.340395926830581,7.929982661870383],[10.376346588224521,7.75166988355835],[10.361576079772306,7.702562808826599],[10.31563663492284,7.660703659146577],[10.359246253811591,7.572699547945831],[10.413476944305557,7.512855530258548],[10.43977642144472,7.500196933941425],[10.505825995972998,7.515279770644952],[10.561776161440719,7.562778472648461],[10.704106330842535,7.629734516135045],[10.771157265395516,7.624100686197778],[10.878906250223338,7.698151588325175],[10.881306647783617,7.755352496720377],[10.96670627557421,7.795526504844361],[11.033837318137785,7.895431519149327],[11.127176285057544,7.984405517700509],[11.172396659878018,8.005471230113244],[11.354341406031097,8.026648521412199],[11.3626183452605,8.064387321018103],[11.546277046348678,8.245888710395718],[11.629787914380813,8.386566553603586],[11.612894521165288,8.403721100948076],[11.679499931576629,8.462579997668797],[11.730189322978902,8.470869064255965],[11.790654182244737,8.531371116783646],[11.7900008337715,8.572766354783482],[11.757611853704134,8.6172123458731],[11.636946677946867,8.67342567455529],[11.531097412015981,8.666934012794513]]]}},{"type":"Feature","properties":{"state_code":"02","state_name":"ADAMAWA","lga_code":"17","lga_name":"SHELLENG"},"geometry":{"type":"Polygon","coordinates":[[[12.070938796788084,9.626094134736604],[12.093220995152876,9.618177079908378],[12.106713504025038,9.647310191312329],[12.251541138412847,9.665712357339487],[12.212430264744967,9.707953520138915],[12.167682143716036,9.812555876952217],[12.232483434962603,9.858759711691391],[12.225550652140953,9.937742234216785],[12.163776558941095,10.019760376040551],[12.165105077037708,10.060107366062141],[12.200647835629184,10.089934994204668],[12.171644862420521,10.12908129126862],[12.214148579593314,10.167473855733931],[12.207010197362763,10.194123819358822],[12.277613563715022,10.226934999650553],[12.212732014271069,10.280779547338284],[12.135995729319518,10.236650820878708],[12.088993786733909,10.1425141319217],[12.096594612051774,10.067908027033866],[12.01875399739913,10.066901094809737],[11.991216874159477,10.035313536590479],[12.003088951294103,10.022182465248648],[11.976682662574888,9.926598548584195],[11.998585701369052,9.888858794797613],[12.005302429263736,9.790565490604934],[11.961513135722669,9.739274556175872],[12.010935782560352,9.724273682784258],[11.981277343874353,9.681593964689739],[12.010746002226256,9.641987801096207],[11.900791653112378,9.670933262660014],[11.959984427639256,9.597783437155954],[12.014845908911639,9.611971023943624],[12.015015800738638,9.63209215412968],[12.070938796788084,9.626094134736604]]]}},{"type":"Feature","properties":{"state_code":"28","state_name":"ONDO","lga_code":"14","lga_name":"OKITIPUPA"},"geometry":{"type":"Polygon","coordinates":[[[4.85492563211227,6.431329250344675],[4.827821255446622,6.469830158834839],[4.868247509015362,6.536665915299807],[4.867969989923154,6.586525916837616],[4.811422348162864,6.584365845107698],[4.713235377111005,6.733406544276647],[4.63347721090463,6.736658096194219],[4.58254241879763,6.642193316568353],[4.600756167862926,6.618286609839231],[4.58824872959525,6.532358645635043],[4.605220794604008,6.492155074996788],[4.709562777899919,6.393589496558093],[4.806855678946476,6.405208588105893],[4.85492563211227,6.431329250344675]]]}},{"type":"Feature","properties":{"state_code":"08","state_name":"BORNO","lga_code":"04","lga_name":"BAYO"},"geometry":{"type":"Polygon","coordinates":[[[11.76392875830561,10.738186620016563],[11.753748839237574,10.662563407075652],[11.583307265617862,10.593869208797003],[11.572779010343083,10.572588160914961],[11.599836275124062,10.534209644759358],[11.662756957167915,10.49681982257681],[11.656472935377735,10.460607730962067],[11.602510642152481,10.427255061671815],[11.597003859440633,10.395011619790466],[11.552433174651355,10.368514793622865],[11.529335622141275,10.313622265954848],[11.589769665237895,10.282574223621566],[11.623104179914037,10.209670941860509],[11.686825954654125,10.18992448272877],[11.762360731862316,10.241925418423364],[11.794909017836972,10.22952579897651],[11.801468977711181,10.27183577969754],[11.839759182240527,10.30403809018577],[11.818510998284012,10.321974270696103],[11.826994715034118,10.367771022814509],[11.808416357428996,10.43248738478502],[11.744874156617072,10.475624662648102],[11.7248213847991,10.464680842347036],[11.703526255332463,10.527890766146015],[11.712095755714586,10.54134951177059],[11.794189645635697,10.526744242952475],[11.786121071230525,10.590129152338534],[11.83904274812437,10.664921226233673],[11.817231649720895,10.724715423278212],[11.76392875830561,10.738186620016563]]]}},{"type":"Feature","properties":{"state_code":"03","state_name":"AKWA IBOM","lga_code":"13","lga_name":"IKOT ABASI"},"geometry":{"type":"Polygon","coordinates":[[[7.697855453266584,4.54716296719721],[7.684194793654854,4.576900762959895],[7.719111510787627,4.590431152175995],[7.701905853172661,4.628786287757009],[7.709226413768022,4.71097306505493],[7.611951794140055,4.660778825082787],[7.525882899875967,4.663655941568493],[7.546675873093136,4.585180070104173],[7.527673825086993,4.549969406862658],[7.551956114782911,4.520256050176613],[7.616222712308399,4.559446910446582],[7.673619377032651,4.528315096264748],[7.697855453266584,4.54716296719721]]]}},{"type":"Feature","properties":{"state_code":"35","state_name":"YOBE","lga_code":"07","lga_name":"GUJBA"},"geometry":{"type":"Polygon","coordinates":[[[12.22062671375187,11.358808001388184],[12.246089312371907,11.39944590590386],[12.322065598248798,11.450897686778887],[12.373544407348561,11.549756497264582],[12.299958763186396,11.608619083903648],[12.274844400049062,11.694021494196647],[12.223719519140559,11.63285502433996],[12.192985098283714,11.659131583156068],[12.1142186873426,11.600525979590316],[12.048820616778073,11.622478409151313],[12.002174156412252,11.564159204583689],[11.94383601302161,11.610746975192797],[11.876824585686109,11.597776314125667],[11.80614133075784,11.632531301678284],[11.681808868084829,11.516971488143724],[11.608119113906014,11.392678059644766],[11.558895290984935,11.220549337182206],[11.631578575191156,11.267655141571595],[11.662683896244857,11.235721722979179],[11.657893107880682,11.196178296990865],[11.688155215590768,11.172481538792056],[11.72027409057688,11.209039168822642],[11.789803562084785,11.239958786169097],[11.842543148747382,11.216546040167657],[11.918836969050915,11.221805038072091],[11.929525069826184,11.167756855094808],[11.953508895219386,11.171982946555772],[11.980165466163385,11.136798520135642],[11.99888163767747,10.997738759636093],[12.04253903484863,11.049259288285555],[12.12600772737477,11.037815015950287],[12.16186704282984,11.061831651309717],[12.153060364244482,11.119552443390603],[12.114649772868745,11.155790329360286],[12.103222487827622,11.247841789067365],[12.186900138730493,11.301859856447265],[12.201899530039327,11.356550218317977],[12.22062671375187,11.358808001388184]]]}},{"type":"Feature","properties":{"state_code":"12","state_name":"EDO","lga_code":"04","lga_name":"ESAN NORTH EAST"},"geometry":{"type":"Polygon","coordinates":[[[6.53014085721486,6.793418537335697],[6.521652222072419,6.882270814446599],[6.483428954982344,6.925326824173624],[6.40668582888793,6.819289206931387],[6.379269122172275,6.813684940407711],[6.375123977789372,6.763563156114799],[6.238977979350295,6.737588018572239],[6.264313219579492,6.648426056317476],[6.372702162874589,6.672748061873619],[6.373497963060572,6.704424858020843],[6.429689884280776,6.714194775268709],[6.431306839239312,6.776103973619513],[6.53014085721486,6.793418537335697]]]}},{"type":"Feature","properties":{"state_code":"05","state_name":"BAUCHI","lga_code":"17","lga_name":"TAFAWA BALEWA"},"geometry":{"type":"Polygon","coordinates":[[[9.820927973447283,9.91148317171104],[9.790544439274527,9.956082313747856],[9.708284196358647,9.985364091179918],[9.702199768304695,10.027676428124721],[9.633179664709814,10.100270271156148],[9.624534629369691,10.186916878211434],[9.600826769939545,10.216172503358393],[9.601360614700639,10.188827605709491],[9.572189899044645,10.158223180955076],[9.523907526910875,10.151263819569692],[9.518265444794508,10.113158547129274],[9.619428050364263,10.03433882617594],[9.575795919645998,9.98638862493516],[9.622704115102863,9.97440061709483],[9.634680068430441,9.930127448722828],[9.68121161702254,9.929962555327734],[9.674283408152803,9.896063342849061],[9.651196260798827,9.881644820951749],[9.6301827450377,9.905770446948623],[9.624593316428445,9.884784443247497],[9.60277357733878,9.892659051873807],[9.571910610086661,9.86751242915534],[9.566090288635962,9.91090812091312],[9.535890469769413,9.893543557589169],[9.483703503014283,9.910705401133384],[9.370562744375206,9.867645047680867],[9.34900496700567,9.902075885393856],[9.296336995156253,9.898006023259427],[9.287657945657713,9.849850874618198],[9.23577593541114,9.789613285724613],[9.150382995878601,9.747989654998605],[9.216561886621832,9.683967479715477],[9.26715022390374,9.680388445070719],[9.284633191968283,9.6980523927038],[9.28975510441461,9.614358402018695],[9.327155113217941,9.595750809252479],[9.30929232008458,9.598940875421135],[9.30403186977503,9.571528104138736],[9.351026224780526,9.53226699782374],[9.397403716808128,9.531158446704978],[9.425445269783438,9.4768765029483],[9.569105228023886,9.472712446722085],[9.58992166725119,9.511536043653564],[9.576726021888476,9.52275239540677],[9.541125588874877,9.5097683407364],[9.486118445310069,9.529939031661058],[9.404609796405055,9.591551476219706],[9.437635802250497,9.654980667323969],[9.460999195256704,9.64231582071858],[9.474707971295913,9.686282650324074],[9.50855495294877,9.71439359498845],[9.432793287580182,9.717957556096394],[9.408041794593203,9.731711562638566],[9.417977131339569,9.754231673053312],[9.513859612131455,9.7494258147496],[9.524081543028842,9.767927693108618],[9.538714518160532,9.746607309779563],[9.613499076421306,9.723666156567901],[9.641782964312426,9.737136132926253],[9.75326596485246,9.689780101170754],[9.802263056994548,9.68929634415099],[9.807758447994047,9.57999554315984],[9.83887100229498,9.60123920442578],[9.96229171788849,9.612709998667526],[9.991197585899897,9.638402938844592],[9.972589634304256,9.699527657675333],[9.9303818183663,9.71534996822652],[9.88556709174793,9.763346840684221],[9.924085885055604,9.824836172551386],[9.914062385071077,9.84920551212474],[9.850272056810013,9.851940096858016],[9.820927973447283,9.91148317171104]]]}},{"type":"Feature","properties":{"state_code":"35","state_name":"YOBE","lga_code":"12","lga_name":"NANGERE"},"geometry":{"type":"Polygon","coordinates":[[[10.966604662075554,12.08484707393336],[10.916081586795826,12.086373564288635],[10.910208818682065,12.055128380670283],[10.867175708392267,12.006084573244493],[10.821933541199996,11.988275328443706],[10.799665032315431,11.945668566051552],[10.817000389256634,11.886130333148401],[10.877517119619426,11.828989119951984],[10.905356812566879,11.827323496382292],[10.927723747752793,11.776640976699753],[10.929659843327158,11.516030311649615],[10.951993469423144,11.543095262036786],[11.055794419676772,11.579757377101316],[11.055150486206003,11.62438613741034],[11.018786925376332,11.63245696371797],[11.035255704587144,11.675662742941256],[11.027997496687192,11.728972485391921],[11.013247751782387,11.732849880018023],[11.034343022212738,11.761516608404804],[11.0727761532969,11.754854426190889],[11.085737265362582,11.729846841358665],[11.11530576105207,11.746675319710278],[11.169716413981348,11.735670473213816],[11.205119231767185,11.762888742721373],[11.243801123423168,11.857705886617396],[11.13333701159388,11.855343794780367],[11.107814710580499,11.83742388660312],[11.055543659012699,11.89369861469936],[11.03327046735825,11.965434294057502],[10.976115051168733,12.003687376371374],[10.996380607079402,12.020794150829431],[10.959491075952428,12.069699701879813],[10.966604662075554,12.08484707393336]]]}},{"type":"Feature","properties":{"state_code":"03","state_name":"AKWA IBOM","lga_code":"11","lga_name":"IKA"},"geometry":{"type":"Polygon","coordinates":[[[7.546370543365924,5.086382270225613],[7.518901825259093,5.053178786771639],[7.533027171766605,5.0423498152918],[7.471143246163933,4.995911120801622],[7.460275173060836,4.977698802557768],[7.473587990193664,4.965109824558795],[7.52052459793191,4.959977866685222],[7.587792414788169,4.998772526131233],[7.603775854172397,5.049813750304395],[7.546370543365924,5.086382270225613]]]}},{"type":"Feature","properties":{"state_code":"05","state_name":"BAUCHI","lga_code":"04","lga_name":"DAMBAM"},"geometry":{"type":"Polygon","coordinates":[[[10.877517119619426,11.828989119951984],[10.854347990967085,11.7952935535547],[10.825068525691961,11.801324022285826],[10.804869795704576,11.760637488729174],[10.756640828911202,11.749404371814364],[10.735554870061264,11.78437544936753],[10.686916653280946,11.809314471685582],[10.631656969293772,11.705398043085268],[10.58185973413947,11.697841510277499],[10.557117274842426,11.662927825658699],[10.597368336879299,11.660204372733688],[10.599315610127348,11.567550199981781],[10.638471815022285,11.56540959587619],[10.707671628343007,11.493158035714828],[10.717995981229592,11.427899682024758],[10.770072769342903,11.433235202342757],[10.83540044367561,11.479453121364486],[10.856428167825754,11.479087415651748],[10.880061757644057,11.445250593640026],[10.934409244890787,11.467793931744609],[10.927723747752793,11.776640976699753],[10.905356812566879,11.827323496382292],[10.877517119619426,11.828989119951984]]]}},{"type":"Feature","properties":{"state_code":"05","state_name":"BAUCHI","lga_code":"08","lga_name":"GANJUWA"},"geometry":{"type":"Polygon","coordinates":[[[10.242103171224414,10.441853145806078],[10.322766165126495,10.490739145595114],[10.30478963293524,10.536529045778877],[10.336720694404562,10.55605466199313],[10.346135767052033,10.591368358762793],[10.426543162836765,10.615140234634168],[10.466976729692362,10.606968750807255],[10.499664624622767,10.712026404694882],[10.52667682707397,10.736966696855632],[10.501936066596272,10.774850238747547],[10.44067264892368,10.772706958259562],[10.452224830911291,10.809114843974896],[10.489358627798481,10.807221476989639],[10.516359507785126,10.840423920827334],[10.470919772129832,10.849431026820469],[10.422213080069639,10.832289553819919],[10.476654294660023,10.897987345939327],[10.435010530811383,10.918345475363424],[10.351376003299947,10.86777771906651],[10.281285398902071,10.899972645221453],[10.258920860409432,10.930191152000134],[10.324286291878934,10.959732139226901],[10.335250542078882,11.084008218904216],[10.27734715614639,11.107120272982286],[10.248065013589553,11.079318210367148],[10.218497656441741,11.094665649200408],[10.189215512985584,11.081697348853595],[10.153594868608366,11.013602927333295],[10.221513326978481,10.95371747068475],[10.172739982564167,10.942210197242844],[10.11991977707612,10.95423984459319],[10.111928562353341,10.992182408991027],[9.985526601371589,10.95821580491554],[9.929153422692366,10.991567538910829],[9.881496112655498,10.989273191204859],[9.832010826238673,11.029883830974086],[9.785983924118852,11.008491967730151],[9.769121426212905,11.047823160910184],[9.725458355218962,11.034395063281579],[9.627883333249258,11.052436000421153],[9.638707517637897,10.963062582372345],[9.606471783845791,10.934948869594677],[9.598320979030007,10.859272547190358],[9.417511423713279,10.789195087283474],[9.44551969277967,10.758942908088784],[9.60292844329308,10.683882772372101],[9.605071570896314,10.661574981999877],[9.673994785131299,10.600862888311667],[9.722486677718052,10.607997084198132],[9.778921186563537,10.546634265359103],[9.804579931818466,10.545432168559785],[9.811114228638814,10.463107276079995],[9.84828098028305,10.45219299940743],[9.8624137668819,10.383269521671139],[9.913534695270016,10.386467680838848],[9.916698854668482,10.368700599852843],[10.010835808026172,10.376904701191052],[10.015101562287327,10.427514918079055],[10.068376017139542,10.42810009794124],[10.104982985776246,10.475659542853691],[10.137632671210838,10.446819337942145],[10.215589429708473,10.460919460264904],[10.242103171224414,10.441853145806078]]]}},{"type":"Feature","properties":{"state_code":"08","state_name":"BORNO","lga_code":"26","lga_name":"NGANZAI"},"geometry":{"type":"Polygon","coordinates":[[[13.40194491912274,12.546848642650787],[13.387070916689481,12.582912231014689],[13.336820266741938,12.546231934356342],[13.323872824371392,12.557214011817223],[13.358548421572436,12.651874301357964],[13.310112962343396,12.627897898069591],[13.22395533107374,12.622340226320432],[13.21006448908497,12.656170398744962],[13.250300363371139,12.71265908364984],[13.205788877354848,12.732351859550704],[13.198069354117422,12.772844629675944],[13.15766565644492,12.793200203226831],[13.082800186179725,12.792612069991094],[13.020431931588405,12.610116230079996],[12.999932056419311,12.604317503150298],[12.944059022206147,12.516030895109793],[12.908231024742065,12.497163477412585],[12.930335810249517,12.480614750270547],[12.883156384659458,12.46088863020617],[12.902646122420663,12.44475851139623],[12.873398700889368,12.387556564284068],[12.869766481238173,12.30814059461278],[13.135717776554202,12.366364721055106],[13.133885369214454,12.289247841214944],[13.110807089175864,12.254995905636576],[13.263422327278647,12.086638051305044],[13.286284557786189,12.09455185868137],[13.271433094162035,12.251817504574205],[13.250580914077943,12.293023818394545],[13.309721113338753,12.319450977680503],[13.286894326012373,12.373216347256687],[13.367126205609964,12.394617360203085],[13.347097788332292,12.518723116378794],[13.40194491912274,12.546848642650787]]]}},{"type":"Feature","properties":{"state_code":"32","state_name":"RIVERS","lga_code":"03","lga_name":"AHOADA WEST"},"geometry":{"type":"Polygon","coordinates":[[[6.578727744290006,5.177153394813388],[6.534568309579868,5.18684530306831],[6.493334769683941,5.163454056259752],[6.410391808235431,4.991127015299583],[6.437415122709808,4.966485977046261],[6.433986186713184,4.93030118884883],[6.465924000292432,4.926993000326775],[6.517567000416761,4.868050000806932],[6.560096298805206,4.851087211405741],[6.579495053054302,4.86563714044172],[6.577118222228194,4.899041403837771],[6.546547275636328,4.934183411934953],[6.558135792932546,4.963339579258218],[6.544145325846159,4.983478071755655],[6.576263377952557,5.026637020582086],[6.578727744290006,5.177153394813388]]]}},{"type":"Feature","properties":{"state_code":"02","state_name":"ADAMAWA","lga_code":"18","lga_name":"SONG"},"geometry":{"type":"Polygon","coordinates":[[[12.648428137948258,9.562032419860316],[12.676378844108399,9.595206929855976],[12.718624829971986,9.576982403315299],[12.716303410873763,9.550121795084806],[12.736246869197714,9.551233513615784],[12.772501737964888,9.613376883736237],[12.749143899171656,9.675036619144691],[12.794878964992279,9.693538521785399],[12.888578340617983,9.676615701853223],[12.944670757249696,9.696764730807729],[12.954536910050422,9.725291837648228],[13.089605330921358,9.709326744433781],[13.092070581292319,9.7744665153175],[13.055258751590145,9.871650694623895],[13.069261573562812,9.96523698769687],[13.047439576275451,9.993946075051383],[13.054445268034726,10.020223617725833],[12.960382748864845,9.993460968149236],[12.89644984478457,10.025364389854758],[12.831892014405014,10.005863190234095],[12.820795059344562,10.08334732082227],[12.78197491131317,10.088748748855721],[12.761785529778422,10.139461379638988],[12.720972505676627,10.105534739636596],[12.716403939790041,10.049189103594301],[12.633990604382916,10.034019074920423],[12.588108761110504,10.113297281044709],[12.568106899014253,10.096092279035474],[12.569548606682929,10.044777869603024],[12.35354646719577,10.018707070275127],[12.338317916938365,9.964645714927826],[12.310906526115332,10.004239946316545],[12.276733174196693,9.945212147023028],[12.222051620286095,9.92631721456786],[12.232483434962603,9.858759711691391],[12.167682143716036,9.812555876952217],[12.212430264744967,9.707953520138915],[12.251541138412847,9.665712357339487],[12.227250326741228,9.655853703085995],[12.229839175437633,9.59106691610532],[12.272093773209122,9.522192000860173],[12.340386390919264,9.546753882585676],[12.381607252173012,9.613165221098143],[12.507310105377087,9.607438251074484],[12.648428137948258,9.562032419860316]]]}},{"type":"Feature","properties":{"state_code":"10","state_name":"DELTA","lga_code":"14","lga_name":"OSHIMILI - NORTH"},"geometry":{"type":"Polygon","coordinates":[[[6.575504780021618,6.495079994046534],[6.566765785312782,6.318170070892108],[6.634452820241506,6.23620891640843],[6.610161781041427,6.193010806603468],[6.610406875976594,6.137534142286881],[6.645172596038549,6.101227282812886],[6.688491821140701,6.108403206342928],[6.714019298651749,6.156132221125176],[6.687438010855544,6.188879966837021],[6.70581483758474,6.261802197313614],[6.723134636254485,6.265575642901638],[6.712820052703307,6.353365898017842],[6.668920994208577,6.50123405570713],[6.575504780021618,6.495079994046534]]]}},{"type":"Feature","properties":{"state_code":"32","state_name":"RIVERS","lga_code":"12","lga_name":"GOKANA"},"geometry":{"type":"Polygon","coordinates":[[[7.305000039820015,4.593529190719607],[7.330523000036465,4.65566000000905],[7.357339760921263,4.657823042199709],[7.36095738367635,4.688117580362075],[7.331904843433847,4.710089666405054],[7.234001387254239,4.695414585914477],[7.247973483889211,4.597701315663244],[7.282056483619897,4.5600519896077],[7.305000039820015,4.593529190719607]]]}},{"type":"Feature","properties":{"state_code":"36","state_name":"ZAMFARA","lga_code":"04","lga_name":"BUKKUYUM"},"geometry":{"type":"Polygon","coordinates":[[[5.750572373816055,12.323924794593665],[5.566670184881161,12.351511994782754],[5.541099998566153,12.272842643173476],[5.469656470269911,12.25259491362442],[5.43867349658467,12.343040293874537],[5.39646995332572,12.344877203220392],[5.384537242999386,12.32426108528091],[5.311578238345078,12.35577355010929],[5.34820728983459,12.283570234079093],[5.402699999605318,12.266499999975053],[5.39011303159117,12.171981108141665],[5.34699464758495,12.132743594641227],[5.374293994572213,12.01537702872696],[5.359922051261719,11.97978029282632],[5.305766821981308,11.962448224705838],[5.283622021139422,11.92454584111772],[5.247767460400041,11.921402522608389],[5.231357046290725,11.885364164724479],[5.270796733682346,11.780028915302239],[5.288020616058645,11.769443637613847],[5.315757647797284,11.79082689974166],[5.296153065711451,11.755298951185694],[5.327990740680207,11.772153914571561],[5.349867734208601,11.709346592071597],[5.440152410105668,11.708834958766374],[5.459999638272734,11.673064576369143],[5.49722284395915,11.655896177666534],[5.564082545772919,11.68435968175396],[5.669687793257083,11.66144479683993],[5.705030877173272,11.68797303542732],[5.760735970188932,11.686552657878906],[5.870744810124961,11.617773384634063],[5.912908361431789,11.63565341507308],[5.94873595330165,11.76840727777369],[5.854737738355993,11.88780309463715],[5.818958255718996,12.0193237062241],[5.747098840439207,12.046129757981987],[5.73769999965532,12.088000000799468],[5.693870179065584,12.088897910909907],[5.681906941252407,12.130459707849298],[5.721117333897894,12.160272248065837],[5.722539385983907,12.242736112781415],[5.751838944811482,12.25398330858286],[5.750572373816055,12.323924794593665]]]}},{"type":"Feature","properties":{"state_code":"35","state_name":"YOBE","lga_code":"03","lga_name":"DAMATURU"},"geometry":{"type":"Polygon","coordinates":[[[11.848710158846814,11.619918833387487],[11.876824585686109,11.597776314125667],[11.94383601302161,11.610746975192797],[12.002174156412252,11.564159204583689],[12.048820616778073,11.622478409151313],[12.1142186873426,11.600525979590316],[12.195800202017779,11.657500007019735],[12.244301686773497,11.809345082809386],[12.270383413763568,11.826470028968686],[12.256122671624041,11.885600599188365],[12.2805792166576,11.995364176915302],[12.23796180629239,12.089630787331032],[12.236437327720523,12.137348869055131],[12.161536961961247,12.11231439539307],[12.07645686059567,12.14446969561999],[12.041329213772258,12.09850412186779],[12.061715243763558,12.074972385667138],[11.977572751281514,11.995458565260606],[11.908725955138777,11.997676439116447],[11.891078364375062,11.976496108108961],[11.88413116002505,12.008393314599857],[11.837023878948912,11.975790463159399],[11.774824347065987,12.018734077415786],[11.722676187855825,12.013931475557229],[11.713088457066704,11.959187202927126],[11.78694404083484,11.903979586988385],[11.800823861631955,11.813426935604639],[11.842273458253544,11.784866332615195],[11.850526773192087,11.744338631922346],[11.812822571404581,11.684927573948414],[11.848710158846814,11.619918833387487]]]}},{"type":"Feature","properties":{"state_code":"35","state_name":"YOBE","lga_code":"06","lga_name":"GEIDAM"},"geometry":{"type":"Polygon","coordinates":[[[12.49920212178057,12.709766915210992],[12.484987701920943,12.801647797807675],[12.40924346901096,12.859631009363625],[12.394541236189127,12.916384550906344],[12.408476351802221,13.023484852044362],[12.343732394134747,12.984995582580098],[12.280992077422468,12.909521263195813],[12.214634750393486,12.901088253819921],[12.171205831384043,12.857334299138643],[12.107527797869636,12.85582622420094],[12.051820423273966,12.905280051433294],[12.013948629225922,12.859640112301406],[11.967008310884864,12.901690387701308],[11.977665207883092,12.932019786284172],[11.954806857050869,13.006592626148802],[11.898055979300068,12.944175891804036],[11.892787872162614,12.92212413302235],[11.9172737171084,12.89944219320273],[11.900645642782251,12.894131996894203],[11.90607345602524,12.878507967968403],[11.871733490308372,12.903715752679886],[11.78779285335753,12.867052376765798],[11.757013327902825,12.87707369679373],[11.751011915367656,12.858536836605765],[11.719816450768633,12.851643091555502],[11.68235951308111,12.872019244292744],[11.661089236379212,12.8550280731871],[11.69806702067649,12.802232217742699],[11.764903957052013,12.779316053992773],[11.787054310308235,12.750866500188863],[11.77160879590923,12.726125336814903],[11.809435303696375,12.692113933011626],[11.791149068374864,12.673971719619203],[11.816385901188426,12.632317433702667],[11.806316319042935,12.59264945970483],[11.722459076225448,12.502138159148785],[11.714734564448634,12.393944511729899],[11.740227349712484,12.379711653070387],[11.742395437099788,12.447870974166165],[11.928176601169241,12.48401708522033],[11.9837965562661,12.399529144254643],[12.043216117330019,12.394600355821808],[12.177117123756318,12.43805099435798],[12.28324398432244,12.409534068742346],[12.353099855773792,12.459763706929607],[12.376953432355094,12.519854223393736],[12.418808687071305,12.524414570376166],[12.436499563104405,12.54821824087918],[12.427527108889024,12.60246847543982],[12.464610142644005,12.61369227897552],[12.500896295227903,12.674995414306977],[12.49920212178057,12.709766915210992]]]}},{"type":"Feature","properties":{"state_code":"35","state_name":"YOBE","lga_code":"15","lga_name":"TARMUWA"},"geometry":{"type":"Polygon","coordinates":[[[11.722676187855825,12.013931475557229],[11.774824347065987,12.018734077415786],[11.837023878948912,11.975790463159399],[11.88413116002505,12.008393314599857],[11.891078364375062,11.976496108108961],[11.908725955138777,11.997676439116447],[11.977572751281514,11.995458565260606],[12.061715243763558,12.074972385667138],[12.041329213772258,12.09850412186779],[12.07645686059567,12.14446969561999],[12.161536961961247,12.11231439539307],[12.236437327720523,12.137348869055131],[12.263557584614887,12.178513286159273],[12.2502719126187,12.212718507353259],[12.28485845085686,12.26623331681418],[12.284636287734543,12.315216255425923],[12.268436659424367,12.323458506904615],[12.286157437915449,12.329891546357828],[12.28324398432244,12.409534068742346],[12.177117123756318,12.43805099435798],[12.043216117330019,12.394600355821808],[11.9837965562661,12.399529144254643],[11.928176601169241,12.48401708522033],[11.742395437099788,12.447870974166165],[11.740227349712484,12.379711653070387],[11.714734564448634,12.393944511729899],[11.723676397647694,12.51462463062228],[11.677832732394734,12.49173583594012],[11.613765419238746,12.507253863574988],[11.57126234238325,12.478508403140324],[11.564951945276107,12.494868472302187],[11.54341816181875,12.48209378340141],[11.517404115107865,12.502806793398861],[11.491392049603462,12.471678407432591],[11.479539437395147,12.483166602656638],[11.453303842698233,12.452301745029558],[11.316875145071947,12.399390207092438],[11.335115475398936,12.338481644812134],[11.425233683187969,12.319594969032664],[11.416015217628228,12.185801181579336],[11.565135022962977,12.164381005878795],[11.613111952054965,12.117551683663294],[11.606757627562502,12.046071721133046],[11.722676187855825,12.013931475557229]]]}},{"type":"Feature","properties":{"state_code":"02","state_name":"ADAMAWA","lga_code":"10","lga_name":"MADAGALI"},"geometry":{"type":"Polygon","coordinates":[[[13.336167251017855,10.866908919111381],[13.32091128133061,10.7441425205609],[13.334333882302872,10.72597138766946],[13.390663977160841,10.703785498601917],[13.397613094368864,10.719094593940383],[13.432659512626458,10.71299060743064],[13.45644995500146,10.68724919379531],[13.466993288309652,10.706466340749103],[13.559556050371498,10.639846131993465],[13.750673561235885,10.914141311172614],[13.66988372965045,10.94469165699445],[13.585414885788396,10.949460982138646],[13.383103623133763,10.87844466868654],[13.388671172136924,10.895939577949207],[13.350378989998433,10.931692123192988],[13.336167251017855,10.866908919111381]]]}},{"type":"Feature","properties":{"state_code":"02","state_name":"ADAMAWA","lga_code":"13","lga_name":"MICHIKA"},"geometry":{"type":"Polygon","coordinates":[[[13.32091128133061,10.7441425205609],[13.232516224943879,10.58885586070943],[13.248612422225563,10.511078841615301],[13.358753593803385,10.51679778698832],[13.356729073288136,10.48575088769337],[13.454612319003388,10.423450015705725],[13.525473461631009,10.424665147278745],[13.558099423849399,10.64777692576456],[13.50524563587743,10.672898991595218],[13.501343980240563,10.69324576258191],[13.466993288309652,10.706466340749103],[13.45644995500146,10.68724919379531],[13.397613094368864,10.719094593940383],[13.390663977160841,10.703785498601917],[13.32091128133061,10.7441425205609]]]}},{"type":"Feature","properties":{"state_code":"02","state_name":"ADAMAWA","lga_code":"14","lga_name":"MUBI NORTH"},"geometry":{"type":"Polygon","coordinates":[[[13.46888732888715,10.186109542421491],[13.463609695231298,10.21749877764654],[13.50768093342839,10.214493113866183],[13.517369148167688,10.257323410846766],[13.487548915150342,10.278110014165861],[13.492162320334842,10.389801305785682],[13.518814913577444,10.393795715699753],[13.531824422659042,10.453878910783146],[13.525473461631009,10.424665147278745],[13.486556473702365,10.416717730438961],[13.356729073288136,10.48575088769337],[13.358753593803385,10.51679778698832],[13.248612422225563,10.511078841615301],[13.204278795130335,10.383836656636447],[13.218346557147925,10.362147286867867],[13.184565200823386,10.347983844179112],[13.221329050795134,10.314663135895046],[13.23002299576467,10.276288057847637],[13.212055113252916,10.273041336188783],[13.18151156720512,10.30787948135304],[13.1641855829983,10.286255601115158],[13.17514323936905,10.251525137175406],[13.237481907164351,10.220333001866607],[13.253683404265757,10.253371380584781],[13.229671029894178,10.268006659779587],[13.296151820350303,10.266658338611478],[13.31122739772627,10.285374978672394],[13.402197839059056,10.249540328923104],[13.4110555964387,10.211174048943235],[13.46888732888715,10.186109542421491]]]}},{"type":"Feature","properties":{"state_code":"12","state_name":"EDO","lga_code":"16","lga_name":"OWAN EAST"},"geometry":{"type":"Polygon","coordinates":[[[6.18031787956653,7.112758159661382],[6.161640166660391,7.168931961341002],[6.100776196364393,7.202536106256332],[6.066176889551855,7.246550082820136],[5.991885184953389,7.225522993591312],[5.909392834211985,7.277768134791643],[5.896522044656706,7.258053779658269],[5.893875121339818,7.182878969588842],[5.843033791276468,7.109847068587385],[5.991581917371661,7.035220146192842],[5.972817898327378,6.947281836587536],[6.019381046398223,6.847953795831074],[6.044764996607341,6.850041866938682],[6.04481133417579,6.776801319625235],[6.113788128219596,6.817440034430092],[6.167360782973788,6.823766231726268],[6.214962005891891,6.940337180916231],[6.219188211566745,7.037374973076567],[6.18031787956653,7.112758159661382]]]}},{"type":"Feature","properties":{"state_code":"02","state_name":"ADAMAWA","lga_code":"07","lga_name":"HONG"},"geometry":{"type":"Polygon","coordinates":[[[13.237481907164351,10.220333001866607],[13.179767162124904,10.246109634751917],[13.1641855829983,10.286255601115158],[13.18151156720512,10.30787948135304],[13.212055113252916,10.273041336188783],[13.23002299576467,10.276288057847637],[13.221329050795134,10.314663135895046],[13.184565200823386,10.347983844179112],[13.218346557147925,10.362147286867867],[13.204278795130335,10.383836656636447],[13.234515258672275,10.463177128221957],[13.191007673265574,10.409659164838615],[13.05197038232734,10.464411736412558],[12.958608525862815,10.548149108594544],[12.760801315328479,10.582926750069532],[12.72832489237993,10.568127632384403],[12.652495384854149,10.439009665763535],[12.595649718559741,10.443598746984662],[12.676725388865634,10.345226288062804],[12.729398165792759,10.340648585064173],[12.784082226113867,10.299157722151222],[12.790637628224033,10.255269210006077],[12.75406017983346,10.244281091798996],[12.774795531688483,10.211400032385654],[12.761785529778422,10.139461379638988],[12.78197491131317,10.088748748855721],[12.820795059344562,10.08334732082227],[12.831892014405014,10.005863190234095],[12.89644984478457,10.025364389854758],[12.960382748864845,9.993460968149236],[13.054445268034726,10.020223617725833],[13.089598908862627,10.057334303835091],[13.08019623157088,10.075681320736408],[13.130794841808552,10.243743681225965],[13.186811986983685,10.216627891264238],[13.237481907164351,10.220333001866607]]]}},{"type":"Feature","properties":{"state_code":"20","state_name":"KATSINA","lga_code":"31","lga_name":"SABUWA"},"geometry":{"type":"Polygon","coordinates":[[[6.889442272842643,11.383641353365817],[7.006193161085548,11.361789702732665],[7.008699893585288,11.293840408408187],[6.97570038266656,11.239037302129816],[7.068960525807654,11.203290701404796],[7.144266285260926,11.130118950429278],[7.200276174705721,11.151728553030352],[7.219711441429922,11.194185952419843],[7.192830775619825,11.273820255000828],[7.132662815836341,11.357451937956625],[7.124986716363935,11.381978952966335],[7.150560044010888,11.390549980397338],[7.119660291789103,11.428379485624816],[7.071003161366832,11.443899963912258],[7.111773390329745,11.475508585153136],[7.107757615221828,11.550932422893027],[7.073918777829363,11.562440055164473],[7.039759341120771,11.533422635246495],[7.003517659112731,11.535346929916955],[6.901128918764641,11.491805499424288],[6.889442272842643,11.383641353365817]]]}},{"type":"Feature","properties":{"state_code":"11","state_name":"EBONYI","lga_code":"11","lga_name":"OHAOZARA"},"geometry":{"type":"Polygon","coordinates":[[[7.669428349238956,6.063587189197449],[7.667158126746187,6.03043842319471],[7.711205005906322,5.970952511049575],[7.707358747608168,5.933398698391272],[7.727421000079119,5.907747000223935],[7.755565969693805,5.922681786934959],[7.777877787230125,5.96924246456814],[7.803137048236238,5.956123875816274],[7.806865060973848,5.980547322201232],[7.857778158735073,5.961071123733404],[7.890835388142705,5.979475938263988],[7.913033999919207,5.969315000287054],[7.835655052238906,6.07799888793835],[7.815695448386293,6.046862730930343],[7.726202385431804,6.11489963540987],[7.713829533406283,6.083912410629296],[7.669428349238956,6.063587189197449]]]}},{"type":"Feature","properties":{"state_code":"36","state_name":"ZAMFARA","lga_code":"08","lga_name":"KAURA NAMODA"},"geometry":{"type":"Polygon","coordinates":[[[6.500835034609224,12.446549929435719],[6.597910699019565,12.4475277452093],[6.639047532117957,12.336594634235041],[6.686382116841287,12.346664507760863],[6.684163278912251,12.313273958126729],[6.73682342396188,12.313861216322152],[6.837610289183544,12.277980300050842],[6.832826456176065,12.33508702784411],[6.76737946968683,12.372988264796618],[6.772046209165296,12.3868597308919],[6.701091224980075,12.396363614289442],[6.668689758725407,12.460860130690548],[6.691708458678477,12.481154279646319],[6.656199115296999,12.552232103129086],[6.698334268711562,12.591985617042667],[6.74316898186305,12.587123040296149],[6.762867948696908,12.620585756927198],[6.753163028151278,12.636850165202986],[6.727335589865618,12.626381376699214],[6.559834956717907,12.678806304967054],[6.539562957164776,12.676190765291608],[6.531707897101796,12.652041449353476],[6.417276932384596,12.640002028171125],[6.41994923906617,12.567089245072623],[6.392443225174759,12.50220135990486],[6.448627665834181,12.495721481061537],[6.462769610229373,12.463665708805479],[6.500835034609224,12.446549929435719]]]}},{"type":"Feature","properties":{"state_code":"20","state_name":"KATSINA","lga_code":"11","lga_name":"DUTSI"},"geometry":{"type":"Polygon","coordinates":[[[8.250597690131372,12.879914139825758],[8.22136210008091,12.962514928121493],[8.1609624866295,13.038451708579544],[8.048314095119451,13.003299714410332],[8.048723321723969,12.955311825280546],[8.083850089010468,12.923685534160143],[8.073518263656979,12.877278972446675],[8.0922618204267,12.864477640230973],[8.095010940002908,12.810254550806917],[8.242117851257888,12.826141564881368],[8.262792512364626,12.856489801563157],[8.250597690131372,12.879914139825758]]]}},{"type":"Feature","properties":{"state_code":"19","state_name":"KANO","lga_code":"20","lga_name":"KABO"},"geometry":{"type":"Polygon","coordinates":[[[8.282085333671262,11.821290159713158],[8.261598765770486,11.872223342932955],[8.288617267972597,11.876237252846977],[8.255422399124484,11.932073160348125],[8.217910475088388,11.908937854298586],[8.122770710200143,12.011963741833256],[8.085841798660113,11.961594157444438],[8.077283085645945,11.97977618921982],[8.038436171991805,11.982738127062987],[8.006875773298361,11.950867624141608],[8.111997888791564,11.931531826032995],[8.123439151096022,11.89993280325632],[8.08502036329918,11.890520182160742],[8.07860715569575,11.848343927030669],[8.128583006100882,11.851937361620003],[8.141134292613572,11.790183438415],[8.191077504823056,11.80045361704083],[8.222627216872581,11.771666752718488],[8.282085333671262,11.821290159713158]]]}},{"type":"Feature","properties":{"state_code":"20","state_name":"KATSINA","lga_code":"07","lga_name":"DANDUME"},"geometry":{"type":"Polygon","coordinates":[[[7.194785908043286,11.257561206684386],[7.308339408736799,11.292940184342058],[7.308822526338588,11.374419893962965],[7.295016083925191,11.384228158302903],[7.318741723851531,11.431938997786574],[7.24641579515287,11.50794158523604],[7.23692712378778,11.467788543006918],[7.233333654124863,11.484243879151734],[7.185193114071012,11.498611476938152],[7.17665626807235,11.576295016002234],[7.135398647030001,11.57844751274257],[7.107757615221828,11.550932422893027],[7.111773390329745,11.475508585153136],[7.071003161366832,11.443899963912258],[7.119660291789103,11.428379485624816],[7.150560044010888,11.390549980397338],[7.124986716363935,11.381978952966335],[7.132662815836341,11.357451937956625],[7.194785908043286,11.257561206684386]]]}},{"type":"Feature","properties":{"state_code":"19","state_name":"KANO","lga_code":"10","lga_name":"DAWAKI TOFA"},"geometry":{"type":"Polygon","coordinates":[[[8.387695256730751,12.022203651077689],[8.441149372745429,12.092843573971834],[8.5144812821855,12.144208472243236],[8.490764909772793,12.165782058795003],[8.49726664663848,12.200525642944115],[8.522449082159483,12.20432202034499],[8.493195354581985,12.2171875929331],[8.514911391947237,12.264752265604614],[8.446607470658307,12.228593821247898],[8.414590053588142,12.254038927154795],[8.352042833010387,12.187729812780674],[8.296339431619515,12.185227638944411],[8.291150302944175,12.146781075586205],[8.225236025122513,12.171776920668378],[8.206040565319881,12.16112310384824],[8.328999999750238,12.077230274857357],[8.349445913797922,12.096664645856777],[8.355094744426935,12.049728525551075],[8.387695256730751,12.022203651077689]]]}},{"type":"Feature","properties":{"state_code":"19","state_name":"KANO","lga_code":"17","lga_name":"GEZAWA"},"geometry":{"type":"Polygon","coordinates":[[[8.598800000419715,11.970300001344015],[8.631900000684539,11.962400001259084],[8.69257215817862,12.01114233704925],[8.736013662300707,11.96197019906549],[8.838300420428084,11.974040195398743],[8.82277439422296,11.992430847405728],[8.840807339087462,12.018089291387753],[8.82793967017966,12.061238360262166],[8.8022448603121,12.062576599130807],[8.792657677210059,12.100253918383657],[8.762959591012361,12.119231736855227],[8.778529939405246,12.158343565603104],[8.640015606934753,12.128351220332604],[8.647971473804546,12.083200840646327],[8.60431835290973,12.025872726744979],[8.588979864129499,12.034300386054042],[8.619986339797777,12.003522028818622],[8.601370300598944,11.998277390389319],[8.598800000419715,11.970300001344015]]]}},{"type":"Feature","properties":{"state_code":"33","state_name":"SOKOTO","lga_code":"02","lga_name":"BODINGA"},"geometry":{"type":"Polygon","coordinates":[[[5.08520000077948,12.774099997816677],[5.1295135792883,12.798847494216545],[5.139986163830429,12.776592174789073],[5.180644026100993,12.765174222012774],[5.199791000754146,12.67721806895878],[5.225280392875902,12.652263858890024],[5.308782949373665,12.617881925410586],[5.353534674885395,12.622384694198331],[5.383197290922283,12.726526224905399],[5.275250562263693,12.81297186585897],[5.236203071014984,12.931558337847036],[5.18782146858598,12.949580874857531],[5.151214250837029,12.992760810263235],[5.108445441404058,12.991524198383104],[5.12028663132304,12.975813257176128],[5.106199997931583,12.931100000164918],[5.057934580716392,12.933655312242934],[5.102722607362466,12.857410799069157],[5.058554137163753,12.834530139654248],[5.054432492065928,12.78526759372454],[5.08520000077948,12.774099997816677]]]}},{"type":"Feature","properties":{"state_code":"36","state_name":"ZAMFARA","lga_code":"14","lga_name":"ZURMI"},"geometry":{"type":"Polygon","coordinates":[[[6.550021568940281,12.67795319728225],[6.727335589865618,12.626381376699214],[6.753163028151278,12.636850165202986],[6.750702287880358,12.579788017702924],[6.782406957615024,12.589090433176978],[6.783546084784007,12.619611619380805],[6.816697396767495,12.642835336881319],[6.988991772552311,12.673441929001854],[7.06071415723261,12.739841594314157],[7.051266663126057,12.995474501047454],[6.933332443337633,12.997220992554787],[6.792771964354699,13.132260001997565],[6.743458595038192,13.11846701613996],[6.687695734070928,13.132893988966487],[6.683200001578882,13.107200000179887],[6.606790565332346,13.046604267073292],[6.736624806889381,13.005731911998168],[6.747409632448637,12.935282506882231],[6.562512251039607,12.890397408313788],[6.527189808363005,12.916677347681514],[6.464665994440168,12.924886953769942],[6.437142682089132,12.964566797020098],[6.403986359982582,12.960745020965987],[6.422795105010152,12.926547697618219],[6.342226868175487,12.902407633005907],[6.40443587981207,12.83234512882467],[6.430342970152026,12.832113386123922],[6.437711041931095,12.86918963989001],[6.455534197445331,12.86821377924258],[6.488663057853898,12.787017436105828],[6.42089679535087,12.776512612666977],[6.375072142665317,12.723071314689491],[6.420998230783766,12.7181351751982],[6.499340873982192,12.760685455669318],[6.567407644946911,12.73901874701761],[6.550021568940281,12.67795319728225]]]}},{"type":"Feature","properties":{"state_code":"19","state_name":"KANO","lga_code":"43","lga_name":"WARAWA"},"geometry":{"type":"Polygon","coordinates":[[[8.863586592747083,11.961443259299017],[8.800279388383103,11.980162665674527],[8.736013662300707,11.96197019906549],[8.69257215817862,12.01114233704925],[8.631900000684539,11.962400001259084],[8.631709715830766,11.937046673864984],[8.673060365443575,11.937072008666291],[8.673844462751788,11.907558330252812],[8.713765533852381,11.919943303340801],[8.73772641394288,11.88734363190315],[8.707473988333959,11.86150997210757],[8.724799489604834,11.840055197689253],[8.74747775839188,11.824443135142644],[8.774471602082826,11.834905809155828],[8.826685524217623,11.795195572417754],[8.87225955563406,11.866778558583633],[8.863586592747083,11.961443259299017]]]}},{"type":"Feature","properties":{"state_code":"33","state_name":"SOKOTO","lga_code":"19","lga_name":"TANGAZA"},"geometry":{"type":"Polygon","coordinates":[[[5.070968035146734,13.172954402823507],[5.106688023133813,13.190312385808],[5.13471255913737,13.249599480331824],[5.071865742909779,13.310274089377799],[5.070790194212123,13.332632027745944],[5.12591522091077,13.335230910178439],[5.12115256423948,13.381172400086257],[5.151246889032734,13.378904594971118],[5.15446108581051,13.398752131605647],[5.119084414014537,13.408028152877023],[5.119024928357817,13.425338730797819],[5.168027819328472,13.427637505866244],[5.179699446572272,13.473510838854168],[5.183990283824585,13.520001595996916],[5.152791412593672,13.630971979373385],[5.158419948222104,13.74324727903877],[4.950179262862719,13.734384195873986],[4.873527551055702,13.78142202590584],[4.801356069227268,13.768725558237975],[4.807890041392341,13.711815667758913],[4.704315069185157,13.650782438758597],[4.758551591782577,13.595122852337795],[4.723160314097242,13.542936848756597],[4.727428331952012,13.518529284398994],[4.763767667743707,13.516280776936355],[4.76109126375087,13.446748378135169],[4.728071285161718,13.35089076989317],[4.854426044326544,13.33354205532163],[4.860202122729845,13.308895444868938],[4.95320579271322,13.296525697303139],[4.964799999120714,13.286499999375508],[4.941495641210906,13.2581353091972],[4.967237168160807,13.223123388033969],[5.070968035146734,13.172954402823507]]]}},{"type":"Feature","properties":{"state_code":"17","state_name":"JIGAWA","lga_code":"20","lga_name":"MAIGATARI"},"geometry":{"type":"Polygon","coordinates":[[[9.661990387146716,12.833807799690248],[9.634931564739986,12.802434921334623],[9.334758558260887,12.823026938342593],[9.351143261652226,12.782460277220082],[9.320185671331728,12.754945952693618],[9.35566842086098,12.704267372940933],[9.349585329199613,12.682141134106075],[9.438911954623052,12.705804163231619],[9.44351052638973,12.683617273218658],[9.47074164001475,12.681033671167029],[9.498781129045938,12.622678447852138],[9.4984082971053,12.601365189851663],[9.475774586128296,12.592518009398646],[9.509469212734018,12.576933718816122],[9.566301559169688,12.601998988862306],[9.562664740385515,12.578882877043213],[9.611565231850022,12.562710426245246],[9.698308742654376,12.564490620745573],[9.780500001274106,12.61957796585051],[9.799418529241791,12.654799501895525],[9.764733713090436,12.71667718980052],[9.74910165142012,12.714721450334707],[9.728725865606236,12.784007024804396],[9.661990387146716,12.833807799690248]]]}},{"type":"Feature","properties":{"state_code":"20","state_name":"KATSINA","lga_code":"08","lga_name":"DANJA"},"geometry":{"type":"Polygon","coordinates":[[[7.750667224912547,11.371434143870715],[7.695207600050765,11.43149014705267],[7.667769911252435,11.405514082309082],[7.634603937621648,11.417586156076311],[7.598939950418412,11.391251065784104],[7.587587652648097,11.414365721600802],[7.532714587208488,11.436208702769477],[7.477718975650248,11.428274318904755],[7.50372545096883,11.464135052590677],[7.499942354755888,11.5165547935689],[7.456294883402222,11.544338804092604],[7.400784858734312,11.526875514093774],[7.388159736982345,11.420976673035057],[7.370494856752259,11.409103521210568],[7.387114555692222,11.371470331690489],[7.467637231073411,11.377682532722758],[7.489499212218902,11.352181935947613],[7.520295247427782,11.361600846002318],[7.521725197360013,11.340404114958005],[7.573983846377473,11.319052097076678],[7.60750208175574,11.271802082799923],[7.706176062675183,11.310041560169907],[7.720486177595092,11.369706341174776],[7.750667224912547,11.371434143870715]]]}},{"type":"Feature","properties":{"state_code":"19","state_name":"KANO","lga_code":"12","lga_name":"FAGGE"},"geometry":{"type":"Polygon","coordinates":[[[8.550939102757411,12.053064942892831],[8.511249849001388,12.072880248724573],[8.489766447363706,12.053208044815449],[8.466312809188821,12.06545083328939],[8.535127337656547,11.991089496882807],[8.550939102757411,12.053064942892831]]]}},{"type":"Feature","properties":{"state_code":"20","state_name":"KATSINA","lga_code":"16","lga_name":"JIBIA"},"geometry":{"type":"Polygon","coordinates":[[[7.06071415723261,12.739841594314157],[7.111101798209461,12.780038372373042],[7.12353398390627,12.865185118898182],[7.101212065184711,12.898392551275265],[7.10567134815426,12.932942781184465],[7.139844565174599,12.942115686189993],[7.184883904668538,13.000603447990784],[7.245019405221399,13.021077621435154],[7.28168841358945,13.000336756735976],[7.371378412783599,12.996348248173149],[7.39994757372159,12.942447607970792],[7.398745572250391,12.897740605744389],[7.41582595340509,12.893762058971902],[7.480492941695957,12.954577036900787],[7.567350314765235,12.99215948037579],[7.55999999920067,13.024000000799447],[7.576754990350594,13.057971668957407],[7.600535486223748,13.061494629973254],[7.600444759917764,13.11893430477437],[7.655596200604236,13.126946074401872],[7.632146023020596,13.15899990682027],[7.646096983788823,13.206398390173604],[7.614693726334451,13.236269819796405],[7.37972164194025,13.099721908938989],[7.218888282967953,13.125555039033884],[7.090555190669591,12.995277404728483],[7.051266663126057,12.995474501047454],[7.06071415723261,12.739841594314157]]]}},{"type":"Feature","properties":{"state_code":"32","state_name":"RIVERS","lga_code":"09","lga_name":"ELEME"},"geometry":{"type":"Polygon","coordinates":[[[7.122201590630937,4.702070316392053],[7.139529450823545,4.693547809184111],[7.189702509962899,4.741211336234244],[7.184739290985533,4.807544002953421],[7.148449021305339,4.793943142861792],[7.168266149163514,4.820421898951508],[7.158967334574868,4.859683963943837],[7.127149208169442,4.833465359238971],[7.092813515131638,4.856184744130701],[7.070069492413211,4.831466180719701],[7.090035788121156,4.771845236268689],[7.11901708856783,4.767566672064333],[7.139335153194793,4.734162449137784],[7.11405390466399,4.727755125798467],[7.122201590630937,4.702070316392053]]]}},{"type":"Feature","properties":{"state_code":"19","state_name":"KANO","lga_code":"04","lga_name":"BEBEJI"},"geometry":{"type":"Polygon","coordinates":[[[8.43307568119775,11.422503382824914],[8.425378185954571,11.463254580334649],[8.396574479128958,11.46789142904629],[8.426231484295613,11.504577692706391],[8.416077627580478,11.53527720098208],[8.433974763124866,11.581676256054436],[8.404229361795672,11.57546408739779],[8.366181868098806,11.618806359426003],[8.33576627039713,11.669909867046783],[8.331743353772822,11.727416070994934],[8.278639810578852,11.731882453212677],[8.232446927783542,11.712533998944934],[8.211987969968902,11.685328176054554],[8.216325981159173,11.646903691951877],[8.232695411364205,11.643608120918088],[8.188542652321587,11.608136067025896],[8.214927672074452,11.579632464866393],[8.204799999120723,11.443100001663822],[8.248676390203286,11.456962874736917],[8.27281992170208,11.437526607966618],[8.273696964843111,11.375054625570556],[8.313937804286297,11.344552606617526],[8.373301607383326,11.361952137381309],[8.43307568119775,11.422503382824914]]]}},{"type":"Feature","properties":{"state_code":"19","state_name":"KANO","lga_code":"32","lga_name":"RANO"},"geometry":{"type":"Polygon","coordinates":[[[8.61464925825669,11.349573151979428],[8.56253642891312,11.418966032656328],[8.603731574952292,11.466729855698304],[8.63890047277863,11.456176631646258],[8.602767098822596,11.5113310733704],[8.615062732359263,11.547590310144756],[8.64484558055915,11.543959759635243],[8.638590572696842,11.597739564229528],[8.672137842687334,11.634484203783018],[8.61621246972976,11.61795405483582],[8.592016737082815,11.630540164896729],[8.592636891579332,11.589358316233358],[8.56687108023624,11.587845190703035],[8.545044643895267,11.61843922199256],[8.514599425223366,11.594744536731014],[8.523380654793414,11.57528485341328],[8.492809034609309,11.5724789290594],[8.486204304684975,11.554735007414706],[8.441836710196071,11.557563793434383],[8.433763730012174,11.57677575129992],[8.416077627580478,11.53527720098208],[8.426231484295613,11.504577692706391],[8.396574479128958,11.46789142904629],[8.425378185954571,11.463254580334649],[8.427873822618892,11.428661086739794],[8.466766783360413,11.392215391727007],[8.49319040561278,11.403656326678174],[8.571900003682288,11.338921232728751],[8.61464925825669,11.349573151979428]]]}},{"type":"Feature","properties":{"state_code":"19","state_name":"KANO","lga_code":"38","lga_name":"TARAUNI"},"geometry":{"type":"Polygon","coordinates":[[[8.534488862171315,11.989463861667957],[8.536280924125379,11.933129387111592],[8.59308979555766,11.955709430146158],[8.534488862171315,11.989463861667957]]]}},{"type":"Feature","properties":{"state_code":"03","state_name":"AKWA IBOM","lga_code":"07","lga_name":"ETINAN"},"geometry":{"type":"Polygon","coordinates":[[[7.875979316392375,4.676448172645109],[7.892289573005428,4.713638312058492],[7.870456999690816,4.735224999933848],[7.871929940814141,4.892842907574163],[7.844402404347534,4.911041030019589],[7.836876709292767,4.971318456181848],[7.798087831588191,4.890288252001255],[7.831056416620356,4.824961479688568],[7.786420787289558,4.796113665613234],[7.802798495754018,4.721053674687369],[7.875979316392375,4.676448172645109]]]}},{"type":"Feature","properties":{"state_code":"27","state_name":"OGUN","lga_code":"05","lga_name":"EGBADO SOUTH"},"geometry":{"type":"Polygon","coordinates":[[[3.081702179811771,6.761975919253302],[3.056557598554377,6.804080527194628],[3.055253155308947,6.856437795867635],[3.092861099959862,6.904276422718794],[3.051712000108751,6.945024401554917],[3.027409088059017,6.937613825117978],[2.990461831248581,6.965931511330211],[2.974841232337042,6.938734625003008],[2.910132559570002,6.943151879056018],[2.910153789865547,6.873535363066594],[2.837402457557403,6.860942284159137],[2.836127959937471,6.819062769331367],[2.806957212805173,6.773527834142271],[2.850900324590327,6.777609184216544],[2.884150899244673,6.741087787871152],[2.865841632285537,6.722844828825828],[2.872949166870626,6.684182140393489],[2.837576092362838,6.677542136360557],[2.826490364438826,6.644493744590704],[2.873852876708952,6.570009387223479],[2.925966682716307,6.595157334643318],[2.956059723277633,6.686657911933139],[3.009786984981417,6.671616292058275],[3.050111489253879,6.751674301228093],[3.081702179811771,6.761975919253302]]]}},{"type":"Feature","properties":{"state_code":"21","state_name":"KEBBI","lga_code":"03","lga_name":"ARGUNGU"},"geometry":{"type":"Polygon","coordinates":[[[4.451571292980816,12.854784040351205],[4.377521478133758,12.837844242118138],[4.340259635773634,12.766585169270172],[4.206021799066832,12.699827695192027],[4.173459675223853,12.655769543030033],[4.259421226408506,12.546885564317392],[4.288181845815586,12.546314269987647],[4.287332303942719,12.57968405517505],[4.359120683572712,12.589080708807728],[4.367707351113438,12.532523643051718],[4.402677593196415,12.569894841174005],[4.447369708944962,12.559355478372652],[4.457087521272115,12.619950956071818],[4.567062054770076,12.66787121258642],[4.618168729803074,12.660493096279424],[4.661195255256871,12.587261093424786],[4.708044381443074,12.62822328717499],[4.75745667168809,12.63697051787517],[4.730416741339582,12.70209734391733],[4.584186445148362,12.735317966650882],[4.551004112849569,12.768620236135064],[4.550037375824274,12.802628835852147],[4.451571292980816,12.854784040351205]]]}},{"type":"Feature","properties":{"state_code":"19","state_name":"KANO","lga_code":"24","lga_name":"KIRU"},"geometry":{"type":"Polygon","coordinates":[[[8.301340778254371,11.346696529221504],[8.273696964843111,11.375054625570556],[8.27281992170208,11.437526607966618],[8.248676390203286,11.456962874736917],[8.20174294178338,11.450064145643864],[8.214927672074452,11.579632464866393],[8.188542652321587,11.608136067025896],[8.232695411364205,11.643608120918088],[8.216325981159173,11.646903691951877],[8.211987969968902,11.685328176054554],[8.227598260851096,11.708568236934639],[8.270616389334975,11.717736478056054],[8.24429405682531,11.735189345811705],[8.256304926331325,11.789008972386227],[8.222627216872581,11.771666752718488],[8.191077504823056,11.80045361704083],[8.133604985881448,11.788510894562194],[8.070278666427384,11.737327079281329],[8.0480336145597,11.680046399222022],[7.958589847043868,11.692824331078043],[7.982409671169421,11.66812566067074],[7.953888104152725,11.655323117068235],[7.955251086068813,11.61402325307074],[7.979256132764363,11.591353769760701],[7.986101309028243,11.540684855022107],[8.028561918997411,11.539355972700037],[8.040551089661108,11.487036755242116],[8.101531468202722,11.523989174161102],[8.161788653323754,11.50553747527431],[8.143324521309637,11.420267574688864],[8.113721870268137,11.408484264237472],[8.122913757264143,11.386672797111942],[8.206780772114996,11.318701683436018],[8.264405349327433,11.313230860116164],[8.301340778254371,11.346696529221504]]]}},{"type":"Feature","properties":{"state_code":"20","state_name":"KATSINA","lga_code":"02","lga_name":"BATAGARAWA"},"geometry":{"type":"Polygon","coordinates":[[[7.41582595340509,12.893762058971902],[7.412575502257653,12.863430296970705],[7.481440658059967,12.858675800747676],[7.475358189628821,12.81362475118135],[7.514915208869866,12.80717824438051],[7.517568645976269,12.710249268389077],[7.578745030858556,12.702015948077587],[7.574789331362581,12.754522781201445],[7.664465299334154,12.828328637856373],[7.647430756624146,12.861410663371487],[7.667409023207881,12.916936597046345],[7.692717704658378,12.930960921809117],[7.687175946412822,12.95087814690902],[7.748478729210035,12.952379787197458],[7.761095373053081,13.00374745717943],[7.717939607826679,13.007829101331993],[7.715097673718731,13.039719912743806],[7.687046953953825,13.02413017137036],[7.670293553704596,12.97472864241297],[7.595020510688073,12.951739915065104],[7.555760851382217,12.976562781846951],[7.512649092681556,12.967949525849974],[7.41582595340509,12.893762058971902]]]}},{"type":"Feature","properties":{"state_code":"10","state_name":"DELTA","lga_code":"03","lga_name":"BOMADI"},"geometry":{"type":"Polygon","coordinates":[[[5.927826404564939,5.16072320910888],[5.838703015132069,5.242872267940868],[5.844637687179556,5.288069846746055],[5.79468572816387,5.314772742667969],[5.818173671877503,5.34212659396718],[5.804984945898582,5.35877437513733],[5.728351252008736,5.32825212323695],[5.74491654016623,5.302825771791959],[5.740082569954666,5.260133261740691],[5.808337079792466,5.264942411563084],[5.81205352095327,5.247334454821271],[5.758375999852547,5.209717999885811],[5.778600999936259,5.176426999806267],[5.818613006884789,5.189382214117927],[5.879062884344705,5.176211113951808],[5.885300636015586,5.099972247621167],[5.914507865945325,5.108150005118716],[5.927826404564939,5.16072320910888]]]}},{"type":"Feature","properties":{"state_code":"08","state_name":"BORNO","lga_code":"18","lga_name":"KWAYA / KUSAR"},"geometry":{"type":"Polygon","coordinates":[[[11.83904274812437,10.664921226233673],[11.786121071230525,10.590129152338534],[11.794189645635697,10.526744242952475],[11.712095755714586,10.54134951177059],[11.703526255332463,10.527890766146015],[11.7248213847991,10.464680842347036],[11.744874156617072,10.475624662648102],[11.808416357428996,10.43248738478502],[11.821995405363737,10.314513817858483],[11.8555886522945,10.306283009353422],[11.949639605283608,10.34694640874983],[12.037909689180879,10.35966862041056],[12.043127247224731,10.375584941591853],[12.025875316792508,10.382127347599067],[12.057363595253776,10.47275932997917],[11.989544164831386,10.482601443901558],[11.999353437311356,10.534356835899302],[11.969967961752104,10.581825766745794],[11.904387707426793,10.576836624810426],[11.870072841788271,10.652266568947027],[11.83904274812437,10.664921226233673]]]}},{"type":"Feature","properties":{"state_code":"14","state_name":"ENUGU","lga_code":"07","lga_name":"IGBO ETITI"},"geometry":{"type":"Polygon","coordinates":[[[7.301661465903976,6.736747111090381],[7.29760332283513,6.67865427307629],[7.341251602679392,6.626078443965071],[7.391823500354292,6.661209058551265],[7.426374831933003,6.612718406129602],[7.495356318639267,6.639608057066255],[7.553751817192676,6.593633187921341],[7.595518523760916,6.643938234262123],[7.53044005786245,6.716024461259906],[7.414479716865515,6.76900683789529],[7.383829252218277,6.773403912960248],[7.380736561942854,6.746614923140214],[7.349518033330639,6.722815593664791],[7.301661465903976,6.736747111090381]]]}},{"type":"Feature","properties":{"state_code":"19","state_name":"KANO","lga_code":"11","lga_name":"DOGUWA"},"geometry":{"type":"Polygon","coordinates":[[[8.783176767893565,10.596968705141705],[8.821880200111195,10.672254869266851],[8.852458953717814,10.686329842048622],[8.851278304849927,10.720089912319622],[8.785644530970387,10.797200203726447],[8.766169519607672,10.851136632449652],[8.745786686706253,10.857210978204137],[8.766717375806309,10.94172474500101],[8.645151268216523,11.114464819395948],[8.629322803604566,11.223689040416957],[8.5837539846587,11.221307775033836],[8.519486003076622,11.166310244322347],[8.506047334816685,11.132235616380626],[8.60731212765262,11.071241218307648],[8.614759426106673,11.01773997511981],[8.568487802270283,10.90746791890939],[8.585043322891067,10.861487555806093],[8.558667729831939,10.789157126000589],[8.571637026627513,10.748272388160217],[8.481234260752558,10.715861896309491],[8.514212301256748,10.643323252765924],[8.643929963696905,10.63047962093782],[8.711128244972599,10.543358511785925],[8.783176767893565,10.596968705141705]]]}},{"type":"Feature","properties":{"state_code":"35","state_name":"YOBE","lga_code":"01","lga_name":"BADE"},"geometry":{"type":"MultiPolygon","coordinates":[[[[11.196074339858967,12.519664965565767],[11.243927705699093,12.5088635250317],[11.263409542916122,12.598792126955118],[11.192540621152773,12.608255073213115],[11.18733370658532,12.663757018371768],[11.16259543003514,12.699013386958313],[11.171508394996465,12.72196704973959],[11.143003728039673,12.739357280614058],[11.146831710315212,12.772500621906204],[11.109120458742211,12.803417178859775],[11.060611531197253,12.79783322892041],[11.032754096424469,12.761872714554158],[11.063517676899323,12.750988218031864],[11.081623156583476,12.689238268931035],[11.040990895313598,12.674107420121402],[11.034969089751712,12.646646107032268],[10.998564439797121,12.62474100879058],[10.993404970762867,12.591197302813327],[11.028159389044617,12.578254613359775],[11.029502797216367,12.508419672729758],[11.046774010911918,12.491694427555842],[11.065174330630896,12.530556644073897],[11.08658130608245,12.528043635205677],[11.06812522479936,12.494120344278542],[11.139223558220692,12.508309224291338],[11.165692847147227,12.533189206117015],[11.196074339858967,12.519664965565767]]],[[[11.034831839717697,12.810085835293137],[11.034884950979745,12.832993582288054],[11.09329127737061,12.848094354171167],[11.066310667203595,12.888935188907908],[11.086120755168793,12.92021693176605],[11.052262162368947,12.938843957982328],[11.00424798515644,12.874105986202323],[10.94736000575972,12.862166498585111],[10.873067641958187,12.896080460844644],[10.80395524633758,12.876293948606872],[10.762858730745904,12.886790525262597],[10.707401702226832,12.861016153272885],[10.615351572617044,12.867772942367424],[10.581518826332797,12.850028854348182],[10.558988916005717,12.80546858910418],[10.600145113306382,12.695164374935985],[10.581006034700806,12.64781312667452],[10.647584233425675,12.649583645368978],[10.659202664871145,12.701634288391745],[10.696499042097173,12.692996485399533],[10.722006522283209,12.773277182895697],[10.790583885138233,12.810182748934778],[10.825744173754686,12.806704854745306],[10.832044323087075,12.825917798267824],[10.871780030424134,12.836755446406755],[10.892201472120291,12.812560688624956],[10.926655525831904,12.839369452738083],[11.009927094160105,12.84999205319076],[11.034831839717697,12.810085835293137]]]]}},{"type":"Feature","properties":{"state_code":"03","state_name":"AKWA IBOM","lga_code":"16","lga_name":"ITU"},"geometry":{"type":"Polygon","coordinates":[[[7.934948180414267,5.076771995231468],[7.982719406675301,5.117543128012983],[8.014876135924965,5.116639087224144],[8.0198639999237,5.101134999980331],[8.064611701868614,5.131413726262508],[8.08393275199495,5.125534531593416],[8.06486606611611,5.14517116461758],[8.065328598236249,5.198836802976132],[8.028124709987424,5.243830106174528],[7.939222712957871,5.176418717050183],[7.92012058119991,5.08238121162367],[7.870297029184599,5.0532111668619],[7.883940685314428,5.02704368321946],[7.934948180414267,5.076771995231468]]]}},{"type":"Feature","properties":{"state_code":"08","state_name":"BORNO","lga_code":"03","lga_name":"BAMA"},"geometry":{"type":"Polygon","coordinates":[[[13.786353631914608,11.749324394205473],[13.709243767685791,11.74785131188861],[13.585499130680375,11.650679786043327],[13.66311035076211,11.615911507410203],[13.658896274243716,11.57494550682975],[13.685355161611483,11.542095126888626],[13.64704528261376,11.502129356784451],[13.60491227318289,11.531715308314858],[13.573066918003917,11.521619784325651],[13.598028709357493,11.388474819957025],[13.764667944869814,11.334779161329266],[13.920801415353083,11.32607008706492],[14.15805435312592,11.233610150787854],[14.410831451010722,11.403888699803701],[14.49926602091017,11.435142978265901],[14.466550868427873,11.478780349333704],[14.23445253165903,11.620969923223413],[14.264987808440651,11.786492249317917],[14.066740309617671,11.780199198334401],[13.92139978467236,11.743656445788417],[13.786353631914608,11.749324394205473]]]}},{"type":"Feature","properties":{"state_code":"33","state_name":"SOKOTO","lga_code":"04","lga_name":"GADA"},"geometry":{"type":"Polygon","coordinates":[[[5.981809783294921,13.712673590413942],[5.530000892327394,13.885713987110876],[5.419892269013076,13.859696172240604],[5.445300001793669,13.759399998711046],[5.490477085049463,13.7745460991232],[5.448764551842658,13.698142440121558],[5.468758265181862,13.670554349603606],[5.52724504492295,13.654823303152966],[5.514300724099201,13.652032588133466],[5.530920465307304,13.517523310852141],[5.558708908589324,13.493872671686518],[5.573999468001091,13.535514513683893],[5.545400000809423,13.568999997551884],[5.642224079877451,13.618629129630676],[5.695819959623464,13.592256415301392],[5.675945278751669,13.583298191058702],[5.701962319305665,13.483934986810254],[5.774088851219574,13.503468238268624],[5.800021922973428,13.577011556738],[5.915372910331598,13.565041318602027],[5.92399999880098,13.621599998641102],[5.88940000220839,13.62799999880093],[5.938861338779816,13.648063654214297],[5.981809783294921,13.712673590413942]]]}},{"type":"Feature","properties":{"state_code":"36","state_name":"ZAMFARA","lga_code":"07","lga_name":"GUSAU"},"geometry":{"type":"MultiPolygon","coordinates":[[[[6.49710955436251,11.591820617727365],[6.56330680926186,11.564771011572986],[6.713660717368271,11.594041823571331],[6.722557268802973,11.671468005444126],[6.681882366178286,11.714657398120494],[6.703974612438458,11.826438144404904],[6.664810596032225,11.895391857348386],[6.739822094613999,11.949672988117982],[6.745277356964493,11.999550920338777],[6.785412410054732,11.985133361615397],[6.779715648258616,12.001079128399113],[6.805416623878159,12.002841087346326],[6.826923639014751,12.077423979832872],[6.756714448213245,12.137580505635867],[6.742582267757484,12.202379622321757],[6.686229516279184,12.193402006897145],[6.654975762121751,12.221416090979858],[6.591318966097447,12.198856341147291],[6.567944146305365,12.118119108210351],[6.577281522924011,11.963239698253517],[6.592606750301343,11.952020725875855],[6.567699999255638,11.667900000085012],[6.49710955436251,11.591820617727365]]],[[[7.065900001583827,12.431699999155683],[6.978790662758911,12.416443702115203],[6.949139572433353,12.327791299329078],[6.903433397333458,12.296603668724401],[6.896195100423597,12.258024028186412],[6.86904943678212,12.24134015542387],[6.906787466568403,12.159664893620004],[6.885783183247383,12.10515418571714],[6.922981636893098,12.081186349370569],[6.966820941733147,12.066700551889028],[7.000232357437369,12.096907782068513],[7.117235417380641,12.093964401735775],[7.145599998740977,12.14719999958038],[7.150427942595513,12.231585999694175],[7.093265967650325,12.28256746211872],[7.065900001583827,12.431699999155683]]]]}},{"type":"Feature","properties":{"state_code":"24","state_name":"LAGOS","lga_code":"15","lga_name":"LAGOS MAINLAND"},"geometry":{"type":"Polygon","coordinates":[[[3.379361278100532,6.466226934225688],[3.405084522732579,6.515358537066902],[3.376076182369957,6.528977825166521],[3.363292387833496,6.490003560316097],[3.379361278100532,6.466226934225688]]]}},{"type":"Feature","properties":{"state_code":"20","state_name":"KATSINA","lga_code":"18","lga_name":"KAITA"},"geometry":{"type":"Polygon","coordinates":[[[7.819701154684594,13.352274842709846],[7.614693726334451,13.236269819796405],[7.646096983788823,13.206398390173604],[7.632146023020596,13.15899990682027],[7.655596200604236,13.126946074401872],[7.600444759917764,13.11893430477437],[7.600535486223748,13.061494629973254],[7.642384372840581,13.05489845080291],[7.643280824250667,13.086122399629062],[7.665828108580399,13.083177370839053],[7.661925958316374,13.0286666341579],[7.693215770791255,13.020295751747597],[7.715097673718731,13.039719912743806],[7.762248127649002,13.026577327381801],[7.817611826324764,13.084326383355972],[7.863870474742669,13.090139304285515],[7.918685575279142,13.145186811222402],[7.94212836313352,13.182483067939302],[7.944325464448696,13.24029862967808],[7.861153371031321,13.240140241978622],[7.847963325746946,13.28019331107248],[7.818427165181561,13.28619770216227],[7.819701154684594,13.352274842709846]]]}},{"type":"Feature","properties":{"state_code":"19","state_name":"KANO","lga_code":"30","lga_name":"MINJIBIR"},"geometry":{"type":"Polygon","coordinates":[[[8.5074999998252,12.131499997726735],[8.543063112772472,12.136625266442934],[8.580378829919141,12.095795194792458],[8.63735515781434,12.098652649400321],[8.64706893758148,12.134865900241152],[8.719173390239803,12.15594867818902],[8.733064058659409,12.200485437852706],[8.713459866879418,12.210949940187618],[8.71722030197543,12.253421056036927],[8.732550981942325,12.268831753182894],[8.70476758025967,12.265280866418891],[8.70413494766973,12.288363059407686],[8.67388057502859,12.305980566949643],[8.64708511098911,12.255315610127354],[8.57518087080058,12.253800101393608],[8.545884563921561,12.281604352059276],[8.494052514611894,12.229791865702111],[8.498412444079065,12.206682470919361],[8.523381033407986,12.213776968931995],[8.49726664663848,12.200525642944115],[8.5074999998252,12.131499997726735]]]}},{"type":"Feature","properties":{"state_code":"03","state_name":"AKWA IBOM","lga_code":"15","lga_name":"INI"},"geometry":{"type":"Polygon","coordinates":[[[7.806975003993273,5.289283572678812],[7.848832130198673,5.344439983918164],[7.901671886048746,5.33563280081313],[7.8761119843806,5.368900775550401],[7.883984089294358,5.384547233568014],[7.861256123071655,5.421300887925668],[7.792839049982206,5.439794064444584],[7.748500823754057,5.516195773716049],[7.695939063636899,5.518277644897466],[7.700029850297426,5.431540966242665],[7.658100858367959,5.446245655112932],[7.619643000424162,5.37174900041606],[7.660895999850538,5.36712400027244],[7.708954544216908,5.296993030703845],[7.806975003993273,5.289283572678812]]]}},{"type":"Feature","properties":{"state_code":"36","state_name":"ZAMFARA","lga_code":"12","lga_name":"TALATA MAFARA"},"geometry":{"type":"Polygon","coordinates":[[[5.886256960690218,12.313900217221317],[5.909668670672659,12.141227422907264],[5.948151480306592,12.12710070403432],[5.958900407627766,12.156439541651594],[5.999000002248351,12.154100001214147],[6.013866635636759,12.175582008902666],[6.054244323117075,12.12107734714192],[6.094806300570383,12.121615352166828],[6.163413270006458,12.193833062745682],[6.175099998666042,12.187700000254836],[6.207044508597221,12.299177808109391],[6.238906726963933,12.321349776570969],[6.2438598420581,12.362564954109416],[6.285677506911441,12.418046799420324],[6.220250052797724,12.45018433533886],[6.168147814769895,12.434481968268244],[6.141100000964343,12.544399999160703],[6.148281190924251,12.594951228616367],[6.170588710600555,12.615625651402752],[6.127063174725777,12.622656450434874],[6.105289197638399,12.672919841077828],[6.06360373582379,12.64242146617778],[6.057743551923409,12.615603635999037],[6.006828148300428,12.597468735893472],[5.999566335917734,12.553990067287828],[5.948930673611756,12.512291703799121],[5.943285780214637,12.46878153104285],[5.903097642841999,12.448038641969788],[5.876228887653099,12.355280850231111],[5.899068429164743,12.321067295019702],[5.886256960690218,12.313900217221317]]]}},{"type":"Feature","properties":{"state_code":"21","state_name":"KEBBI","lga_code":"10","lga_name":"GWANDU"},"geometry":{"type":"Polygon","coordinates":[[[4.474911834213799,12.40641877580589],[4.494091987555237,12.3478337739096],[4.527125980279834,12.33240006131382],[4.537431367363752,12.301174580942188],[4.592519297927311,12.346801725419368],[4.587833946979117,12.395935515411736],[4.629810477971205,12.43293946278601],[4.691144436666491,12.399958087595735],[4.709199998581141,12.364899998835938],[4.75387713881895,12.363726621886144],[4.757453541148038,12.44959761403868],[4.811936707313237,12.503556599557498],[4.75745667168809,12.63697051787517],[4.708044381443074,12.62822328717499],[4.661195255256871,12.587261093424786],[4.618168729803074,12.660493096279424],[4.588652330041043,12.666370321433249],[4.457087521272115,12.619950956071818],[4.448251558063021,12.493527378985391],[4.471013203896291,12.450882783913414],[4.455486756808455,12.444629253637174],[4.487293192926586,12.41085223834017],[4.474911834213799,12.40641877580589]]]}},{"type":"Feature","properties":{"state_code":"36","state_name":"ZAMFARA","lga_code":"03","lga_name":"BIRNIN MAGAJI"},"geometry":{"type":"Polygon","coordinates":[[[6.89842044224963,12.275489864165934],[6.949139572433353,12.327791299329078],[6.978790662758911,12.416443702115203],[7.065900001583827,12.431699999155683],[7.044474471319859,12.65885700914373],[6.988991772552311,12.673441929001854],[6.816697396767495,12.642835336881319],[6.783546084784007,12.619611619380805],[6.782406957615024,12.589090433176978],[6.698334268711562,12.591985617042667],[6.656199115296999,12.552232103129086],[6.691708458678477,12.481154279646319],[6.668689758725407,12.460860130690548],[6.701091224980075,12.396363614289442],[6.772046209165296,12.3868597308919],[6.76737946968683,12.372988264796618],[6.832826456176065,12.33508702784411],[6.837610289183544,12.277980300050842],[6.89842044224963,12.275489864165934]]]}},{"type":"Feature","properties":{"state_code":"19","state_name":"KANO","lga_code":"35","lga_name":"SHANONO"},"geometry":{"type":"Polygon","coordinates":[[[7.865578500447498,12.021391929294168],[7.884411076609922,12.020989889172085],[7.889126181628001,11.989713369576407],[7.921017198085281,11.960245971174686],[7.983360990217591,11.97307958725321],[8.002605918128666,11.999103068751651],[8.029644362797171,11.979127079251327],[8.077283085645945,11.97977618921982],[8.085841798660113,11.961594157444438],[8.124715832269885,12.033373494391299],[8.1119598339792,12.069455240966647],[8.015836182893565,12.059860437009604],[7.983578647736465,12.098068597287977],[8.000951865236459,12.121308454021971],[7.993555453121701,12.192336957784448],[7.945055803882269,12.17800920895786],[7.876404743384228,12.235241306740988],[7.863154866204184,12.232580026646986],[7.854221736643865,12.155142348740469],[7.879790754739588,12.044340710555389],[7.865578500447498,12.021391929294168]]]}},{"type":"Feature","properties":{"state_code":"19","state_name":"KANO","lga_code":"34","lga_name":"ROGO"},"geometry":{"type":"Polygon","coordinates":[[[7.805519807393239,11.371695700895941],[7.878918252275582,11.386228914233072],[7.893784674323285,11.427243269561302],[7.942495345883572,11.46318782635717],[8.035830267652784,11.493379057597451],[8.028561918997411,11.539355972700037],[7.983106544131772,11.5444341088471],[7.953888104152725,11.655323117068235],[7.926549933432739,11.641831664000165],[7.870905277556574,11.659267248584683],[7.839674852712335,11.63220087906734],[7.766854120621247,11.628626162967123],[7.704876688908143,11.592487098101174],[7.718539932272108,11.569013019235513],[7.67960486886966,11.523740264301807],[7.675170903614344,11.48325213108103],[7.6944776050575,11.420322715720829],[7.722348714921281,11.415519916910682],[7.750667224912547,11.371434143870715],[7.805519807393239,11.371695700895941]]]}},{"type":"Feature","properties":{"state_code":"20","state_name":"KATSINA","lga_code":"03","lga_name":"BATSARI"},"geometry":{"type":"Polygon","coordinates":[[[7.043014568567514,12.719585605391444],[7.122485518292081,12.70363694818667],[7.134042131239426,12.664462426799616],[7.278501439290039,12.713914216168178],[7.295730112354875,12.67735527942267],[7.382251355715539,12.684134488615825],[7.422870630775037,12.88734293203072],[7.398745572250391,12.897740605744389],[7.381792634922192,12.984462054380344],[7.245019405221399,13.021077621435154],[7.184883904668538,13.000603447990784],[7.139844565174599,12.942115686189993],[7.10567134815426,12.932942781184465],[7.101212065184711,12.898392551275265],[7.12353398390627,12.865185118898182],[7.111101798209461,12.780038372373042],[7.043014568567514,12.719585605391444]]]}},{"type":"Feature","properties":{"state_code":"03","state_name":"AKWA IBOM","lga_code":"03","lga_name":"EKET"},"geometry":{"type":"Polygon","coordinates":[[[8.002853417850986,4.602107582698807],[8.00507652036515,4.644795362316188],[8.034272197603912,4.682133996886478],[7.965807059348379,4.689866008109846],[7.934171489023072,4.723125666816145],[7.892289573005428,4.713638312058492],[7.875979316392375,4.676448172645109],[7.90200230776037,4.564746770846853],[7.941288435013291,4.558362668002758],[8.002853417850986,4.602107582698807]]]}},{"type":"Feature","properties":{"state_code":"03","state_name":"AKWA IBOM","lga_code":"23","lga_name":"OKOBO"},"geometry":{"type":"Polygon","coordinates":[[[8.195923415333425,4.954357948360666],[8.122699116071374,4.965712905426301],[8.082947735349762,4.918292410266588],[8.100076148395601,4.881646143055093],[8.080533293976373,4.834545974717003],[8.087657762795573,4.792901475222948],[8.048839827995721,4.73457862300512],[8.077862553014484,4.675763034036834],[8.103168999649654,4.675059999819211],[8.12718789590474,4.772729148431495],[8.174664449404872,4.775079513109063],[8.18721912726096,4.816448709440465],[8.215215620604454,4.82084858769224],[8.214351785806343,4.861638381406237],[8.18401907502033,4.894013924702904],[8.195923415333425,4.954357948360666]]]}},{"type":"Feature","properties":{"state_code":"19","state_name":"KANO","lga_code":"21","lga_name":"KANO MUNICIPAL"},"geometry":{"type":"Polygon","coordinates":[[[8.535127337656547,11.991089496882807],[8.516588986392662,12.01003788683903],[8.51744522911406,11.981737685246003],[8.49827785873623,11.972376094381275],[8.516715406790638,11.955197786049041],[8.535127337656547,11.991089496882807]]]}},{"type":"Feature","properties":{"state_code":"35","state_name":"YOBE","lga_code":"02","lga_name":"BURSARI"},"geometry":{"type":"Polygon","coordinates":[[[11.312469520152263,12.390811389733926],[11.330804128208001,12.413162922231152],[11.453303842698233,12.452301745029558],[11.479539437395147,12.483166602656638],[11.491392049603462,12.471678407432591],[11.517404115107865,12.502806793398861],[11.54341816181875,12.48209378340141],[11.564951945276107,12.494868472302187],[11.57126234238325,12.478508403140324],[11.613765419238746,12.507253863574988],[11.677832732394734,12.49173583594012],[11.733140344851108,12.50874060479515],[11.806316319042935,12.59264945970483],[11.816385901188426,12.632317433702667],[11.791149068374864,12.673971719619203],[11.809435303696375,12.692113933011626],[11.77160879590923,12.726125336814903],[11.787054310308235,12.750866500188863],[11.764903957052013,12.779316053992773],[11.69806702067649,12.802232217742699],[11.661089236379212,12.8550280731871],[11.68235951308111,12.872019244292744],[11.674071592230234,12.907463149404862],[11.58695510109709,12.94662877829552],[11.583729717652375,12.97885899924347],[11.55847388126466,12.99970625194203],[11.458675915960782,13.02441300275791],[11.43412342585549,13.011394100257576],[11.433736201164777,12.9834340078732],[11.31426140943654,12.96181967933478],[11.278105263746966,12.971089675148448],[11.258430745882265,12.950880155994469],[11.229481973914005,12.972523627963085],[11.206143566772255,12.965644531070325],[11.210979832053681,12.94339007319337],[11.15123254724432,12.946899939180923],[11.086120755168793,12.92021693176605],[11.066310667203595,12.888935188907908],[11.09329127737061,12.848094354171167],[11.034884950979745,12.832993582288054],[11.046216773885078,12.787875365955415],[11.109120458742211,12.803417178859775],[11.146831710315212,12.772500621906204],[11.143003728039673,12.739357280614058],[11.171508394996465,12.72196704973959],[11.16259543003514,12.699013386958313],[11.18733370658532,12.663757018371768],[11.192540621152773,12.608255073213115],[11.263409542916122,12.598792126955118],[11.243927705699093,12.5088635250317],[11.196074339858967,12.519664965565767],[11.19114848861193,12.471053126800427],[11.225558775017475,12.347823119641305],[11.312469520152263,12.390811389733926]]]}},{"type":"Feature","properties":{"state_code":"21","state_name":"KEBBI","lga_code":"14","lga_name":"MAIYAMA"},"geometry":{"type":"Polygon","coordinates":[[[4.55075238991094,11.89190849078426],[4.468024474350045,11.864723952148722],[4.449493876141503,11.884850946813799],[4.444882485438427,11.969687480293032],[4.408375983664769,11.961419124193299],[4.382964899110846,11.987022780576922],[4.389169865996564,12.036402875092676],[4.366272647364838,12.052501523926253],[4.384611058653491,12.13739243671165],[4.365646771381421,12.192992503301411],[4.323271624885649,12.15946728738544],[4.179569511823559,12.142213537624684],[4.168872970011591,12.181787628696156],[4.229540748706654,12.19394069001089],[4.23424233331707,12.244742458897406],[4.251408134777648,12.21095546022633],[4.290738369280348,12.241685560740109],[4.274386172783693,12.299140434983144],[4.262193255314514,12.282926995784294],[4.244452840126542,12.306892968735553],[4.184108454041962,12.28496030357519],[4.145573033169001,12.242616544318139],[4.146483490620653,12.205757661187135],[4.11449655786987,12.166258531306198],[4.131999293033005,12.13519730940834],[4.099247027328488,12.116421263730388],[4.096135498954141,12.093252927380718],[4.105431454597976,12.073917793871146],[4.151580458571345,12.07414870919564],[4.165885577757251,12.05184965933438],[4.201231604255156,12.04833284158741],[4.23683482516708,11.926125938261464],[4.26250822667339,11.931748711034231],[4.291740815686126,11.899960977217347],[4.312083638649028,11.848357299050178],[4.277194842767813,11.798598669992657],[4.300648202152843,11.73294980728781],[4.318056120893289,11.721774815355502],[4.32737316743777,11.741974440168349],[4.342964956567528,11.726126703084901],[4.354801407059313,11.749025342645496],[4.381041249254281,11.74029895193513],[4.377875354164303,11.762537904600663],[4.417208449410452,11.708540894846465],[4.486879067714824,11.740520851556084],[4.548973482340386,11.79550353176262],[4.55075238991094,11.89190849078426]]]}},{"type":"Feature","properties":{"state_code":"24","state_name":"LAGOS","lga_code":"14","lga_name":"LAGOS ISLAND"},"geometry":{"type":"Polygon","coordinates":[[[3.403009752598052,6.439335522416457],[3.407136210867463,6.457144298670471],[3.381493660604008,6.463544713417832],[3.403009752598052,6.439335522416457]]]}},{"type":"Feature","properties":{"state_code":"19","state_name":"KANO","lga_code":"28","lga_name":"MADOBI"},"geometry":{"type":"Polygon","coordinates":[[[8.509678722595027,11.846092012036763],[8.497177763942716,11.869815468409172],[8.382939841400628,11.911789160241597],[8.34138879315833,11.856000468047228],[8.267155268400984,11.810424120876519],[8.24429405682531,11.735189345811705],[8.351264378048654,11.725023617146292],[8.440392720947386,11.845605714432224],[8.509678722595027,11.846092012036763]]]}},{"type":"Feature","properties":{"state_code":"17","state_name":"JIGAWA","lga_code":"22","lga_name":"MIGA"},"geometry":{"type":"Polygon","coordinates":[[[9.769821858691898,12.125927461982826],[9.767087908879944,12.149792254908675],[9.789065230775805,12.150008923173289],[9.819955629149035,12.202023381074241],[9.859733951760518,12.223038749438786],[9.820318278066111,12.305395331329521],[9.795333384927801,12.312584738395003],[9.77844861711003,12.285219356887865],[9.742117529900156,12.304572706165516],[9.684029516748865,12.287102285442188],[9.685453324311538,12.316233573021009],[9.64989169884285,12.333425917971795],[9.554399504933258,12.294091825377507],[9.56626282177183,12.26578544813998],[9.52785296784026,12.21818597979916],[9.580422638394111,12.160568074656965],[9.611322541702009,12.13794345042993],[9.72482826591181,12.146267729971783],[9.733919371282013,12.123775493144535],[9.769821858691898,12.125927461982826]]]}},{"type":"Feature","properties":{"state_code":"20","state_name":"KATSINA","lga_code":"30","lga_name":"RIMI"},"geometry":{"type":"Polygon","coordinates":[[[7.581016775903549,12.72095362261166],[7.630075117272895,12.744953838149172],[7.6820207779366,12.715794816377695],[7.725205211751188,12.746859521349904],[7.750509972157545,12.705619446080618],[7.78790606801067,12.694984681397955],[7.775310131957099,12.757087108982944],[7.793812666821168,12.755027002294355],[7.779927531930127,12.80058335663665],[7.797040332745212,12.82612618017913],[7.766117002098042,12.883319596322337],[7.808415557831779,12.942672999659237],[7.794865347557788,13.020480902371787],[7.842489603912156,13.082246969122366],[7.817611826324764,13.084326383355972],[7.770442858950844,13.029528893343809],[7.714030698258171,13.025293620704076],[7.717939607826679,13.007829101331993],[7.761095373053081,13.00374745717943],[7.748478729210035,12.952379787197458],[7.687175946412822,12.95087814690902],[7.692717704658378,12.930960921809117],[7.667409023207881,12.916936597046345],[7.647430756624146,12.861410663371487],[7.664465299334154,12.828328637856373],[7.574789331362581,12.754522781201445],[7.581016775903549,12.72095362261166]]]}},{"type":"Feature","properties":{"state_code":"19","state_name":"KANO","lga_code":"13","lga_name":"GABASAWA"},"geometry":{"type":"Polygon","coordinates":[[[8.94570191800915,12.072307587425257],[8.91499999865107,12.07620000162882],[8.952237695113581,12.185331892852616],[8.909896060954509,12.300987923054265],[8.83962324401756,12.308195393003018],[8.77460538163308,12.275354881322755],[8.723540749905737,12.294803306027802],[8.732550981942325,12.268831753182894],[8.713459866879418,12.210949940187618],[8.733064058659409,12.200485437852706],[8.719173390239803,12.15594867818902],[8.778529939405246,12.158343565603104],[8.762959591012361,12.119231736855227],[8.792657677210059,12.100253918383657],[8.8022448603121,12.062576599130807],[8.82793967017966,12.061238360262166],[8.840807339087462,12.018089291387753],[8.82277439422296,11.992430847405728],[8.847617577589176,11.96109033744915],[8.94570191800915,12.072307587425257]]]}},{"type":"Feature","properties":{"state_code":"21","state_name":"KEBBI","lga_code":"01","lga_name":"ALIERO"},"geometry":{"type":"Polygon","coordinates":[[[4.360544969574732,12.337110408018987],[4.371809078925878,12.284546642413659],[4.447994797122249,12.224062864109953],[4.549203694395032,12.250755803637503],[4.557093738085598,12.289848004681744],[4.519845544736143,12.339813416655886],[4.497841264762599,12.34168062506086],[4.474911834213799,12.40641877580589],[4.392084492305514,12.410942598622057],[4.403997315923448,12.352486106248875],[4.360544969574732,12.337110408018987]]]}},{"type":"Feature","properties":{"state_code":"19","state_name":"KANO","lga_code":"42","lga_name":"UNGOGO"},"geometry":{"type":"Polygon","coordinates":[[[8.588979864129499,12.034300386054042],[8.60431835290973,12.025872726744979],[8.63441126306941,12.061145376657862],[8.640911048406224,12.097099413207388],[8.580378829919141,12.095795194792458],[8.543063112772472,12.136625266442934],[8.493972283394214,12.129969183431115],[8.387695256730751,12.022203651077689],[8.4171064034378,11.978928258932058],[8.402848075978,11.94753503071712],[8.463819789551678,11.979465924013255],[8.484415573819717,12.032444895815331],[8.466312809188821,12.06545083328939],[8.489766447363706,12.053208044815449],[8.505431863989372,12.058450728118657],[8.4968929657378,12.069955504143252],[8.546606000066902,12.065004236256527],[8.56105520413439,12.034977848948643],[8.588979864129499,12.034300386054042]]]}},{"type":"Feature","properties":{"state_code":"33","state_name":"SOKOTO","lga_code":"18","lga_name":"TAMBUWAL"},"geometry":{"type":"Polygon","coordinates":[[[5.124100525718745,12.285797163208542],[5.11852430904969,12.346565766696813],[5.136240480313973,12.396084996225625],[5.122010144252783,12.41443663384365],[5.071904679057752,12.418218751594168],[5.071409759652738,12.476473180692778],[5.016044754262055,12.52867209584059],[4.965853936210237,12.529376899024726],[4.945424843082094,12.50452622700385],[4.947646016550493,12.399514749705986],[4.905495069242079,12.428299586057108],[4.872987806741946,12.552902950610758],[4.829777737752465,12.564013989054388],[4.827971748897141,12.582293322079181],[4.829444285325565,12.617113972731715],[4.867599999840195,12.629000001049235],[4.880250274730429,12.720420614220018],[4.750326259249505,12.750909215288118],[4.731931972182792,12.672115020691706],[4.794689747433949,12.575441617636614],[4.795889500600026,12.51239919256875],[4.811936707313237,12.503556599557498],[4.757453541148038,12.44959761403868],[4.75387713881895,12.363726621886144],[4.709199998581141,12.364899998835938],[4.691144436666491,12.399958087595735],[4.629810477971205,12.43293946278601],[4.587833946979117,12.395935515411736],[4.592519297927311,12.346801725419368],[4.548545784560361,12.3014877158854],[4.549203694395032,12.250755803637503],[4.521190613955696,12.250838687855207],[4.562149196927919,12.22998702937798],[4.552319659125033,12.097726129157593],[4.588181817337045,12.03882752467058],[4.633934321012134,12.063699092439208],[4.628061018701089,12.113815717321529],[4.665114305580801,12.17046580265469],[4.697586634815366,12.157561361367755],[4.703177836887733,12.225366317201804],[4.950399998760986,12.23129999999503],[4.952949494923303,12.314414079046571],[5.124100525718745,12.285797163208542]]]}},{"type":"Feature","properties":{"state_code":"21","state_name":"KEBBI","lga_code":"11","lga_name":"JEGA"},"geometry":{"type":"Polygon","coordinates":[[[4.588181817337045,12.03882752467058],[4.552319659125033,12.097726129157593],[4.562149196927919,12.22998702937798],[4.486883722605739,12.238190029046677],[4.447994797122249,12.224062864109953],[4.371809078925878,12.284546642413659],[4.360544969574732,12.337110408018987],[4.235507972614869,12.332014521952658],[4.257116415090536,12.28398600325147],[4.274386172783693,12.299140434983144],[4.290738369280348,12.241685560740109],[4.251408134777648,12.21095546022633],[4.23424233331707,12.244742458897406],[4.229540748706654,12.19394069001089],[4.168872970011591,12.181787628696156],[4.179569511823559,12.142213537624684],[4.323271624885649,12.15946728738544],[4.365646771381421,12.192992503301411],[4.384611058653491,12.13739243671165],[4.366272647364838,12.052501523926253],[4.389169865996564,12.036402875092676],[4.382964899110846,11.987022780576922],[4.408375983664769,11.961419124193299],[4.444882485438427,11.969687480293032],[4.449493876141503,11.884850946813799],[4.468024474350045,11.864723952148722],[4.55075238991094,11.89190849078426],[4.588181817337045,12.03882752467058]]]}},{"type":"Feature","properties":{"state_code":"20","state_name":"KATSINA","lga_code":"21","lga_name":"KATSINA"},"geometry":{"type":"Polygon","coordinates":[[[7.555760851382217,12.976562781846951],[7.595020510688073,12.951739915065104],[7.670293553704596,12.97472864241297],[7.690762044332928,13.027223370662057],[7.661925958316374,13.0286666341579],[7.669285327356022,13.081034496844609],[7.643280824250667,13.086122399629062],[7.642384372840581,13.05489845080291],[7.576754990350594,13.057971668957407],[7.555760851382217,12.976562781846951]]]}},{"type":"Feature","properties":{"state_code":"19","state_name":"KANO","lga_code":"09","lga_name":"DAWAKI KUDU"},"geometry":{"type":"Polygon","coordinates":[[[8.618341819719262,11.752410627348638],[8.632234215736503,11.726854688093454],[8.65202531271808,11.729187867626024],[8.675050509373534,11.65864083840404],[8.700117701270926,11.676119788297626],[8.688246803147479,11.696658281254713],[8.706379975655409,11.77006846318909],[8.773100062218134,11.758551870972099],[8.820713989858803,11.798240852233619],[8.774471602082826,11.834905809155828],[8.74747775839188,11.824443135142644],[8.724799489604834,11.840055197689253],[8.707473988333959,11.86150997210757],[8.73772641394288,11.88734363190315],[8.713765533852381,11.919943303340801],[8.673844462751788,11.907558330252812],[8.673060365443575,11.937072008666291],[8.631709715830766,11.937046673864984],[8.610699999705275,11.890500002273313],[8.522531770324974,11.889967952559005],[8.501721833196086,11.864277078124701],[8.523447013968564,11.820893749347078],[8.595251961808628,11.808880108130552],[8.618341819719262,11.752410627348638]]]}},{"type":"Feature","properties":{"state_code":"21","state_name":"KEBBI","lga_code":"02","lga_name":"AREWA"},"geometry":{"type":"Polygon","coordinates":[[[4.554715233621209,13.111444510655701],[4.467546761673759,13.180518868551019],[4.374447310295182,13.201090244319346],[4.300238917991692,13.25961456895726],[4.126404704113838,13.249674072800246],[4.142128342848764,13.161862063083788],[4.10499954259484,12.996386526916751],[3.952777384668593,12.748888015069895],[3.657777309175515,12.52888870025339],[3.666075013750913,12.207109767601764],[3.628404008638142,12.125261162372794],[3.709934624383436,12.145508696769014],[3.764458617970888,12.099222750329716],[3.796761914231013,12.139321880000807],[3.782298260756193,12.217789492091413],[3.821481056805396,12.241234840315656],[3.832657010112996,12.285237864036219],[3.814310702776766,12.306719949965782],[3.834989891070677,12.33887637884186],[3.826438378028797,12.376841125017961],[3.937194967373898,12.46084905733818],[3.985346462968948,12.468131749280872],[4.003587673732227,12.549010493239734],[4.046785963401533,12.547850482913532],[4.063637457202958,12.575016568360013],[4.087972814993464,12.57378215442293],[4.206021799066832,12.699827695192027],[4.340259635773634,12.766585169270172],[4.377521478133758,12.837844242118138],[4.451571292980816,12.854784040351205],[4.469596131356411,12.894929750407698],[4.543744160264851,12.919452303880746],[4.560985521864382,12.962718069683206],[4.482177449829521,12.978297297981953],[4.475931365939857,13.000604743913868],[4.554715233621209,13.111444510655701]]]}},{"type":"Feature","properties":{"state_code":"03","state_name":"AKWA IBOM","lga_code":"06","lga_name":"ETIM EKPO"},"geometry":{"type":"Polygon","coordinates":[[[7.603775854172397,5.049813750304395],[7.573014703665706,4.982190505187702],[7.489759118988218,4.960300036217745],[7.477023125217102,4.907999992305861],[7.490650294975183,4.865093447204856],[7.564223098617163,4.937592209412969],[7.636892539559085,4.959757888915476],[7.687347740305995,4.951670831643639],[7.716605084956768,4.980543227787791],[7.683588778299509,5.011298099227929],[7.684924860593867,5.043759640195276],[7.622105013235796,5.019477568135301],[7.603775854172397,5.049813750304395]]]}},{"type":"Feature","properties":{"state_code":"19","state_name":"KANO","lga_code":"02","lga_name":"ALBASU"},"geometry":{"type":"Polygon","coordinates":[[[9.327360637083757,11.57711134771057],[9.269142435375159,11.62713811413272],[9.273991099609589,11.644108900305525],[9.241398688398817,11.645355392137674],[9.233001830869853,11.67663773394429],[9.248879980326876,11.696680444147205],[9.225754626175103,11.735739992606625],[9.174281855123581,11.702779360279294],[9.157363496728067,11.719222983653822],[9.040327128594186,11.690458358666376],[9.013994863971845,11.696114966632479],[9.02418661092338,11.727992679418662],[9.002338761724502,11.741179176877552],[8.917714294679001,11.717968575989062],[8.954453497830684,11.693784530032076],[8.961052482885805,11.656885172912439],[8.931191072609977,11.613797016019532],[8.968246195005918,11.571080581303818],[9.020847391294126,11.57652223331445],[9.03117178914681,11.556085920428927],[9.06300962059754,11.551823919937988],[9.077428394305002,11.613206421339328],[9.133570348293006,11.652862434353892],[9.16022859917058,11.652548015178809],[9.182117489830318,11.597510759613897],[9.168861996384067,11.573573415680642],[9.191736293095516,11.549821994889214],[9.327360637083757,11.57711134771057]]]}},{"type":"Feature","properties":{"state_code":"08","state_name":"BORNO","lga_code":"22","lga_name":"MARTE"},"geometry":{"type":"Polygon","coordinates":[[[13.956280905739277,12.166422814960981],[13.939978189042222,12.193395031755358],[13.994745645295325,12.235182302221517],[13.995597507419063,12.322393036009828],[13.992333737312151,12.338873073833327],[13.947047655325093,12.352379048254534],[13.95250528199324,12.386266740417796],[14.032293683406806,12.470490942602964],[14.045018218915743,12.611129968373405],[14.172492184366888,12.678273151784595],[14.152536031212946,12.770274595696094],[13.889973045919362,12.648578520782166],[13.773974321857509,12.548046293201935],[13.716063996756077,12.419573471438582],[13.670290527186125,12.369086717977723],[13.674871733044085,12.345417154378197],[13.541100476305985,12.338621955239091],[13.478810505000865,12.323496640857343],[13.44143005735134,12.29328208300177],[13.597753404396144,12.1623278140774],[13.653582435680903,12.137090226732653],[13.653938835209146,12.21023429657555],[13.678677683728154,12.240777694235248],[13.70145261344743,12.214597056209243],[13.869942248136283,12.17393206681146],[13.90978702794905,12.121152376680868],[13.952629719386096,12.111878897792963],[13.956280905739277,12.166422814960981]]]}},{"type":"Feature","properties":{"state_code":"19","state_name":"KANO","lga_code":"25","lga_name":"KUMBOTSO"},"geometry":{"type":"Polygon","coordinates":[[[8.595400343650965,11.961900667082148],[8.536280924125379,11.933129387111592],[8.530499704297938,11.967232732204877],[8.478497032911775,11.934013971067941],[8.486548622720818,11.963438883697563],[8.456999999350558,11.953099999565381],[8.444448354907706,11.97142750927219],[8.402848075978,11.94753503071712],[8.403807319851978,11.9102495442811],[8.431338077690157,11.883235627722115],[8.501721833196086,11.864277078124701],[8.522531770324974,11.889967952559005],[8.581284459810036,11.882061854171297],[8.635491672602654,11.91802672215556],[8.631900000684539,11.962400001259084],[8.595400343650965,11.961900667082148]]]}},{"type":"Feature","properties":{"state_code":"17","state_name":"JIGAWA","lga_code":"17","lga_name":"KAZAURE"},"geometry":{"type":"Polygon","coordinates":[[[8.344135585289052,12.652910522702484],[8.360381955862636,12.608562597286095],[8.386463115380536,12.609995911582075],[8.398762402862644,12.586845085032678],[8.49243279873474,12.601892556796088],[8.640747477014486,12.592996530565472],[8.657713931153069,12.659410131772233],[8.701111221006101,12.687008151704902],[8.668633008406687,12.719465191565405],[8.623384186231249,12.685062904629376],[8.594768642758709,12.695545768422505],[8.585291384689697,12.667315391991792],[8.537871376063208,12.646510045901948],[8.524135714791441,12.675447956757864],[8.55395801535019,12.676443909159104],[8.546410427199532,12.713437902836972],[8.491659889892048,12.749750089894803],[8.464949903715137,12.71904534126952],[8.346767235419634,12.671709321228263],[8.344135585289052,12.652910522702484]]]}},{"type":"Feature","properties":{"state_code":"20","state_name":"KATSINA","lga_code":"25","lga_name":"MALUFASHI"},"geometry":{"type":"Polygon","coordinates":[[[7.57120648718967,11.962055647250395],[7.577450715777957,11.939836136128804],[7.636679598984358,11.910170338290527],[7.642522851348588,11.844965859386946],[7.597928510792201,11.816132931789411],[7.5205000005746,11.815099999265612],[7.519894522114555,11.792002182354906],[7.426487665373486,11.81434873980254],[7.402341300110947,11.804628896806207],[7.450269277305324,11.698180004303822],[7.495006755757231,11.671163175739991],[7.537169752182365,11.661630248737026],[7.522033702593376,11.67192504000866],[7.543780550731867,11.691531478295133],[7.550415929551548,11.74037165402865],[7.590042842303376,11.69155171124254],[7.653238599082158,11.709953911443904],[7.677083909994508,11.75073947025038],[7.669550863881284,11.78619644071324],[7.694396377390945,11.802519572020685],[7.678814193020628,11.82594566396125],[7.711122817763851,11.852129091684276],[7.76530237820225,11.857677301666172],[7.853000921355488,11.824344344615838],[7.865105309562409,11.873462988226379],[7.826216259972455,11.95332943910239],[7.865578500447498,12.021391929294168],[7.736855177924156,12.00888814677063],[7.728266185636016,12.060732470027517],[7.708342327136734,12.04212861844104],[7.649684647428558,12.057747567096612],[7.62023259056167,12.04220889732278],[7.598617860925572,11.960279755106683],[7.556163572291098,11.980315474879319],[7.57120648718967,11.962055647250395]]]}},{"type":"Feature","properties":{"state_code":"14","state_name":"ENUGU","lga_code":"16","lga_name":"UDI"},"geometry":{"type":"Polygon","coordinates":[[[7.469337682687978,6.416787775835246],[7.426745673673963,6.442312363824556],[7.451510896610614,6.498173812071798],[7.415371207615181,6.508722049383096],[7.426374831933003,6.612718406129602],[7.411369514091859,6.651088703380992],[7.391823500354292,6.661209058551265],[7.341251602679392,6.626078443965071],[7.29760332283513,6.67865427307629],[7.221506841667463,6.676611517907247],[7.235762537710968,6.573342129935384],[7.262952481272066,6.548536745074784],[7.274685987268526,6.480844971618183],[7.289746843641979,6.468397680008991],[7.32308810593139,6.492147502705109],[7.348150704991099,6.418272649163498],[7.376146474380334,6.419267464821701],[7.387258763780949,6.380691301962088],[7.36101659683851,6.36066528587429],[7.343791285439522,6.30545197992501],[7.322177792371292,6.312285179017863],[7.290038024335388,6.278287095073438],[7.294257340304057,6.260550069430224],[7.364593167340843,6.213712395210905],[7.423607356294497,6.285491526213036],[7.423447224809649,6.355742030970021],[7.460996907781123,6.379308957642309],[7.451753684784762,6.400153974626278],[7.469337682687978,6.416787775835246]]]}},{"type":"Feature","properties":{"state_code":"17","state_name":"JIGAWA","lga_code":"06","lga_name":"DUTSE"},"geometry":{"type":"Polygon","coordinates":[[[9.202028048255897,11.90468222100776],[9.226550036954677,11.908821296765495],[9.230000264400758,11.894658304637119],[9.19019269044037,11.837621060263757],[9.143934869398777,11.826556042827178],[9.157363496728067,11.719222983653822],[9.174281855123581,11.702779360279294],[9.225754626175103,11.735739992606625],[9.248879980326876,11.696680444147205],[9.233001830869853,11.67663773394429],[9.241398688398817,11.645355392137674],[9.273991099609589,11.644108900305525],[9.269142435375159,11.62713811413272],[9.318972922962075,11.580634053318931],[9.420423354754064,11.557914468777767],[9.480959505077124,11.61360751807257],[9.458317716389558,11.625247026029456],[9.447247577313874,11.676814652174528],[9.421112602364758,11.675381140027639],[9.427702283933286,11.702664426022466],[9.36288254489358,11.786060281556786],[9.409706832704217,11.848961213589178],[9.397158002240076,11.876414982265658],[9.447130887580443,11.893299320207518],[9.453736441283809,11.912941829401973],[9.392039179864298,11.9076529740056],[9.40753250671986,11.94518647367687],[9.380414115019448,12.015722541961793],[9.336701183812636,12.026397938913817],[9.319290612971486,12.05688829725716],[9.201046073117823,11.961946890436707],[9.202028048255897,11.90468222100776]]]}},{"type":"Feature","properties":{"state_code":"17","state_name":"JIGAWA","lga_code":"11","lga_name":"GWARAM"},"geometry":{"type":"Polygon","coordinates":[[[9.62592342722445,11.236726420388038],[9.684067308059866,11.22192450671065],[9.824922361777624,11.279555851321504],[9.86147058579894,11.198206727758304],[9.880956695694977,11.196144315208016],[9.888989096669548,11.093950039762547],[9.85293197622974,11.066160201632044],[9.868856429980326,10.999569892636487],[10.006312746036429,10.95566315842808],[10.010325577663309,10.970077216990035],[10.111928562353341,10.992182408991027],[10.11991977707612,10.95423984459319],[10.172739982564167,10.942210197242844],[10.221513326978481,10.95371747068475],[10.155629407571155,11.005614535582424],[10.168825681560008,11.058146053297776],[10.209846112707964,11.092286615035277],[10.269551260682192,11.087994977386359],[10.313522011331827,11.130535393193895],[10.334010002859372,11.118081768558795],[10.366720200077225,11.202480316013805],[10.279452532008804,11.203170238116058],[10.119931979077649,11.237383418310174],[10.084171342633397,11.26966123497806],[10.01185685960644,11.261368384043749],[9.96945355263938,11.278835765058545],[9.941470758668629,11.313944955095678],[9.912136626304289,11.317069227762715],[9.918282961889247,11.347373859915763],[9.882633209155301,11.35896968780088],[9.878001105266833,11.448499559107404],[9.855712725861679,11.465970105735835],[9.716004303256057,11.43606873408487],[9.684450293346401,11.403330529280538],[9.681189720329371,11.370759067776817],[9.645852110586475,11.356196682231143],[9.661499999425473,11.284899997936577],[9.62592342722445,11.236726420388038]]]}},{"type":"Feature","properties":{"state_code":"18","state_name":"KADUNA","lga_code":"22","lga_name":"ZANGON KATAF"},"geometry":{"type":"Polygon","coordinates":[[[8.31179944578787,9.61236500793882],[8.338496729940175,9.625236093371086],[8.329881034082518,9.648972836327403],[8.36801889255787,9.679232516767286],[8.352034088902144,9.706970564739834],[8.378685099337929,9.726526204820573],[8.430265172999384,9.694616014817257],[8.486402142045279,9.6918072890752],[8.509620541854588,9.865081823367518],[8.433199742674049,9.886898039812763],[8.420198892265091,9.918015598840839],[8.429508740635924,10.004047424848807],[8.38254718930142,10.013537043200017],[8.369818802895509,10.042979079820725],[8.334911171613328,10.016729740784967],[8.272103749288647,10.022265417814822],[8.271633153847006,10.05475313444964],[8.221110623556456,10.104036243378005],[8.240058476617435,10.119460523884129],[8.16939437455079,10.189962893672657],[8.193875210272779,10.218518908321016],[8.144558740093828,10.250270814946191],[8.144460785037268,10.282039016387557],[8.117092978058565,10.28847751832285],[8.12760999630433,10.24904130321363],[8.092518070552558,10.222398365991864],[8.064820164718867,10.238867680299279],[8.082888890010338,10.261061638084186],[8.070962899418305,10.286053730295464],[8.039032799324275,10.282870933346942],[7.992271550391763,10.19499762314183],[7.995613450900066,10.149652628366141],[7.951874839552261,10.131236841207283],[7.998510954117307,10.118081543028836],[7.982611384607765,10.079614737730026],[8.028020251933128,10.04000888080526],[8.010843351039853,9.94940381513402],[8.042265948414808,9.949183012685921],[8.089907541000287,9.886449845583968],[8.023370843289854,9.783570935150578],[8.07864008167445,9.757477718422024],[8.070821159069283,9.732682053434075],[8.133387706977146,9.668889127031662],[8.116654774398341,9.624980529427944],[8.172524451442314,9.581972493136107],[8.164807854598848,9.551061679253166],[8.207246278293155,9.511049388118806],[8.22708083411328,9.504993346265962],[8.244786750408252,9.531609363181587],[8.240929229000756,9.575400006605093],[8.280251627710527,9.568445744375651],[8.286899931586618,9.599866254424171],[8.31179944578787,9.61236500793882]]]}},{"type":"Feature","properties":{"state_code":"17","state_name":"JIGAWA","lga_code":"19","lga_name":"KIYAWA"},"geometry":{"type":"Polygon","coordinates":[[[9.639735107289425,11.732978133234326],[9.620054966863279,11.75368070030413],[9.669522971008348,11.784340499914208],[9.67915210028923,11.864904943408476],[9.707925729289002,11.84987178795268],[9.833508327847085,11.890391750878678],[9.898742129146001,11.938050688688406],[9.887910465095956,11.959913584444394],[9.79423700523364,11.963865981629795],[9.614824111443625,11.929880999908278],[9.586288838758946,11.942775894891668],[9.581866309282816,11.979906352596117],[9.54072159002942,11.973642088911333],[9.473248679183257,11.935490682149293],[9.447130887580443,11.893299320207518],[9.397158002240076,11.876414982265658],[9.409706832704217,11.848961213589178],[9.364477364838592,11.795841823441435],[9.427702283933286,11.702664426022466],[9.421112602364758,11.675381140027639],[9.447247577313874,11.676814652174528],[9.458317716389558,11.625247026029456],[9.480959505077124,11.61360751807257],[9.53668621060018,11.68339465074257],[9.639735107289425,11.732978133234326]]]}},{"type":"Feature","properties":{"state_code":"05","state_name":"BAUCHI","lga_code":"20","lga_name":"ZAKI"},"geometry":{"type":"Polygon","coordinates":[[[10.167478040279377,12.059211204733344],[10.188631536416324,12.078153961336284],[10.23072703782259,12.077911988847234],[10.17762775741511,11.984858069244524],[10.189449797170425,11.966915739170076],[10.209805090132875,11.979931468862219],[10.218818832223405,11.968009277006558],[10.210858373415249,11.937650913958578],[10.254826198570242,11.9443615624362],[10.27541655183245,11.912598264997996],[10.30190688759285,11.911504195662133],[10.30292833757278,11.873242950202041],[10.337313612932917,11.85610784260291],[10.357816293087524,11.88857925722698],[10.339144664095045,11.910235037317193],[10.383228453230572,11.882523166810756],[10.41424750232045,11.914562163113374],[10.459630423305441,11.906569756788883],[10.41661799832201,11.97531234938549],[10.438196261348423,11.985777983067521],[10.410159689717943,12.001663513260553],[10.395009123272473,12.049094859640093],[10.440442603243582,12.094132776406582],[10.418745027161322,12.130627213774972],[10.402343664728392,12.128626483025812],[10.395075524715764,12.161155839170704],[10.310421407921694,12.185187000379813],[10.319928597227033,12.23164790992314],[10.367203725071931,12.267259322759571],[10.355141478196686,12.283284280245368],[10.410865816704131,12.305516406157267],[10.429608493037563,12.27189606355256],[10.43064307401869,12.29655889237904],[10.447420632756064,12.29559264278629],[10.441963794793367,12.258616772246285],[10.486189735268113,12.25827842930613],[10.503740665998976,12.292506218986887],[10.527475300045126,12.294807011234639],[10.49668270384376,12.319061005561025],[10.520159912350096,12.361430084330948],[10.558857264251401,12.330200948215236],[10.621129061157319,12.321185285172817],[10.721253581987241,12.370057726782704],[10.764261451005211,12.36963186991494],[10.750508165719339,12.476171442857833],[10.691259587360094,12.514361792063085],[10.614246515364414,12.532465744698413],[10.591198425566915,12.518397513234675],[10.605630339268771,12.514555080652485],[10.590513908390221,12.504948748286154],[10.601678064391194,12.485110626654148],[10.451978731433371,12.439292699098814],[10.393866037287864,12.465170574962087],[10.339213937073566,12.441315396688253],[10.258073357299622,12.459621498933075],[10.225000978812147,12.433852896094322],[10.254056937377811,12.391029850347365],[10.208429351333564,12.355184188399619],[10.194995491748614,12.328129204299387],[10.206627538030489,12.311860835409277],[10.147536091017855,12.238220385662316],[10.170390128701513,12.164979934576365],[10.152797672674524,12.102385597617285],[10.167478040279377,12.059211204733344]]]}},{"type":"Feature","properties":{"state_code":"32","state_name":"RIVERS","lga_code":"20","lga_name":"OPOBO/NEKORO"},"geometry":{"type":"Polygon","coordinates":[[[7.57803272103331,4.496075004358033],[7.532558612390119,4.52590355790295],[7.5212876861778,4.554671519375177],[7.543707575244468,4.579796084421787],[7.529443741235696,4.596110343917303],[7.476527752553807,4.584389532750777],[7.452763967882845,4.55632167460567],[7.479849171002513,4.489664981253952],[7.563929577887734,4.47047459542631],[7.57803272103331,4.496075004358033]]]}},{"type":"Feature","properties":{"state_code":"05","state_name":"BAUCHI","lga_code":"16","lga_name":"SHIRA"},"geometry":{"type":"Polygon","coordinates":[[[10.145666386994208,11.240966179745442],[10.134311139447561,11.256092027425154],[10.160829960334468,11.30929876422664],[10.11381429769176,11.341459135730588],[10.137977170010458,11.360412224644506],[10.12646079183213,11.397755640010814],[10.145939246698902,11.398914333729579],[10.147504124615693,11.41874480213096],[10.181368338178288,11.417876313341253],[10.192844889879837,11.440957800362241],[10.243415377417762,11.430522374008376],[10.256568814898912,11.451024887788378],[10.187234225579118,11.489966623261125],[10.175618442637074,11.50735064431683],[10.190314333439801,11.520149990829452],[10.164388393309764,11.555837819959493],[10.179716660395627,11.568474960251251],[10.15183941175951,11.572126404709877],[10.101209312659705,11.631755739835569],[10.09340768581609,11.669033008266751],[10.064846432616832,11.679144407088756],[10.060673723113894,11.64251949158131],[10.007965867231064,11.649894169780168],[9.997875331781188,11.669996154299156],[9.964065300573225,11.661559350683547],[9.937764445672656,11.612079856799994],[9.895518161234179,11.58603883942095],[9.923929236644994,11.562889006622413],[9.919635046720089,11.532216755898617],[9.904334762939015,11.552858675387597],[9.85764491298238,11.552815841577853],[9.847984802956319,11.57460292088814],[9.819567964689895,11.579875789036464],[9.830783568207153,11.540342700755104],[9.787869533552168,11.504716107362526],[9.784703517953062,11.468231546348818],[9.801438171834207,11.443355710397782],[9.855712725861679,11.465970105735835],[9.874845178262433,11.452697158247304],[9.882633209155301,11.35896968780088],[9.918282961889247,11.347373859915763],[9.912136626304289,11.317069227762715],[9.941470758668629,11.313944955095678],[9.998535675181301,11.264628530782147],[10.084171342633397,11.26966123497806],[10.119931979077649,11.237383418310174],[10.145666386994208,11.240966179745442]]]}},{"type":"Feature","properties":{"state_code":"05","state_name":"BAUCHI","lga_code":"06","lga_name":"DASS"},"geometry":{"type":"Polygon","coordinates":[[[9.518265444794508,10.113158547129274],[9.43004466892637,10.149902076020055],[9.389471791689857,10.116806269293932],[9.346442625826569,10.027625725247049],[9.374356211569932,9.942426435831408],[9.369451137360159,9.91130214897504],[9.34900496700567,9.902075885393856],[9.359652936433918,9.871610020086393],[9.483703503014283,9.910705401133384],[9.535890469769413,9.893543557589169],[9.566090288635962,9.91090812091312],[9.571910610086661,9.86751242915534],[9.60277357733878,9.892659051873807],[9.624593316428445,9.884784443247497],[9.6301827450377,9.905770446948623],[9.651196260798827,9.881644820951749],[9.674283408152803,9.896063342849061],[9.68121161702254,9.929962555327734],[9.634680068430441,9.930127448722828],[9.622704115102863,9.97440061709483],[9.575795919645998,9.98638862493516],[9.619428050364263,10.03433882617594],[9.518265444794508,10.113158547129274]]]}},{"type":"Feature","properties":{"state_code":"14","state_name":"ENUGU","lga_code":"04","lga_name":"ENUGU NORTH"},"geometry":{"type":"Polygon","coordinates":[[[7.539944336961639,6.45454010484201],[7.510571443817128,6.476737455769012],[7.441751544598162,6.476243064266043],[7.426745673673963,6.442312363824556],[7.469337682687978,6.416787775835246],[7.490808713251567,6.433849317092381],[7.530883083687399,6.415053545684657],[7.539944336961639,6.45454010484201]]]}},{"type":"Feature","properties":{"state_code":"17","state_name":"JIGAWA","lga_code":"05","lga_name":"BUJI"},"geometry":{"type":"Polygon","coordinates":[[[9.645852110586475,11.356196682231143],[9.681189720329371,11.370759067776817],[9.684450293346401,11.403330529280538],[9.716004303256057,11.43606873408487],[9.788003841004524,11.463325660950545],[9.787869533552168,11.504716107362526],[9.830783568207153,11.540342700755104],[9.819567964689895,11.579875789036464],[9.834908586661982,11.598879487298575],[9.810854059267456,11.622456142836768],[9.825916387831057,11.626764527660896],[9.830646119422909,11.68459840858975],[9.801982061123283,11.691472456688587],[9.77956752122418,11.736505050367839],[9.664431285675334,11.726806684081282],[9.661440849215865,11.680999756133872],[9.697123381339054,11.681452645723084],[9.69476750831393,11.657306546659868],[9.672598099322897,11.655827825593747],[9.609998686590188,11.592538781239796],[9.630750487045361,11.572429674090245],[9.64959999924065,11.471799998671031],[9.702519340595131,11.492294379881798],[9.648897031572801,11.46106614039013],[9.641118360823725,11.388664277434486],[9.598972854413773,11.38308981624209],[9.598294415754708,11.415700296631428],[9.581099952001239,11.393061202312708],[9.603988170217917,11.36475248234126],[9.636886441755905,11.3733797129035],[9.645852110586475,11.356196682231143]]]}},{"type":"Feature","properties":{"state_code":"03","state_name":"AKWA IBOM","lga_code":"28","lga_name":"UKANAFUN"},"geometry":{"type":"Polygon","coordinates":[[[7.718123934671894,4.991136038197681],[7.693302561663927,4.953462454728538],[7.636892539559085,4.959757888915476],[7.540318240894123,4.923346496743477],[7.524090477293726,4.881241146861498],[7.490650294975183,4.865093447204856],[7.511819568818112,4.793050653864611],[7.559625266992498,4.803082066983848],[7.598371665220213,4.841364235171341],[7.630316862233428,4.81440386334765],[7.672033513435963,4.873128563232683],[7.644903587930287,4.898160915393987],[7.75769244994666,4.998633061066982],[7.740956775334951,5.008208567371526],[7.718123934671894,4.991136038197681]]]}},{"type":"Feature","properties":{"state_code":"26","state_name":"NIGER","lga_code":"01","lga_name":"AGAIE"},"geometry":{"type":"Polygon","coordinates":[[[6.408037186167235,8.603014945683242],[6.486394404678094,8.579115867903056],[6.535678386848133,8.627859117404398],[6.534590849288293,8.748631477960373],[6.575755596443685,8.786542891641204],[6.599043845696997,8.842867851370272],[6.579005240899221,8.932770729085917],[6.594543748795047,8.979803564283088],[6.54532272456413,9.06729739565833],[6.525977125643863,9.162232796806165],[6.535322188768021,9.220931053925028],[6.48796320004169,9.296415328804414],[6.425780943235964,9.305037050119836],[6.400213997178298,9.300075261963798],[6.370203494595671,9.234170915355492],[6.327948338345209,9.23518476696347],[6.30956256516032,9.209390803243025],[6.31554587524198,9.17620654099909],[6.271550234056122,9.179079809285838],[6.325420230759107,9.055782025620033],[6.29253912188301,9.050425198564085],[6.252588178901362,9.078163177288843],[6.247657841835974,9.031505106675354],[6.264521300217893,9.029372007412235],[6.263950987947794,8.957945333310533],[6.279849752564076,8.937125072863864],[6.260050540100394,8.852350174421076],[6.30809383466277,8.862865408411892],[6.341838927624451,8.83397107240711],[6.316942070919879,8.787465602355724],[6.333987461252377,8.775165801360686],[6.315319779384367,8.718945451671289],[6.358722687302247,8.684555053772783],[6.408037186167235,8.603014945683242]]]}},{"type":"Feature","properties":{"state_code":"19","state_name":"KANO","lga_code":"03","lga_name":"BAGWAI"},"geometry":{"type":"Polygon","coordinates":[[[8.141857533698271,11.993217281152624],[8.171910813433328,12.012888433754256],[8.247101000111115,12.017442990901372],[8.268573888674098,12.075163407065645],[8.250767340040738,12.120021910882542],[8.183328244602876,12.16147762379336],[8.173889792280136,12.207614442852332],[8.157609567627503,12.189991212924213],[8.130852215957077,12.210429943187364],[8.121974028678551,12.188011489438736],[8.04177658322277,12.181617217060989],[8.0328662883486,12.151621043376508],[8.005300000094962,12.14449999917565],[7.992317587586626,12.160835867581284],[7.992919073956159,12.083795654945561],[8.031808146029164,12.054512307297216],[8.038958999158524,12.069087667361998],[8.049259216939333,12.05336620138911],[8.1119598339792,12.069455240966647],[8.141857533698271,11.993217281152624]]]}},{"type":"Feature","properties":{"state_code":"18","state_name":"KADUNA","lga_code":"12","lga_name":"KAJURU"},"geometry":{"type":"Polygon","coordinates":[[[7.951874839552261,10.131236841207283],[7.995613450900066,10.149652628366141],[7.992271550391763,10.19499762314183],[8.039032799324275,10.282870933346942],[8.070962899418305,10.286053730295464],[8.082888890010338,10.261061638084186],[8.064820164718867,10.238867680299279],[8.092518070552558,10.222398365991864],[8.12760999630433,10.24904130321363],[8.09769075512429,10.31229736762947],[8.032714493579078,10.302035070662043],[8.039373744003115,10.343156665647655],[8.000226790434056,10.449674071201457],[8.01135844583564,10.475080676232267],[7.931657930669019,10.466156977862283],[7.869681828153887,10.526706689961827],[7.829203600965457,10.497891000569268],[7.739758592385158,10.488283626788018],[7.691281939709825,10.431839719127765],[7.695464797162685,10.41192361997912],[7.596458698410231,10.394702019182887],[7.614996253774166,10.344512587885674],[7.604144670640096,10.309062730160917],[7.589610080440934,10.308381778796104],[7.588645413654945,10.281136681612622],[7.557858921152331,10.28991042162869],[7.538196769865067,10.275022906881702],[7.516555979674763,10.231222468941837],[7.510552323331126,10.194684100590791],[7.556013962874147,10.172413146449571],[7.598341652145564,10.100205029838321],[7.618687159584795,10.094967350362992],[7.637307193572155,10.038455083435394],[7.619908794155549,10.044680866029182],[7.627317765302678,10.016741798894941],[7.690560248156999,10.004834010581192],[7.720520862647732,10.020213041698582],[7.748075301434085,9.978037581569197],[7.80197957309889,9.999869334702112],[7.797990077080442,10.051799625052695],[7.820333209010414,10.068795186648572],[7.894583117616833,10.067338938741102],[7.951874839552261,10.131236841207283]]]}},{"type":"Feature","properties":{"state_code":"26","state_name":"NIGER","lga_code":"10","lga_name":"KATCHA"},"geometry":{"type":"Polygon","coordinates":[[[6.208536148424571,8.732375145596563],[6.267717361267273,8.738791465753593],[6.315319779384367,8.718945451671289],[6.330262901012134,8.755969381082139],[6.316942070919879,8.787465602355724],[6.341838927624451,8.83397107240711],[6.30809383466277,8.862865408411892],[6.260050540100394,8.852350174421076],[6.279849752564076,8.937125072863864],[6.263950987947794,8.957945333310533],[6.264521300217893,9.029372007412235],[6.247657841835974,9.031505106675354],[6.252588178901362,9.078163177288843],[6.29253912188301,9.050425198564085],[6.325420230759107,9.055782025620033],[6.266525088661979,9.16286098224856],[6.271550234056122,9.179079809285838],[6.31554587524198,9.17620654099909],[6.30956256516032,9.209390803243025],[6.327948338345209,9.23518476696347],[6.378614902256004,9.241741179911571],[6.400213997178298,9.300075261963798],[6.48796320004169,9.296415328804414],[6.503103732751129,9.31407928543075],[6.506468296175001,9.376323699778993],[6.477028370263099,9.441091537144757],[6.394886572557311,9.367295576629601],[6.236139274707796,9.467388441323578],[6.15844613807883,9.446609696280518],[6.162508687825721,9.338685424592711],[6.136922722006091,9.26149969805266],[6.221193926358637,9.23061806087486],[6.14281849927437,9.138991932831459],[6.09280316503407,9.022146151723575],[6.126290202031271,8.927385373736058],[6.127210834412551,8.75333048601317],[6.149538039349068,8.72073555040538],[6.208536148424571,8.732375145596563]]]}},{"type":"Feature","properties":{"state_code":"20","state_name":"KATSINA","lga_code":"17","lga_name":"KAFUR"},"geometry":{"type":"Polygon","coordinates":[[[7.695207600050765,11.43149014705267],[7.675170903614344,11.48325213108103],[7.67960486886966,11.523740264301807],[7.718539932272108,11.569013019235513],[7.706871185556793,11.595021802214433],[7.766854120621247,11.628626162967123],[7.902302970006133,11.653218495737065],[7.853000921355488,11.824344344615838],[7.76530237820225,11.857677301666172],[7.711122817763851,11.852129091684276],[7.678814193020628,11.82594566396125],[7.694396377390945,11.802519572020685],[7.669550863881284,11.78619644071324],[7.677083909994508,11.75073947025038],[7.653238599082158,11.709953911443904],[7.590042842303376,11.69155171124254],[7.550415929551548,11.74037165402865],[7.543780550731867,11.691531478295133],[7.522033702593376,11.67192504000866],[7.553459149919888,11.647479324611197],[7.552922942639725,11.619353783950032],[7.580704390994924,11.636265474771903],[7.613907566880755,11.626803269555296],[7.643518035728789,11.56988874486973],[7.633405326594584,11.552935083587272],[7.584761089752533,11.573681708444155],[7.584472096210334,11.496207136750002],[7.555381165708297,11.511444941031243],[7.507228413760345,11.490318281563475],[7.477718975650248,11.428274318904755],[7.532714587208488,11.436208702769477],[7.587587652648097,11.414365721600802],[7.598939950418412,11.391251065784104],[7.634603937621648,11.417586156076311],[7.667769911252435,11.405514082309082],[7.695207600050765,11.43149014705267]]]}},{"type":"Feature","properties":{"state_code":"21","state_name":"KEBBI","lga_code":"19","lga_name":"WASAGU/DANKO"},"geometry":{"type":"MultiPolygon","coordinates":[[[[5.867935853257052,11.106908681390564],[5.977745701103288,11.16697766538698],[6.015900000984288,11.138],[6.059071077168539,11.229763896086979],[6.046835324090978,11.162614907551983],[6.105919500984214,11.183345423752371],[6.108666624065506,11.238398562243901],[6.135723549802037,11.29537450702793],[6.190564498652748,11.334081656143553],[6.174735030397358,11.35938916577743],[6.200881533755819,11.390011927708372],[6.079570357885757,11.388411993318869],[6.009543367032791,11.462646689892892],[5.967953207274718,11.46691018865431],[5.933799054982444,11.436640112051577],[5.835453048719273,11.435351531947674],[5.816443093873715,11.515465361137558],[5.828838815658855,11.624814756096157],[5.780325804292488,11.683898112807697],[5.705030877173272,11.68797303542732],[5.669687793257083,11.66144479683993],[5.564082545772919,11.68435968175396],[5.527508849353978,11.661290384143967],[5.515529790667358,11.67050807808539],[5.497211585346463,11.612915389933335],[5.515199112648986,11.57397526694507],[5.508738192413716,11.488194312217786],[5.406015839559416,11.451634043576291],[5.402110970644856,11.42420825910392],[5.425367104208533,11.393447926980286],[5.418145122799217,11.37189291502608],[5.490355092913262,11.34894037369935],[5.472781285228166,11.303509848900433],[5.500290305553222,11.284230967085534],[5.484753781561835,11.254567603712019],[5.603481335595234,11.248063218342907],[5.717151651027905,11.16937977075986],[5.776760761300125,11.167647720565924],[5.758124109639994,11.205402938195107],[5.811513866571715,11.204735810309444],[5.794499847290183,11.135054641158831],[5.867935853257052,11.106908681390564]]],[[[4.941011066707404,11.730830321062513],[4.935843671048644,11.657156219583896],[5.053143513562361,11.587259428979507],[5.085749213155736,11.541439171280786],[5.105880431037122,11.550136032751766],[5.124797801577301,11.505866466164548],[5.166206203853278,11.555763311127976],[5.262257769780319,11.532426345599447],[5.296456620176912,11.54560456300021],[5.306579789325838,11.57378400362893],[5.369355004230101,11.551254131073335],[5.459999638272734,11.673064576369143],[5.440152410105668,11.708834958766374],[5.349867734208601,11.709346592071597],[5.327990740680207,11.772153914571561],[5.296153065711451,11.755298951185694],[5.317510023568786,11.777855753939946],[5.309547473836915,11.793685887693584],[5.237968523828386,11.755887054743823],[5.17788648617244,11.792395444194426],[5.177447729429218,11.74413263321452],[5.081412046428852,11.732326131945456],[5.062846882777478,11.708116977816303],[5.007116690582848,11.7497384213911],[4.941011066707404,11.730830321062513]]]]}},{"type":"Feature","properties":{"state_code":"26","state_name":"NIGER","lga_code":"03","lga_name":"BIDA"},"geometry":{"type":"Polygon","coordinates":[[[6.12584499984689,9.077982999915548],[6.054832854752476,9.089810316892681],[6.017155272897583,9.152195940090621],[5.996841932409325,9.1349101357942],[5.910411150054586,9.158692784644359],[5.837449074215442,9.131628989885996],[5.809889789881936,9.046335535156857],[5.818116758281803,9.000449837390136],[5.87971105182362,8.926991399633437],[5.978730678178295,8.91728219291889],[6.026128803601466,8.931882204300337],[6.098015385601627,8.912712028937051],[6.11274858567873,8.96464660905383],[6.09280316503407,9.022146151723575],[6.12584499984689,9.077982999915548]]]}},{"type":"Feature","properties":{"state_code":"05","state_name":"BAUCHI","lga_code":"13","lga_name":"KIRFI"},"geometry":{"type":"Polygon","coordinates":[[[10.855280967442752,10.24082478223795],[10.8628708318235,10.26827002714009],[10.819189562148608,10.312951689169154],[10.835403442015263,10.39955139208314],[10.804135832902432,10.424469619377476],[10.810256426293108,10.447773729973733],[10.79073923133052,10.435145830215959],[10.730184902111603,10.487406280575442],[10.66189296159098,10.491392697315177],[10.558191220948117,10.600614668232424],[10.56257781621332,10.642259985210217],[10.528571757080954,10.64967111562953],[10.494281108386474,10.688327978253653],[10.466976729692362,10.606968750807255],[10.426543162836765,10.615140234634168],[10.346135767052033,10.591368358762793],[10.336720694404562,10.55605466199313],[10.30478963293524,10.536529045778877],[10.322766165126495,10.490739145595114],[10.227158589097655,10.42865424579685],[10.236745116593909,10.376549209078803],[10.213471778100143,10.358579347159207],[10.211004402631147,10.316645837935141],[10.26532320240392,10.308266939867451],[10.295368940424282,10.270265545418624],[10.416360395615811,10.279392013930362],[10.518748311285606,10.251592764394616],[10.58090155955938,10.254773589129911],[10.637722397370794,10.213742819375682],[10.703059744811412,10.271194814888872],[10.757347466712247,10.235691005935223],[10.855280967442752,10.24082478223795]]]}},{"type":"Feature","properties":{"state_code":"21","state_name":"KEBBI","lga_code":"08","lga_name":"DANDI"},"geometry":{"type":"Polygon","coordinates":[[[3.764458617970888,12.099222750329716],[3.709934624383436,12.145508696769014],[3.628404008638142,12.125261162372794],[3.671666144776793,11.975554464866718],[3.618736929765532,11.908223657695714],[3.631666659089092,11.82527732558816],[3.6632593794169,11.798278771248363],[3.663854664960866,11.75543589994686],[3.627522375357387,11.708832830071117],[3.643142642419036,11.664837330078797],[3.806277362910009,11.604628576147945],[3.825803096036111,11.581055099713126],[3.836967835697124,11.618829496284263],[3.886952148722742,11.640207902073087],[3.943888060185884,11.64120623857707],[3.962161097956368,11.617484264287441],[3.989645937310229,11.716827973032593],[4.016476593619927,11.731404798992344],[4.014709161398741,11.786100200663782],[3.969313339638973,11.837033326327003],[3.959666678974088,11.881330685562716],[3.969051603648666,11.981111510687697],[3.994767849756499,11.999239452738607],[3.938672024694256,12.070574303361468],[3.764458617970888,12.099222750329716]]]}},{"type":"Feature","properties":{"state_code":"21","state_name":"KEBBI","lga_code":"05","lga_name":"BAGUDO"},"geometry":{"type":"Polygon","coordinates":[[[3.811396175393213,11.587704471983841],[3.806277362910009,11.604628576147945],[3.643142642419036,11.664837330078797],[3.627522375357387,11.708832830071117],[3.526300082682724,11.678590540720904],[3.510850900848425,11.669978309051771],[3.510660586317044,11.524691871132973],[3.474999904122342,11.429721829898597],[3.492085561599424,11.300375250217655],[3.564863003924529,11.252533515309551],[3.663109865328067,11.14783311980267],[3.722477218049221,11.132389131553225],[3.717231055269053,11.01983769235568],[3.770033367845713,10.919743774555627],[3.802273546986669,10.946065857953045],[3.932783798133812,10.943011363683524],[3.99297318606375,11.016467241070359],[4.100380421319414,11.026324271148269],[4.267120184848693,11.025278875819538],[4.256551806320829,10.990335822040606],[4.277214161104723,10.954357939067677],[4.31411065927955,10.949864705791583],[4.3294857693528,11.002232775322398],[4.305089027436736,11.145018872223204],[4.337675569671831,11.181516871806252],[4.308440961681072,11.172143366723049],[4.26244993621566,11.202501235143927],[4.235497054845268,11.267892723570412],[4.183082659437218,11.292840453124484],[4.177109618713985,11.331151310584573],[4.200825524378502,11.35620589398684],[4.259783256592073,11.35860059973794],[4.406825010166131,11.437945649771962],[4.371563083769331,11.491847263040825],[4.406487788680579,11.499714570071376],[4.393935411290272,11.557756712402409],[4.246851665671898,11.611788539409588],[4.213359848778055,11.673671845379431],[4.184018287114327,11.64217715205399],[4.144393187395735,11.661532184862494],[4.10443312888583,11.648318576441227],[4.107762068364821,11.616544075248896],[4.067967216214129,11.609529568334949],[4.05900829139955,11.5815032525731],[4.015665277430685,11.561596331905264],[3.989263925090142,11.500525648839698],[3.805793058203108,11.57352721390987],[3.811396175393213,11.587704471983841]]]}},{"type":"Feature","properties":{"state_code":"20","state_name":"KATSINA","lga_code":"19","lga_name":"KANKARA"},"geometry":{"type":"Polygon","coordinates":[[[7.494307688449112,12.08554528688552],[7.463115188914912,12.097121818017513],[7.434383598724139,12.142441013941664],[7.358710486000177,12.117830091285725],[7.291032629552262,12.154493689332355],[7.253682493552276,12.101880702032815],[7.130271576072403,12.068389018238634],[7.308755266042738,11.851229490848368],[7.417252786287122,11.803143489280671],[7.426487665373486,11.81434873980254],[7.519894522114555,11.792002182354906],[7.5205000005746,11.815099999265612],[7.597928510792201,11.816132931789411],[7.635093084278481,11.838246093582427],[7.64482900895166,11.886553483056844],[7.57120648718967,11.962055647250395],[7.514970008159423,11.962647175426866],[7.536353290971647,12.01415868117823],[7.564337024733959,12.031132770560987],[7.540975683081342,12.048530795859563],[7.512878060074456,12.0321308993216],[7.494307688449112,12.08554528688552]]]}},{"type":"Feature","properties":{"state_code":"05","state_name":"BAUCHI","lga_code":"10","lga_name":"ITAS/GADAU"},"geometry":{"type":"Polygon","coordinates":[[[9.664431285675334,11.726806684081282],[9.77956752122418,11.736505050367839],[9.801982061123283,11.691472456688587],[9.827777643623392,11.692276464986946],[9.83453817119971,11.72614685958996],[9.911544400253945,11.738247084835166],[9.935347850423,11.770024266906432],[9.97983670140269,11.747871552929894],[9.993443865741881,11.768872023125425],[10.05443286698329,11.775551411168749],[10.091578562800464,11.809782673131906],[10.119349017842922,11.810849661182942],[10.139844899122863,11.756922817434145],[10.215812781734542,11.77864180727363],[10.246366189747903,11.738822365859562],[10.384147220417958,11.785477060418032],[10.390578070921265,11.824491630184639],[10.360388545694889,11.840318844738931],[10.367437691796113,11.8564725257865],[10.449780772164956,11.868778346843271],[10.473939248597503,11.895153742051605],[10.41424750232045,11.914562163113374],[10.383228453230572,11.882523166810756],[10.339144664095045,11.910235037317193],[10.357816293087524,11.88857925722698],[10.337313612932917,11.85610784260291],[10.30292833757278,11.873242950202041],[10.30190688759285,11.911504195662133],[10.27541655183245,11.912598264997996],[10.254826198570242,11.9443615624362],[10.210858373415249,11.937650913958578],[10.218818832223405,11.968009277006558],[10.178198188395754,11.983463072362952],[10.23072703782259,12.077911988847234],[10.202001020730563,12.081407795733242],[10.169914257836751,12.063917965841483],[10.176272191308612,12.042707836697332],[10.154999855159247,12.023297649367066],[10.096590061881898,12.018706410672337],[10.089103150090352,11.992203559946404],[9.888763882147487,11.93663069964714],[9.833508327847085,11.890391750878678],[9.75360943662622,11.862457108408876],[9.707925729289002,11.84987178795268],[9.67915210028923,11.864904943408476],[9.669522971008348,11.784340499914208],[9.641351546037072,11.778737173182037],[9.619147031110629,11.745476875057761],[9.664431285675334,11.726806684081282]]]}},{"type":"Feature","properties":{"state_code":"24","state_name":"LAGOS","lga_code":"05","lga_name":"APAPA"},"geometry":{"type":"Polygon","coordinates":[[[3.364495326398242,6.476246227181662],[3.33877777267611,6.474598510013266],[3.356148276022168,6.455160985990744],[3.332050874348397,6.429896301173414],[3.377091507067462,6.398044023013313],[3.400271547194222,6.4104270562637],[3.403009752598052,6.439335522416457],[3.364495326398242,6.476246227181662]]]}},{"type":"Feature","properties":{"state_code":"28","state_name":"ONDO","lga_code":"15","lga_name":"ONDO EAST"},"geometry":{"type":"Polygon","coordinates":[[[4.911337376418828,6.957957267713766],[4.98954439196018,6.900218964034025],[5.006719111997484,6.979723453974259],[4.992343903248582,7.063669205369592],[5.003284290837428,7.200154797705807],[4.877082752766853,7.187049368733426],[4.879928589033227,7.103674411644818],[4.924074999761501,7.08263399985924],[4.911337376418828,6.957957267713766]]]}},{"type":"Feature","properties":{"state_code":"05","state_name":"BAUCHI","lga_code":"19","lga_name":"WARJI"},"geometry":{"type":"Polygon","coordinates":[[[9.615426482746045,11.240250246551682],[9.630319261224997,11.19637189314841],[9.620854588268685,11.1550470405885],[9.65671779868751,11.112381151369107],[9.627883333249258,11.052436000421153],[9.725458355218962,11.034395063281579],[9.769121426212905,11.047823160910184],[9.785983924118852,11.008491967730151],[9.857819742087486,11.023190370339364],[9.855164527920692,11.076539993226163],[9.888989096669548,11.093950039762547],[9.880956695694977,11.196144315208016],[9.86147058579894,11.198206727758304],[9.824922361777624,11.279555851321504],[9.684067308059866,11.22192450671065],[9.615426482746045,11.240250246551682]]]}},{"type":"Feature","properties":{"state_code":"05","state_name":"BAUCHI","lga_code":"12","lga_name":"KATAGUM"},"geometry":{"type":"Polygon","coordinates":[[[10.557117274842426,11.662927825658699],[10.50838970861821,11.689459591387106],[10.501268549304143,11.722840598315031],[10.471773521930515,11.7079229203066],[10.462380658040956,11.735341441854132],[10.484748828895363,11.745068634110226],[10.48631696055935,11.796290295560766],[10.474698187371473,11.81840366869443],[10.429528322973795,11.82660174637357],[10.408330669225052,11.865884385156278],[10.360388545694889,11.840318844738931],[10.390578070921265,11.824491630184639],[10.384147220417958,11.785477060418032],[10.30734047088606,11.752203837237346],[10.246366189747903,11.738822365859562],[10.215812781734542,11.77864180727363],[10.139844899122863,11.756922817434145],[10.119349017842922,11.810849661182942],[10.091578562800464,11.809782673131906],[10.05443286698329,11.775551411168749],[9.993443865741881,11.768872023125425],[9.974645559145301,11.747361262312438],[9.982753186610296,11.706980455983285],[10.001597897325155,11.700973516214844],[10.06543311884343,11.720246291633089],[10.076988059951077,11.670732164857554],[10.09340768581609,11.669033008266751],[10.101209312659705,11.631755739835569],[10.15183941175951,11.572126404709877],[10.186759533725535,11.565961433373502],[10.24927191276862,11.606793559075527],[10.339494042616025,11.627670195323333],[10.331996812003297,11.574448180838942],[10.370287015633323,11.573330514191923],[10.375862434603732,11.558344958053397],[10.4049589310099,11.567715379361346],[10.356021908184573,11.509493600149597],[10.393785611816554,11.445425129566104],[10.500843684388599,11.511703424173731],[10.538906506130388,11.492045371996369],[10.558339915754573,11.508921122312017],[10.575681003175816,11.488337549038704],[10.59981330933681,11.516656711937742],[10.6216067423573,11.55131768256507],[10.593527432245253,11.590633246427217],[10.606476223598861,11.60667032137826],[10.597368336879299,11.660204372733688],[10.557117274842426,11.662927825658699]]]}},{"type":"Feature","properties":{"state_code":"20","state_name":"KATSINA","lga_code":"26","lga_name":"MANI"},"geometry":{"type":"Polygon","coordinates":[[[7.863870474742669,13.090139304285515],[7.849008527721423,13.096843653911549],[7.797943038940161,13.027824653784819],[7.808415557831779,12.942672999659237],[7.765670922175389,12.879268029995615],[7.824404367067928,12.789239486413237],[7.886443438314075,12.795195620781328],[7.883998562983322,12.820423217557504],[7.921069049397147,12.818946028936125],[7.943557131356556,12.850403963372287],[8.018085415209782,12.843349850315406],[7.999834161717217,12.759990950621898],[7.927403441315789,12.751539271320382],[7.954799998721001,12.721900000784444],[7.964066391850565,12.743163063124939],[7.993314620973024,12.74065024221494],[8.01473600266445,12.704998066707446],[8.067558951984097,12.76770879122779],[8.107270860561812,12.780711878250656],[8.0922618204267,12.864477640230973],[8.073518263656979,12.877278972446675],[8.083850089010468,12.923685534160143],[8.063923007340975,12.939614783995125],[8.038356543319878,12.915737545351476],[7.977603686061286,12.932302432411348],[7.954746001626745,12.91397653968562],[7.93529191658871,12.967555601210051],[7.898676100421767,12.978253912887794],[7.905493840168617,13.005598052408232],[7.863870474742669,13.090139304285515]]]}},{"type":"Feature","properties":{"state_code":"18","state_name":"KADUNA","lga_code":"20","lga_name":"SANGA"},"geometry":{"type":"Polygon","coordinates":[[[8.087242992769973,9.230739065555497],[8.0616469347583,9.052055201786175],[8.137571263203256,9.036153770680016],[8.191895424734128,9.052430753276667],[8.232776338657175,9.104816294836212],[8.258407754414407,9.182891938312366],[8.343294226347496,9.194487277865619],[8.387311935097784,9.175717353872813],[8.446608542650154,9.11261749270318],[8.504345893947914,9.001431465389885],[8.533261299269611,9.004377364723666],[8.5763475136269,9.034392360319202],[8.566833496668607,9.060831069598237],[8.64980497471987,9.173118754726772],[8.698085784731234,9.320570946292207],[8.695412636284175,9.37836742441715],[8.642338752731291,9.401107787794217],[8.577750939854013,9.499240867871777],[8.51594699905479,9.493405301113796],[8.447689716607158,9.434247485932758],[8.412779851409084,9.369376997250697],[8.266924923246677,9.28028956990778],[8.247042972255429,9.239350156884257],[8.130422622406172,9.215403137145131],[8.087242992769973,9.230739065555497]]]}},{"type":"Feature","properties":{"state_code":"05","state_name":"BAUCHI","lga_code":"03","lga_name":"BOGORO"},"geometry":{"type":"Polygon","coordinates":[[[9.576726021888476,9.52275239540677],[9.579220546091392,9.551672913374318],[9.651006958904077,9.521902661078968],[9.760875973147677,9.538709167194384],[9.807758447994047,9.57999554315984],[9.802263056994548,9.68929634415099],[9.75326596485246,9.689780101170754],[9.641782964312426,9.737136132926253],[9.613499076421306,9.723666156567901],[9.538714518160532,9.746607309779563],[9.524081543028842,9.767927693108618],[9.513859612131455,9.7494258147496],[9.417977131339569,9.754231673053312],[9.408041794593203,9.731711562638566],[9.432793287580182,9.717957556096394],[9.50855495294877,9.71439359498845],[9.474707971295913,9.686282650324074],[9.460999195256704,9.64231582071858],[9.437635802250497,9.654980667323969],[9.404609796405055,9.591551476219706],[9.486118445310069,9.529939031661058],[9.541125588874877,9.5097683407364],[9.576726021888476,9.52275239540677]]]}},{"type":"Feature","properties":{"state_code":"35","state_name":"YOBE","lga_code":"04","lga_name":"FIKA"},"geometry":{"type":"Polygon","coordinates":[[[11.245115445721297,11.656835767756547],[11.220097915286601,11.635662028779677],[11.23571441418892,11.604411342209744],[11.178659922617385,11.578713236326848],[11.149639229167121,11.571169023331834],[11.154321899236322,11.595395653086996],[11.13719184582709,11.604209489376501],[11.055804476795231,11.596888047445475],[11.055794419676772,11.579757377101316],[10.951993469423144,11.543095262036786],[10.929659843327158,11.516030311649615],[10.910279247289452,11.330908497229416],[10.933095644748278,11.314892864813885],[10.917039944837654,11.270896318910047],[10.944268966639527,11.275769635360405],[10.926039709664906,11.251214390631674],[10.98171599739544,11.178820010934828],[11.077443462945496,11.286717677079196],[11.091866404111329,11.226097376292955],[11.181895937847287,11.199021082756815],[11.223755760220229,11.16483054029726],[11.248563215320189,11.183573933390335],[11.311445166261478,11.168915585685795],[11.31938185418926,11.186231233084982],[11.371196303766453,11.098431671784283],[11.483559835917731,11.021020746909983],[11.527944117327195,11.056409846437305],[11.515550835402792,11.071709863119736],[11.55088682007073,11.128284394609182],[11.522499234951795,11.17154594528921],[11.572058782886586,11.247226524184782],[11.570841927313154,11.300471056793867],[11.626464859165992,11.421643836893622],[11.563565929024435,11.45741707194037],[11.470770267733712,11.440880353445607],[11.380779662051793,11.386649671045518],[11.32183711129369,11.416912561165816],[11.360070829405288,11.47415640139684],[11.35745855786621,11.501007601819424],[11.303340806033418,11.495300145285512],[11.316262585350103,11.528665690169532],[11.290733799325437,11.543054499365724],[11.290191066564546,11.616452508976181],[11.245115445721297,11.656835767756547]]]}},{"type":"Feature","properties":{"state_code":"37","state_name":"FCT","lga_code":"04","lga_name":"KUJE"},"geometry":{"type":"Polygon","coordinates":[[[7.115860342280996,8.926448179440001],[7.102944645978653,8.906130086034693],[7.187119484376751,8.838007926724515],[7.189254284257856,8.80865383120937],[7.105994701194561,8.754215239941402],[7.099589824910538,8.726461411564912],[7.126496753622348,8.705356253088667],[7.125307023400467,8.674423260125423],[7.040444163167649,8.616995587676286],[6.977662253710093,8.519809169057964],[6.980814908980904,8.443727660703019],[7.079858211787098,8.44308110480921],[7.083543498633617,8.41933623467952],[7.124194216689773,8.42278890198628],[7.133418982899798,8.449494384358388],[7.365309516021398,8.487671284202463],[7.477623463152327,8.631333351353135],[7.335326218830005,8.639574958017931],[7.342813129722231,8.680459733629846],[7.388734535970116,8.729217732012785],[7.497339492823357,8.730061726867234],[7.499610423981949,8.760086060123626],[7.480396748411238,8.784103394256306],[7.48191377609993,8.867957083852389],[7.409649450062147,8.876676365421986],[7.412323346745097,8.908670961295854],[7.334711401809784,8.921356232404264],[7.327137483308263,8.883738737852525],[7.272837510842521,8.912822827211755],[7.190654705850022,8.906674514916972],[7.115860342280996,8.926448179440001]]]}},{"type":"Feature","properties":{"state_code":"17","state_name":"JIGAWA","lga_code":"25","lga_name":"SULE-TANKARKAR"},"geometry":{"type":"Polygon","coordinates":[[[9.349585329199613,12.682141134106075],[9.35566842086098,12.704267372940933],[9.320185671331728,12.754945952693618],[9.351143261652226,12.782460277220082],[9.334758558260887,12.823026938342593],[9.040895137700488,12.84614142059013],[9.055086443184848,12.800173779296529],[9.086506939743515,12.774179288343532],[9.059618467818098,12.710008065719705],[9.012655296804553,12.690094117749368],[9.042762248978647,12.662099593921198],[9.039000000849398,12.628499999575354],[8.99994635104332,12.587234597598638],[9.099638456249806,12.523191281952165],[9.123801932912897,12.543356737923148],[9.167385418402375,12.535119280730271],[9.224860030066395,12.464119759419418],[9.242016799635621,12.471745138027757],[9.25997402338254,12.429782009632106],[9.308682020359015,12.434702702367872],[9.3987378286879,12.408890841239383],[9.406667084618334,12.452682950557744],[9.383981480960642,12.471923506864414],[9.405721791027872,12.549640381998074],[9.344295932411399,12.539735177936166],[9.356519382763338,12.558045542068157],[9.316876876666583,12.592892878303758],[9.316333935262946,12.6621985822988],[9.355500953606168,12.664109448292436],[9.349585329199613,12.682141134106075]]]}},{"type":"Feature","properties":{"state_code":"30","state_name":"OYO","lga_code":"07","lga_name":"IBADAN NORTH EAST"},"geometry":{"type":"Polygon","coordinates":[[[3.940188823955111,7.419529316624732],[3.898879044032697,7.379420504852476],[3.9260974394453,7.364146954318528],[3.914611232622349,7.336701892878125],[3.940179559139381,7.35846559700974],[3.927938113353321,7.392627191191991],[3.940188823955111,7.419529316624732]]]}},{"type":"Feature","properties":{"state_code":"20","state_name":"KATSINA","lga_code":"05","lga_name":"BINDAWA"},"geometry":{"type":"Polygon","coordinates":[[[7.788149903894976,12.70850818270651],[7.814987088383475,12.684403064849619],[7.781900471829374,12.689510663686235],[7.759689498871296,12.66697840073266],[7.791539867770723,12.658097049639196],[7.800271304577109,12.624867357242806],[7.829896152685365,12.627128596407658],[7.865297382268409,12.601724327815532],[7.896620253821709,12.608931636785655],[7.910448556056053,12.565406427364792],[7.954442775413781,12.595169429325779],[7.98399272708275,12.577050514669565],[7.998980454184675,12.616528663367149],[7.955146377103688,12.627476001816092],[7.963191839831609,12.730986557383744],[7.94536503396921,12.726076796806751],[7.927403441315789,12.751539271320382],[7.999834161717217,12.759990950621898],[8.024639914400552,12.838049032137178],[7.943557131356556,12.850403963372287],[7.921069049397147,12.818946028936125],[7.883998562983322,12.820423217557504],[7.886443438314075,12.795195620781328],[7.824404367067928,12.789239486413237],[7.797040332745212,12.82612618017913],[7.779927531930127,12.80058335663665],[7.793812666821168,12.755027002294355],[7.775310131957099,12.757087108982944],[7.788149903894976,12.70850818270651]]]}},{"type":"Feature","properties":{"state_code":"23","state_name":"KWARA","lga_code":"07","lga_name":"ILORIN-SOUTH"},"geometry":{"type":"MultiPolygon","coordinates":[[[[4.54875256208112,8.49432288589253],[4.560624798395793,8.48056222526651],[4.568028665890267,8.492851539267178],[4.54875256208112,8.49432288589253]]],[[[4.566517458613873,8.47229440156542],[4.658436314184598,8.398405052751059],[4.679957311081068,8.415799356655043],[4.723855380321595,8.381431344680834],[4.783186040703242,8.412892171336694],[4.761526729874731,8.439170251805706],[4.768411841433362,8.47901336967135],[4.698660373177745,8.485928534774132],[4.668445040106576,8.51732449782736],[4.607572361675182,8.519394924236394],[4.585962742886295,8.572226123037183],[4.479101180275279,8.561439514122355],[4.478574046255289,8.507550459885863],[4.569114215049012,8.543705234109325],[4.569845971814175,8.506602173351666],[4.598715646609833,8.473926969653974],[4.566517458613873,8.47229440156542]]]]}},{"type":"Feature","properties":{"state_code":"05","state_name":"BAUCHI","lga_code":"07","lga_name":"GAMAWA"},"geometry":{"type":"Polygon","coordinates":[[[10.821933541199996,11.988275328443706],[10.826686273852488,12.095884605390268],[10.799495321252095,12.128041829267033],[10.764261451005211,12.36963186991494],[10.721253581987241,12.370057726782704],[10.621129061157319,12.321185285172817],[10.558857264251401,12.330200948215236],[10.520159912350096,12.361430084330948],[10.49668270384376,12.319061005561025],[10.527475300045126,12.294807011234639],[10.503740665998976,12.292506218986887],[10.486189735268113,12.25827842930613],[10.441963794793367,12.258616772246285],[10.447420632756064,12.29559264278629],[10.43064307401869,12.29655889237904],[10.429608493037563,12.27189606355256],[10.410865816704131,12.305516406157267],[10.355141478196686,12.283284280245368],[10.367203725071931,12.267259322759571],[10.319928597227033,12.23164790992314],[10.310421407921694,12.185187000379813],[10.395075524715764,12.161155839170704],[10.402343664728392,12.128626483025812],[10.418745027161322,12.130627213774972],[10.440442603243582,12.094132776406582],[10.395009123272473,12.049094859640093],[10.410159689717943,12.001663513260553],[10.438196261348423,11.985777983067521],[10.415589819614524,11.979152792667321],[10.438624506815586,11.92689285761935],[10.473939248597503,11.895153742051605],[10.449780772164956,11.868778346843271],[10.408330669225052,11.865884385156278],[10.429528322973795,11.82660174637357],[10.474698187371473,11.81840366869443],[10.490472868028462,11.770808857043164],[10.462380658040956,11.735341441854132],[10.471773521930515,11.7079229203066],[10.501268549304143,11.722840598315031],[10.526136017063607,11.673833628918885],[10.557117274842426,11.662927825658699],[10.58185973413947,11.697841510277499],[10.631656969293772,11.705398043085268],[10.686916653280946,11.809314471685582],[10.735554870061264,11.78437544936753],[10.756640828911202,11.749404371814364],[10.804869795704576,11.760637488729174],[10.825068525691961,11.801324022285826],[10.849752250266192,11.793063287041093],[10.869331815910641,11.809569490639547],[10.877517119619426,11.828989119951984],[10.817000389256634,11.886130333148401],[10.801957832288167,11.93638692581601],[10.821933541199996,11.988275328443706]]]}},{"type":"Feature","properties":{"state_code":"17","state_name":"JIGAWA","lga_code":"15","lga_name":"KAFIN HAUSA"},"geometry":{"type":"Polygon","coordinates":[[[9.769821858691898,12.125927461982826],[9.802532519959868,12.027489545905894],[9.822500001873664,12.023800000769484],[9.809998982067441,11.96445573994049],[9.878252766152286,11.963475821551981],[9.898742129146001,11.938050688688406],[10.089103150090352,11.992203559946404],[10.096590061881898,12.018706410672337],[10.154999855159247,12.023297649367066],[10.176272191308612,12.042707836697332],[10.152493027331388,12.089872270588842],[10.170390128701513,12.164979934576365],[10.147536091017855,12.238220385662316],[10.204512187787259,12.324260739041904],[10.101642165353724,12.38653039825931],[10.017146949771984,12.373838195176631],[9.957933085243724,12.316204673307084],[9.95649218426695,12.279208177715304],[9.819955629149035,12.202023381074241],[9.804012154737222,12.163442238668438],[9.764128795807324,12.146202332171924],[9.769821858691898,12.125927461982826]]]}},{"type":"Feature","properties":{"state_code":"27","state_name":"OGUN","lga_code":"03","lga_name":"ADO ODO-OTA"},"geometry":{"type":"Polygon","coordinates":[[[2.887236213280687,6.567311304173415],[2.89201007190735,6.511495994744394],[3.077245926658236,6.492390583158908],[3.160445337882095,6.508068376254585],[3.201396128228794,6.532600029967455],[3.193281587675187,6.577774588826287],[3.237830248067553,6.619846251903027],[3.238407638901435,6.660814232790642],[3.257746197029405,6.696956686302087],[3.278332617556316,6.694043206628749],[3.282404801740256,6.72971649731852],[3.245832072092526,6.774397887752343],[3.218714300924319,6.751450116429794],[3.123034253927699,6.749032568798043],[3.107868274901023,6.728462774937157],[3.081702179811771,6.761975919253302],[3.050111489253879,6.751674301228093],[3.009786984981417,6.671616292058275],[2.956059723277633,6.686657911933139],[2.925966682716307,6.595157334643318],[2.887236213280687,6.567311304173415]]]}},{"type":"Feature","properties":{"state_code":"19","state_name":"KANO","lga_code":"14","lga_name":"GARKO"},"geometry":{"type":"Polygon","coordinates":[[[9.03117178914681,11.556085920428927],[9.020847391294126,11.57652223331445],[8.968246195005918,11.571080581303818],[8.945743833611061,11.608024356838655],[8.911356375596313,11.621293250183385],[8.889345641188413,11.603556686791705],[8.859721449585265,11.613229692196569],[8.898163908437652,11.624032371996407],[8.911915754808263,11.655214960102398],[8.904853278056407,11.692222653152953],[8.880725496384628,11.691429432222549],[8.862021622200132,11.733679343626875],[8.820059456079093,11.713667688812848],[8.824255429244715,11.69038799301154],[8.788204490744704,11.704970705034043],[8.79051539856681,11.722077659356557],[8.756278478069362,11.726230978576837],[8.768685360441054,11.679683196322515],[8.751934053813557,11.607697798614538],[8.770006674068782,11.55336512500054],[8.757649693278779,11.527946437578066],[8.794894682343738,11.414470337935768],[8.786088821242174,11.395218836879849],[8.84983535971412,11.429164487651008],[8.826912406982046,11.455432750221291],[8.846050106027633,11.496579360748967],[8.8788899773906,11.505894257014404],[8.880575906752767,11.5563398431093],[8.934096640047926,11.573548340783361],[8.942940458835153,11.555381554315318],[9.001893156643916,11.54711079702571],[9.004735275112921,11.525040517605873],[9.033143550034879,11.52795609989414],[9.03117178914681,11.556085920428927]]]}},{"type":"Feature","properties":{"state_code":"18","state_name":"KADUNA","lga_code":"15","lga_name":"KUBAU"},"geometry":{"type":"Polygon","coordinates":[[[8.481234260752558,10.715861896309491],[8.571637026627513,10.748272388160217],[8.558667729831939,10.789157126000589],[8.585043322891067,10.861487555806093],[8.568487802270283,10.90746791890939],[8.614759426106673,11.01773997511981],[8.60731212765262,11.071241218307648],[8.506047334816685,11.132235616380626],[8.411574939731736,11.108468304568646],[8.401663694923627,11.15387398829398],[8.319467515213717,11.184736317926763],[8.302194730402562,11.161709075313638],[8.310732759909001,11.127387128413318],[8.288835775350776,11.10540556981124],[8.22250529578281,11.104222582706086],[8.22752063676802,11.132826724573704],[8.213167323812968,11.140346233192133],[8.167075778424476,11.124731591389889],[8.166059504042948,11.080242092898345],[8.217415794903047,11.02274853341811],[8.250274854201223,10.936633958090738],[8.183170719353257,10.896002995441961],[8.144945764235672,10.79661861395789],[8.12660398768395,10.80895881339859],[8.063294508934462,10.780985417343175],[8.086877155756156,10.740333475309683],[8.075168716563041,10.706399387122076],[8.091268315080697,10.674396366399264],[8.182203797966963,10.679694956956723],[8.212389523557704,10.651109270976121],[8.240458352970677,10.662914229907813],[8.250447908044578,10.596574634811589],[8.313711130164563,10.564832512810256],[8.320273237619858,10.493764353442202],[8.349323540349133,10.492822040205056],[8.416218360688845,10.444203809957912],[8.42179766562981,10.4682291966202],[8.392058489407816,10.494104357430217],[8.366633585871341,10.573375708921901],[8.345084977090096,10.577090769623396],[8.363784870875122,10.58798079607692],[8.334457021174615,10.651213306349064],[8.370898431817238,10.673696799967388],[8.369487424305248,10.706945733358964],[8.399452453567903,10.732097061330364],[8.481234260752558,10.715861896309491]]]}},{"type":"Feature","properties":{"state_code":"34","state_name":"TARABA","lga_code":"14","lga_name":"WUKARI"},"geometry":{"type":"Polygon","coordinates":[[[10.272326618878424,8.066930281807117],[10.269955830597155,8.103985509423751],[10.331658908831628,8.14532705519946],[10.309711083799527,8.227624394250427],[10.246320723622546,8.257366180305041],[10.032835006830169,8.237130165324913],[9.973266601672378,8.296087265315066],[9.89927959367833,8.256354332386593],[9.835536957364752,8.115715982007032],[9.804171562267811,8.09143352503719],[9.725253104747026,8.083339692273],[9.633113861315678,8.106392859642824],[9.537060737762886,8.092445373854957],[9.179125786226109,7.90808343889961],[9.115716934189209,7.808447360557295],[9.130218505779453,7.788012981214138],[9.386640548722369,7.844702721253611],[9.60153484305863,7.829541205562236],[9.797699928409031,7.614686011949914],[9.86487865392678,7.687732220265787],[9.948856353737767,7.731238841599293],[10.111753464350954,7.881994724177218],[10.272326618878424,8.066930281807117]]]}},{"type":"Feature","properties":{"state_code":"19","state_name":"KANO","lga_code":"19","lga_name":"GWARZO"},"geometry":{"type":"Polygon","coordinates":[[[8.029644362797171,11.979127079251327],[8.002605918128666,11.999103068751651],[7.983360990217591,11.97307958725321],[7.921017198085281,11.960245971174686],[7.889126181628001,11.989713369576407],[7.884411076609922,12.020989889172085],[7.865578500447498,12.021391929294168],[7.826216259972455,11.95332943910239],[7.865105309562409,11.873462988226379],[7.857506040071769,11.794943217255707],[7.899056029811959,11.780035805008424],[7.90536101929564,11.813186216770532],[8.026233698326564,11.833343139074657],[8.08502036329918,11.890520182160742],[8.123439151096022,11.89993280325632],[8.111997888791564,11.931531826032995],[8.08579036643232,11.92633202240495],[8.046845899718562,11.951733003075674],[8.005500000324787,11.941199999380501],[8.029644362797171,11.979127079251327]]]}},{"type":"Feature","properties":{"state_code":"32","state_name":"RIVERS","lga_code":"21","lga_name":"OYIGBO"},"geometry":{"type":"Polygon","coordinates":[[[7.327223611380589,4.762598008591283],[7.380372134166691,4.827343254987284],[7.444998813944153,4.822186712346934],[7.49726365029727,4.780787973286408],[7.511467224332989,4.807282652772244],[7.416359900688917,4.866746902047964],[7.319794177959011,4.879632950400378],[7.218010078802138,4.857304672572639],[7.094212272078721,4.904183264146354],[7.127149208169442,4.833465359238971],[7.135348776924559,4.853844260304413],[7.171618000670264,4.850782145179892],[7.148449021305339,4.793943142861792],[7.232198592790894,4.829792794202149],[7.256062981921104,4.793338641065475],[7.327223611380589,4.762598008591283]]]}},{"type":"Feature","properties":{"state_code":"10","state_name":"DELTA","lga_code":"20","lga_name":"UGHELLI SOUTH"},"geometry":{"type":"Polygon","coordinates":[[[5.974926472178993,5.137524605176452],[5.989916325278216,5.185959816192621],[6.071164131219746,5.207942962997379],[6.006835937328674,5.245948792003219],[6.028476238287794,5.326867104333473],[5.981091975914012,5.431188108244669],[5.993936355978121,5.475391167268583],[5.968712944646711,5.482201864424553],[5.96512699061816,5.504563808373121],[5.9086861613373,5.504094123944697],[5.927536108804418,5.534241003319721],[5.917338848109409,5.546469211984572],[5.819568683148248,5.561960985710982],[5.890418052750988,5.483138083855522],[5.885614413974054,5.431209674886645],[5.841104031425971,5.408524990336105],[5.788486957607063,5.442311764176623],[5.702495342985742,5.410219980367856],[5.722015619025626,5.334876337872743],[5.804984945898582,5.35877437513733],[5.818173671877503,5.34212659396718],[5.79468572816387,5.314772742667969],[5.844637687179556,5.288069846746055],[5.838703015132069,5.242872267940868],[5.856567390172984,5.218267181884983],[5.974926472178993,5.137524605176452]]]}},{"type":"Feature","properties":{"state_code":"21","state_name":"KEBBI","lga_code":"09","lga_name":"FAKAI"},"geometry":{"type":"Polygon","coordinates":[[[4.482785916736702,11.531998347445835],[4.49671311112121,11.49532700623638],[4.616434675919606,11.53305365690079],[4.637666584845078,11.478861544624635],[4.70334838701848,11.476715681283736],[4.775685869307495,11.399406029065062],[4.766175962250884,11.359112317579445],[4.791455756577932,11.326769532987612],[4.878998152242957,11.35475551235703],[4.898118060000513,11.39063297972831],[4.958856105424957,11.369279861076791],[4.988264324838781,11.313025263405223],[5.010513799572266,11.332279984933393],[5.102240350411876,11.338764415245635],[5.141854306630989,11.393913899906579],[5.144118682631131,11.41140710675262],[5.12317620521776,11.413416102271356],[5.132970402362218,11.452875660183622],[5.163237092118152,11.468727827327427],[5.105880431037122,11.550136032751766],[5.085749213155736,11.541439171280786],[5.053143513562361,11.587259428979507],[4.935843671048644,11.657156219583896],[4.934373989068376,11.72209451984628],[4.89387336336506,11.709247922054033],[4.889452520117743,11.75015946328864],[4.849829730757506,11.735107461640098],[4.819800000669545,11.766899998735994],[4.721083571749489,11.694750074556339],[4.676514174789361,11.681882357984477],[4.661502217253599,11.693896467747834],[4.666810559160012,11.667562122993616],[4.634991580197322,11.672292985033266],[4.546163707988796,11.634397927322539],[4.547455094876796,11.597402481239556],[4.569935376116746,11.573654653239714],[4.522761340163754,11.53031450630948],[4.482785916736702,11.531998347445835]]]}},{"type":"Feature","properties":{"state_code":"17","state_name":"JIGAWA","lga_code":"16","lga_name":"KAUGAMA"},"geometry":{"type":"Polygon","coordinates":[[[9.68073348975878,12.820853580028768],[9.728725865606236,12.784007024804396],[9.795835587942065,12.638454526954888],[9.698308742654376,12.564490620745573],[9.664062785768976,12.562655951610907],[9.643127950794337,12.476298101576162],[9.665891274762544,12.466433083719892],[9.64818096438006,12.429421600926219],[9.57915090079348,12.39126295192375],[9.611084540619117,12.324486282715839],[9.672167240425836,12.333605391175922],[9.684029516748865,12.287102285442188],[9.742117529900156,12.304572706165516],[9.77844861711003,12.285219356887865],[9.795333384927801,12.312584738395003],[9.828931791269213,12.30522813297199],[9.843068980948772,12.335493852359434],[9.896614165911103,12.34995566222409],[9.891087803159621,12.383235955874738],[9.938556257365406,12.414181961128634],[9.892247022082472,12.439141169629352],[9.790009057571979,12.402877617008471],[9.749017972201727,12.42879985642827],[9.742175833847682,12.442713227333627],[9.801725239028599,12.491913761411013],[9.783756652347677,12.512171196443603],[9.826526165949872,12.527361014699125],[9.822439448721639,12.576822338680017],[9.856122926431965,12.589183299869433],[9.862164720325609,12.665031601427302],[9.765183857948728,12.796216203814822],[9.68073348975878,12.820853580028768]]]}},{"type":"Feature","properties":{"state_code":"12","state_name":"EDO","lga_code":"03","lga_name":"ESAN CENTRAL"},"geometry":{"type":"Polygon","coordinates":[[[6.250658035040317,6.836287022228362],[6.209095000633795,6.788781166117985],[6.220541131867776,6.764137062975124],[6.170341014826022,6.713586806585909],[6.194146155720546,6.641757011377024],[6.135371208014874,6.588543892086989],[6.142832687878297,6.578114098187143],[6.207902907892958,6.592926979096831],[6.264313219579492,6.648426056317476],[6.244322696135555,6.74232990360224],[6.377831935395534,6.767282963438049],[6.379269122172275,6.813684940407711],[6.303277968703355,6.828472136679807],[6.271655083315466,6.792143822079765],[6.250658035040317,6.836287022228362]]]}},{"type":"Feature","properties":{"state_code":"33","state_name":"SOKOTO","lga_code":"05","lga_name":"GORONYO"},"geometry":{"type":"Polygon","coordinates":[[[5.915372910331598,13.565041318602027],[5.800021922973428,13.577011556738],[5.774088851219574,13.503468238268624],[5.701962319305665,13.483934986810254],[5.675945278751669,13.583298191058702],[5.689335648021768,13.601279165900849],[5.642224079877451,13.618629129630676],[5.545400000809423,13.568999997551884],[5.575091640666756,13.504923720853071],[5.485311565376492,13.377247041917485],[5.523541084553472,13.306206103229158],[5.53850560285133,13.317541947003292],[5.589877257729313,13.28721002132545],[5.609235070342265,13.301843188912073],[5.712144717804506,13.289083274973223],[5.804537248095585,13.310159046303],[5.851601116198594,13.29114228179094],[5.860999499227546,13.22064118004647],[5.721959234231349,13.237895747290963],[5.705350112217957,13.185335402706698],[5.721347369685418,13.107001794996904],[5.853623168074819,13.12118251366212],[6.023259832275471,13.085413831882875],[5.983187407073217,13.254462513933902],[5.991798693554927,13.31545138207565],[6.056517777773252,13.394157678733961],[6.01125201956512,13.468593770386235],[5.961867081300795,13.487707648189485],[5.915372910331598,13.565041318602027]]]}},{"type":"Feature","properties":{"state_code":"30","state_name":"OYO","lga_code":"12","lga_name":"IBARAPA EAST"},"geometry":{"type":"Polygon","coordinates":[[[3.341209576360882,7.501016631812149],[3.375463385227079,7.497840168788798],[3.39863433770455,7.443661638074161],[3.39568710197824,7.459179876150415],[3.453482626821824,7.494930742359941],[3.482859610982302,7.417232035330187],[3.474449634143355,7.388873574755735],[3.545752523760029,7.440804480242605],[3.547624622678256,7.479159803781954],[3.577796756814905,7.498506051113395],[3.610986576869095,7.58272766774769],[3.588673097385595,7.681796155168456],[3.631390494375864,7.710092894371599],[3.595755289075385,7.786379485924613],[3.57788935011348,7.795325790552852],[3.538884906713122,7.703946557887377],[3.507606809706544,7.696747550559053],[3.471879074959418,7.719228071918053],[3.413929042991015,7.657818252710229],[3.390271473649648,7.664458117348261],[3.356554099592074,7.640714329103048],[3.359794097020028,7.547978639102951],[3.337329327286682,7.524145400689747],[3.341209576360882,7.501016631812149]]]}},{"type":"Feature","properties":{"state_code":"12","state_name":"EDO","lga_code":"11","lga_name":"IKPOBA/OKHA"},"geometry":{"type":"Polygon","coordinates":[[[5.473677635014894,6.027351856403072],[5.512989998189937,6.035280228299939],[5.546327591245415,5.985361575676222],[5.668930054178702,6.052030087018977],[5.764177322225692,5.997814177782118],[5.727054119352147,6.095070838848187],[5.768382070975861,6.21647787075716],[5.823635100879244,6.236401080845269],[5.806726932701849,6.282730103011886],[5.763204098390474,6.315147876673223],[5.764559115011195,6.282276386945739],[5.689939218120458,6.323203115931108],[5.705947500376908,6.370208100923151],[5.650310770225929,6.377746858630644],[5.627758980292754,6.237318038596641],[5.5707240103049,6.207217216201627],[5.516268768089219,6.092578373193419],[5.463652646652349,6.098546466746086],[5.442778489835462,6.041352430969937],[5.473677635014894,6.027351856403072]]]}},{"type":"Feature","properties":{"state_code":"14","state_name":"ENUGU","lga_code":"02","lga_name":"AWGU"},"geometry":{"type":"Polygon","coordinates":[[[7.538709255727611,6.217233643018233],[7.504970152250792,6.23717776234389],[7.503666532784337,6.272029742678512],[7.441546731196752,6.288772491357463],[7.432145998239264,6.311527062224172],[7.367179874751457,6.218370688256698],[7.41295327057702,6.134106927592654],[7.404417992096683,6.012404442311208],[7.512820649153696,6.021104436120879],[7.554334428591062,6.07826390555482],[7.499811713839563,6.137265984237843],[7.512700706572389,6.180854879149422],[7.549987460153204,6.173293468418876],[7.558682602120427,6.207854039632252],[7.538709255727611,6.217233643018233]]]}},{"type":"Feature","properties":{"state_code":"30","state_name":"OYO","lga_code":"24","lga_name":"OLORUNSOGO"},"geometry":{"type":"MultiPolygon","coordinates":[[[[4.139016993439554,8.022996407857988],[4.168014044612505,8.027521570664021],[4.151394313296976,8.043792676191117],[4.139016993439554,8.022996407857988]]],[[[4.210460186288628,8.970032691055906],[4.126759052288492,8.905790329360286],[3.977229117429886,8.875539778837776],[3.896561859841995,8.750357626803066],[3.877870559079099,8.692317007923634],[3.905162829301162,8.645367986843155],[3.874208748135288,8.554249425370756],[3.931414353689547,8.468986605147734],[4.047794298568078,8.506197842656377],[4.187590880814525,8.500295423894727],[4.269023413799573,8.555760271119652],[4.209143639067747,8.680658339910508],[4.194975852653499,8.816330910043519],[4.257997035734661,8.900871276088594],[4.334852218255321,8.957744597435294],[4.334852218255321,8.98080062914579],[4.316407204029304,8.997709273064572],[4.253385544307491,8.966966627907595],[4.210460186288628,8.970032691055906]]]]}},{"type":"Feature","properties":{"state_code":"22","state_name":"KOGI","lga_code":"10","lga_name":"KABBA/BUNU"},"geometry":{"type":"Polygon","coordinates":[[[6.082657814106881,8.401763916271761],[6.089353560818211,8.324658394869061],[6.066581249025489,8.264473915438884],[6.07308769204343,8.227875709796194],[6.055195331899085,8.210796355667355],[6.071461200673923,8.162811279616903],[6.027144908910486,8.15453720113095],[6.079594135061313,8.012351036571147],[6.054381847444347,7.93020725316228],[6.067137373590981,7.863108977397417],[6.037037328210204,7.87132722866869],[6.021849632354701,7.840744494662772],[6.05365792377421,7.790023919268492],[6.053830937148064,7.746957475607076],[6.085706033806446,7.738638568615102],[6.122308219848492,7.682329482819398],[6.186364173667755,7.718426704029241],[6.268177031744642,7.706476212307393],[6.268177031744642,7.782773971641518],[6.323331833197585,7.843444347578611],[6.327008723973506,7.916064738596845],[6.248872756672426,7.996958733258964],[6.22037601544082,8.068659783322403],[6.229568480700891,8.095317840845723],[6.286561965862063,8.095317840845723],[6.387679099910599,8.001554489248349],[6.418008550654122,8.020336508223352],[6.463976860144044,8.006151199418355],[6.447430133993521,8.063144683680264],[6.496150493950211,8.163342475874629],[6.395952225115138,8.328806876636122],[6.268177031744642,8.449228286656137],[6.192798615164008,8.464855194311838],[6.113124846734365,8.441468239068001],[6.082657814106881,8.401763916271761]]]}},{"type":"Feature","properties":{"state_code":"05","state_name":"BAUCHI","lga_code":"15","lga_name":"NINGI"},"geometry":{"type":"Polygon","coordinates":[[[9.194971659014925,11.326648778318486],[9.174776019997353,11.306259581814288],[9.130239278320062,11.328809710699659],[9.10181427420946,11.30680688492987],[9.084915245841955,11.314917490949483],[8.91989377737599,11.177489674409003],[8.893353945628121,11.117053995445588],[8.856180749442103,11.098483736235494],[8.805270799308005,11.103674185115608],[8.780375263707526,11.019260269146173],[8.788697242783599,10.94225025214746],[8.766717375806309,10.94172474500101],[8.745786686706253,10.857210978204137],[8.906542819995195,10.83530172419529],[8.96051737727521,10.805947467701515],[9.020954055385403,10.812519783361381],[9.043345356802831,10.775285169774804],[9.035246042670792,10.737786928024377],[9.191248261598048,10.695501916080616],[9.355358175439505,10.745447440447094],[9.437048698738522,10.807966145321416],[9.596837856681816,10.857647914719564],[9.606471783845791,10.934948869594677],[9.638707517637897,10.963062582372345],[9.625295250775252,11.060723398765901],[9.657018683965134,11.092726362831456],[9.614449520429048,11.17670375687294],[9.630319261224997,11.19637189314841],[9.615426482746045,11.240250246551682],[9.593536247599786,11.257162593878661],[9.609396987980688,11.315467894927451],[9.511793670641453,11.313130586607315],[9.497519398201689,11.278085663022978],[9.411639492868346,11.299995817253205],[9.346144315307981,11.346746133127567],[9.194971659014925,11.326648778318486]]]}},{"type":"Feature","properties":{"state_code":"34","state_name":"TARABA","lga_code":"09","lga_name":"KURMI"},"geometry":{"type":"Polygon","coordinates":[[[10.267479897179555,7.278253078916521],[10.23805332170349,7.240873813875453],[10.232486725082367,7.140665531089439],[10.16499900779803,7.021110534223851],[10.194999695179831,6.917777060562969],[10.237777710073317,6.878054619125407],[10.513332367294936,6.878054619125407],[10.559999466202441,7.021666526589001],[10.61499977132246,7.068610191307357],[10.76688676990858,6.955510769106752],[10.842001142838512,6.958250217373688],[10.929737090594301,7.030887603779945],[10.993117331599649,7.137544631779406],[10.994956970387932,7.277766704869578],[10.928867340055774,7.406280518631092],[10.910396576440917,7.5057954789782],[10.89123725859264,7.548187733277302],[10.789056777848089,7.63962793368222],[10.562106132592021,7.448606491096712],[10.4810667040652,7.353265762804767],[10.4390020368146,7.337547779006854],[10.402681351163494,7.256779671444747],[10.323150635193713,7.247236252051437],[10.267479897179555,7.278253078916521]]]}},{"type":"Feature","properties":{"state_code":"20","state_name":"KATSINA","lga_code":"01","lga_name":"BAKORI"},"geometry":{"type":"Polygon","coordinates":[[[7.507228413760345,11.490318281563475],[7.555381165708297,11.511444941031243],[7.584472096210334,11.496207136750002],[7.584761089752533,11.573681708444155],[7.633405326594584,11.552935083587272],[7.643518035728789,11.56988874486973],[7.619893062315043,11.621590603823336],[7.580704390994924,11.636265474771903],[7.552922942639725,11.619353783950032],[7.553459149919888,11.647479324611197],[7.450269277305324,11.698180004303822],[7.393556657613715,11.822328566410249],[7.302163528624021,11.862104831372903],[7.302020770242393,11.775987720856676],[7.283769906156294,11.747706181994772],[7.336582631083616,11.672310564081329],[7.317770958762765,11.613723992868017],[7.342991456290747,11.5977157681682],[7.304365490774842,11.566163711586057],[7.32499999895083,11.559099998266333],[7.339835524789692,11.513465802205076],[7.456294883402222,11.544338804092604],[7.499942354755888,11.5165547935689],[7.507228413760345,11.490318281563475]]]}},{"type":"Feature","properties":{"state_code":"03","state_name":"AKWA IBOM","lga_code":"19","lga_name":"NSIT ATAI"},"geometry":{"type":"Polygon","coordinates":[[[8.052013915010207,4.749773274217262],[8.087657762795573,4.792901475222948],[8.080533293976373,4.834545974717003],[8.099846083829732,4.884151522075115],[8.018758912993462,4.907102877196053],[8.007807872035698,4.868788640083721],[8.029824452036905,4.856946880893872],[7.976127697135553,4.837925561315672],[7.975075656716228,4.801152145255344],[8.021605496596464,4.751637932144888],[8.052013915010207,4.749773274217262]]]}},{"type":"Feature","properties":{"state_code":"20","state_name":"KATSINA","lga_code":"20","lga_name":"KANKIA"},"geometry":{"type":"Polygon","coordinates":[[[7.863154866204184,12.232580026646986],[7.878136519284965,12.253424836786849],[7.864537483018466,12.280680187140945],[7.90272906789221,12.332475205066714],[7.857888945318621,12.33782205594315],[7.844904878057719,12.317045263328282],[7.794174921835236,12.357906027041565],[7.798302764161292,12.372478052420206],[7.836869172973991,12.376516308780651],[7.841506183563581,12.354024607949327],[7.878536029614111,12.373159850946422],[7.880890481710424,12.390578987830054],[7.858936336242948,12.394077248965914],[7.878237941228065,12.443879443881258],[7.849199935828437,12.453413191965296],[7.849547682979221,12.474870311815494],[7.943463175585123,12.558392066140982],[7.91833356983841,12.577950932089891],[7.898544903724371,12.569709099695217],[7.911108168307351,12.593632969086286],[7.896620253821709,12.608931636785655],[7.865297382268409,12.601724327815532],[7.829896152685365,12.627128596407658],[7.771072665870861,12.607669860975363],[7.776796496361271,12.595770903104722],[7.713446904251271,12.611802015550609],[7.710690918351247,12.579280039242462],[7.72545992223769,12.578582111375397],[7.737816599956147,12.524583647417444],[7.756887280623573,12.522847811077668],[7.715436318831109,12.49858752869153],[7.736056864133047,12.45975087360398],[7.699489621249086,12.377304665278132],[7.675905530116154,12.393087966836276],[7.680244607003033,12.412931156147977],[7.648811342769307,12.42845252926088],[7.633386367986532,12.417196448157597],[7.609132541833389,12.343031915790334],[7.674304716189738,12.336844106170588],[7.716920791961002,12.303041310008496],[7.772817147393482,12.3031369969749],[7.789895153438636,12.269455710013062],[7.830659669008583,12.266698070259793],[7.863154866204184,12.232580026646986]]]}},{"type":"Feature","properties":{"state_code":"17","state_name":"JIGAWA","lga_code":"08","lga_name":"GAGARAWA"},"geometry":{"type":"Polygon","coordinates":[[[9.400371293400497,12.560063877945652],[9.409926529885468,12.537059701144358],[9.383981480960642,12.471923506864414],[9.406667084618334,12.452682950557744],[9.3987378286879,12.408890841239383],[9.42086829973232,12.384214412864935],[9.534899997836703,12.367199997881642],[9.64818096438006,12.429421600926219],[9.665891274762544,12.466433083719892],[9.643127950794337,12.476298101576162],[9.664062785768976,12.562655951610907],[9.562664740385515,12.578882877043213],[9.566301559169688,12.601998988862306],[9.509469212734018,12.576933718816122],[9.463094543678324,12.591445331337013],[9.431629696153607,12.55541424177386],[9.400371293400497,12.560063877945652]]]}},{"type":"Feature","properties":{"state_code":"05","state_name":"BAUCHI","lga_code":"09","lga_name":"GIADE"},"geometry":{"type":"Polygon","coordinates":[[[10.333522438110094,11.20568527225754],[10.33344555776631,11.25999189970645],[10.296681892155675,11.322773287557197],[10.298586810033328,11.351663722302987],[10.338606582627733,11.377456724648198],[10.33752480162832,11.402149298551308],[10.318616403624162,11.401722699742834],[10.306036562737233,11.46422159255252],[10.405771801227672,11.55701793373072],[10.331996812003297,11.574448180838942],[10.339494042616025,11.627670195323333],[10.24927191276862,11.606793559075527],[10.164162124782308,11.558318212215795],[10.190314333439801,11.520149990829452],[10.175618442637074,11.50735064431683],[10.187234225579118,11.489966623261125],[10.239001682881394,11.47103926215226],[10.256800536915307,11.443275651849888],[10.147504124615693,11.41874480213096],[10.12312477199066,11.378743611328673],[10.137977170010458,11.360412224644506],[10.11381429769176,11.341459135730588],[10.160829960334468,11.30929876422664],[10.134311139447561,11.256092027425154],[10.159159660290129,11.231060027798094],[10.333522438110094,11.20568527225754]]]}},{"type":"Feature","properties":{"state_code":"12","state_name":"EDO","lga_code":"10","lga_name":"IGUEBEN"},"geometry":{"type":"Polygon","coordinates":[[[6.338625362170774,6.667736873957608],[6.284758091312938,6.663862227659706],[6.217795848799426,6.618885993593778],[6.207019806019275,6.585527896894973],[6.223113299938916,6.497727500124086],[6.113947867600075,6.48118305195635],[6.131688118212139,6.404486178894103],[6.215703011284972,6.421175958403808],[6.28161621081955,6.360329150769758],[6.306408881964387,6.413721084960173],[6.28096008344113,6.431954861927409],[6.297132968611663,6.479221820330793],[6.261614798384301,6.526922225880071],[6.334867001810721,6.590434074572954],[6.35016679815925,6.626605988075937],[6.338625362170774,6.667736873957608]]]}},{"type":"Feature","properties":{"state_code":"28","state_name":"ONDO","lga_code":"05","lga_name":"AKURE NORTH"},"geometry":{"type":"Polygon","coordinates":[[[5.214245007201384,7.252435772393028],[5.24934100957995,7.201750755293176],[5.316319465970651,7.162417411834156],[5.365155218838311,7.092512130730313],[5.449725150994993,7.064806937690093],[5.487311839270035,7.09318923929203],[5.476994513685895,7.114369392233698],[5.427817822434633,7.120560169616169],[5.418754101420689,7.249780655352993],[5.358230114428295,7.295613290421045],[5.320331097002565,7.441294670112995],[5.192399979175718,7.436892032741184],[5.214245007201384,7.252435772393028]]]}},{"type":"Feature","properties":{"state_code":"32","state_name":"RIVERS","lga_code":"14","lga_name":"KHANA"},"geometry":{"type":"Polygon","coordinates":[[[7.476527752553807,4.584389532750777],[7.529443741235696,4.596110343917303],[7.516347139109257,4.663271338401614],[7.54225845896076,4.730119211432509],[7.531638735439344,4.768375274999016],[7.430783198885592,4.827385878355642],[7.366830899126739,4.823374180773897],[7.357276179751921,4.782141237128428],[7.327223611380589,4.762598008591283],[7.357339760921263,4.657823042199709],[7.330523000036465,4.65566000000905],[7.305000039820015,4.593529190719607],[7.336966324136597,4.597422132825216],[7.363020682958222,4.571464345003562],[7.476527752553807,4.584389532750777]]]}},{"type":"Feature","properties":{"state_code":"03","state_name":"AKWA IBOM","lga_code":"26","lga_name":"ORUK ANAM"},"geometry":{"type":"Polygon","coordinates":[[[7.75769244994666,4.998633061066982],[7.644903587930287,4.898160915393987],[7.672033513435963,4.873128563232683],[7.630316862233428,4.81440386334765],[7.598371665220213,4.841364235171341],[7.559625266992498,4.803082066983848],[7.511819568818112,4.793050653864611],[7.54225845896076,4.730119211432509],[7.525882899875967,4.663655941568493],[7.611951794140055,4.660778825082787],[7.703446465581976,4.713530712672309],[7.710512179893215,4.738375155089386],[7.695269000364135,4.743263000087438],[7.790489000067339,4.881532000201673],[7.77581899984699,4.902730000189422],[7.789687553038164,4.966629169800399],[7.75769244994666,4.998633061066982]]]}},{"type":"Feature","properties":{"state_code":"05","state_name":"BAUCHI","lga_code":"14","lga_name":"MISAU"},"geometry":{"type":"Polygon","coordinates":[[[10.620195427277224,11.559829762133859],[10.575681003175816,11.488337549038704],[10.558339915754573,11.508921122312017],[10.538906506130388,11.492045371996369],[10.500843684388599,11.511703424173731],[10.393785611816554,11.445425129566104],[10.35248867601166,11.512414167379973],[10.306036562737233,11.46422159255252],[10.318616403624162,11.401722699742834],[10.33752480162832,11.402149298551308],[10.338606582627733,11.377456724648198],[10.298586810033328,11.351663722302987],[10.296681892155675,11.322773287557197],[10.33344555776631,11.25999189970645],[10.333522438110094,11.20568527225754],[10.449591097950872,11.221074528666634],[10.525640928586029,11.26643168407503],[10.562072955702376,11.2550761766243],[10.568629942417942,11.314963866289474],[10.586955049136236,11.313915094006404],[10.604588644650278,11.369093853398681],[10.5875897906364,11.383633674054863],[10.601565358654454,11.406895841170183],[10.717995981229592,11.427899682024758],[10.707671628343007,11.493158035714828],[10.638471815022285,11.56540959587619],[10.620195427277224,11.559829762133859]]]}},{"type":"Feature","properties":{"state_code":"06","state_name":"BAYELSA","lga_code":"03","lga_name":"KOLOKUMA/OPOKUMA"},"geometry":{"type":"Polygon","coordinates":[[[6.14735507987308,4.940584182813836],[6.248579978783027,5.009782791042994],[6.273586273088085,5.056044102353496],[6.305215835942136,5.049674987610615],[6.321924209834492,5.085625172363848],[6.358265876668895,5.093811988732341],[6.399549961161824,5.145593166091771],[6.388543128962283,5.193649768821842],[6.254354953718178,5.170927048344652],[6.147763158043347,5.015410078412458],[6.14735507987308,4.940584182813836]]]}},{"type":"Feature","properties":{"state_code":"19","state_name":"KANO","lga_code":"22","lga_name":"KARAYE"},"geometry":{"type":"Polygon","coordinates":[[[8.076842009551171,11.879758465580778],[8.026233698326564,11.833343139074657],[7.90536101929564,11.813186216770532],[7.899056029811959,11.780035805008424],[7.857506040071769,11.794943217255707],[7.90104695255485,11.64964696143818],[7.926549933432739,11.641831664000165],[7.982409671169421,11.66812566067074],[7.958589847043868,11.692824331078043],[8.0480336145597,11.680046399222022],[8.08111357703001,11.751012202251388],[8.141134292613572,11.790183438415],[8.128583006100882,11.851937361620003],[8.07860715569575,11.848343927030669],[8.076842009551171,11.879758465580778]]]}},{"type":"Feature","properties":{"state_code":"06","state_name":"BAYELSA","lga_code":"06","lga_name":"SAGBAMA"},"geometry":{"type":"Polygon","coordinates":[[[5.992608069906566,4.893021107338257],[5.989294051978959,4.814083098556182],[6.072821140183521,4.822366237711776],[6.089931011007423,4.97726917303396],[6.054629803122964,5.048988819278634],[6.0749969482506,5.060245991259535],[6.116535350226286,4.99231793262652],[6.141563283119069,4.998545428428827],[6.254354953718178,5.170927048344652],[6.400932789316812,5.19482517194416],[6.486999035077474,5.240703105863702],[6.56315994277719,5.320212840650129],[6.569632053276678,5.372142791956321],[6.485476971185335,5.379205227339412],[6.493532180765555,5.326040745184287],[6.450234890128115,5.327586651003173],[6.408876895752201,5.304768561919673],[6.333523813073555,5.317602264333061],[6.285005568552208,5.279088973977025],[6.290450095695405,5.234077454111286],[6.213285445666827,5.238669395176487],[6.195970558194745,5.223022590919868],[6.190907000957395,5.158570766327841],[6.1659064290385,5.16113996483756],[6.129725933305224,5.129266738769047],[6.08579254229204,5.1508026122508],[6.05496597330108,5.09716796992592],[6.004523276727866,5.103686810098282],[5.974926472178993,5.137524605176452],[5.95986509329947,5.100848198085941],[5.992317200378523,5.048230170985676],[5.980175018162583,4.938313961220388],[5.992608069906566,4.893021107338257]]]}},{"type":"Feature","properties":{"state_code":"17","state_name":"JIGAWA","lga_code":"07","lga_name":"GARKI"},"geometry":{"type":"Polygon","coordinates":[[[9.145609148043775,12.325633019048666],[9.216503254421696,12.33539211565369],[9.249458989041159,12.305871115859361],[9.283146478627145,12.317016817771957],[9.335579579933722,12.285481877087022],[9.367236168314548,12.336267932119426],[9.401213733327154,12.336998644771711],[9.416788311231642,12.315087949149586],[9.534899997836703,12.367199997881642],[9.42086829973232,12.384214412864935],[9.345760058380051,12.428203702139172],[9.25997402338254,12.429782009632106],[9.242016799635621,12.471745138027757],[9.224860030066395,12.464119759419418],[9.167385418402375,12.535119280730271],[9.123801932912897,12.543356737923148],[9.099638456249806,12.523191281952165],[8.99994635104332,12.587234597598638],[8.936321783123844,12.568039610839435],[8.92962596176875,12.535285115715567],[8.862281937261628,12.458137838790265],[8.877701839868053,12.427770231610964],[8.804193558086297,12.392928247240889],[8.780027502167513,12.341198902307553],[8.755630468871118,12.343993654383667],[8.723540749905737,12.294803306027802],[8.77460538163308,12.275354881322755],[8.83962324401756,12.308195393003018],[8.930195836069004,12.297752895279928],[9.13853364371272,12.342232949990716],[9.145609148043775,12.325633019048666]]]}},{"type":"Feature","properties":{"state_code":"20","state_name":"KATSINA","lga_code":"24","lga_name":"MAI'ADUA"},"geometry":{"type":"Polygon","coordinates":[[[8.413448322881834,13.037952296161563],[8.434368199432924,13.081879917124525],[8.123332977135249,13.303054810431206],[8.062040113860235,13.316795177855226],[8.120672688993466,13.164008996617952],[8.114961983209014,13.113326477834732],[8.154727440119302,13.076043608425834],[8.172098054081971,13.012798948312877],[8.207459238652973,13.029480418086848],[8.199258974721943,13.00523204092599],[8.219186961109415,12.98113999921162],[8.246746010719846,12.988196847106849],[8.243054249653937,13.01596251325941],[8.371354358416966,13.082331456831298],[8.36599166418398,13.017105124402008],[8.413448322881834,13.037952296161563]]]}},{"type":"Feature","properties":{"state_code":"11","state_name":"EBONYI","lga_code":"05","lga_name":"EZZA NORTH"},"geometry":{"type":"Polygon","coordinates":[[[8.085567097143894,6.324000637419545],[8.034541367390261,6.373240274918828],[8.005624839714642,6.347883056158139],[7.910506008345635,6.348674802200435],[7.882746718386386,6.317384504091649],[7.902967652635084,6.282482727395973],[7.851825690902956,6.242120538831841],[7.877437809907065,6.227021715779586],[7.878516406407073,6.180364582259699],[7.898694532926413,6.193837312342112],[7.92238222955632,6.153561528841522],[7.959218813097777,6.152546428075254],[7.996047784777488,6.197364543339063],[8.027611496573343,6.196588646049236],[8.08285448015016,6.265898228820276],[8.071027100220533,6.304684402263376],[8.085567097143894,6.324000637419545]]]}},{"type":"Feature","properties":{"state_code":"34","state_name":"TARABA","lga_code":"06","lga_name":"IBI"},"geometry":{"type":"Polygon","coordinates":[[[10.245595932106653,8.804408074273283],[9.997756957617526,8.540867804705499],[9.869446753964553,8.431289672580363],[9.761323929056118,8.369710922021511],[9.620464026193929,8.383374038581053],[9.609673499832184,8.291272162880034],[9.483206748992302,8.306058884310119],[9.389717101563008,8.349109650090327],[9.363276482123979,8.34053707132881],[9.323423386280297,8.253451346902182],[9.411823272925744,8.176929473816188],[9.386946677946867,8.148825644587873],[9.415376663402355,8.061924934088495],[9.335517882844044,7.985507965120519],[9.563367843850983,8.101551056336234],[9.765724182325187,8.082327842555912],[9.835536957364752,8.115715982007032],[9.89927959367833,8.256354332386593],[10.012645720623539,8.337385177783801],[10.105046271967922,8.481679916195219],[10.231396674816722,8.596360207157886],[10.26120567260375,8.653065680836562],[10.309685706730022,8.677736281604155],[10.383751999854951,8.683539999771199],[10.354626655895515,8.74031162308296],[10.313457488572283,8.741919518271175],[10.245595932106653,8.804408074273283]]]}},{"type":"Feature","properties":{"state_code":"22","state_name":"KOGI","lga_code":"19","lga_name":"OMALA"},"geometry":{"type":"Polygon","coordinates":[[[7.450301833662763,7.513271760783198],[7.524367331787005,7.528838634195665],[7.565808773356252,7.587264537928149],[7.555988631670061,7.643477344104213],[7.588388388313547,7.656249871034788],[7.595030876273995,7.641063263358944],[7.651889880413705,7.695717410430177],[7.752635479343951,7.708192348098407],[7.744690417828565,7.768656730723592],[7.663638114607352,7.905889033751976],[7.677225590088938,8.0166263578202],[7.44578695280569,8.046949006991156],[7.350563049145478,7.900129796053307],[7.355204104885559,7.827082156916049],[7.442163467370165,7.687811374995022],[7.461067935336985,7.552950032917749],[7.450301833662763,7.513271760783198]]]}},{"type":"Feature","properties":{"state_code":"28","state_name":"ONDO","lga_code":"11","lga_name":"ILEOLUJI/OKEIGBO"},"geometry":{"type":"Polygon","coordinates":[[[5.003284290837428,7.200154797705807],[5.032220364378361,7.231300352629205],[5.042090893280147,7.288321972181336],[5.030450821448312,7.38059329994087],[5.006279945163385,7.392001629071956],[4.943352222327235,7.369954108795127],[4.754682872016986,7.361068429264662],[4.734695399073473,7.28397389308077],[4.746673106978335,7.222973347242203],[4.708982467866633,7.164592743260528],[4.671884535942638,7.166234015887198],[4.672955513386285,7.140385627894489],[4.61670541772088,7.084672450872972],[4.879928589033227,7.103674411644818],[4.877082752766853,7.187049368733426],[5.003284290837428,7.200154797705807]]]}},{"type":"Feature","properties":{"state_code":"20","state_name":"KATSINA","lga_code":"04","lga_name":"BAURE"},"geometry":{"type":"Polygon","coordinates":[[[8.552150601968776,12.831819272741313],[8.589058318286789,12.808618953801727],[8.60382689499528,12.737272796002799],[8.651846301765488,12.733124862822194],[8.688016502059952,12.688210581253372],[8.744812943062925,12.666652041258772],[8.864637001796268,12.669043435706044],[8.951332270268097,12.738121687665796],[8.982868786565291,12.80676876956312],[9.047338499572163,12.816157329297369],[9.040895137700488,12.84614142059013],[8.984165296890978,12.835802416848082],[8.707874155168156,12.930005760857227],[8.714584352186137,12.845388042324316],[8.625902089210115,12.882827200415022],[8.593395274572288,12.862592027200321],[8.553063272651968,12.866101552344787],[8.552150601968776,12.831819272741313]]]}},{"type":"Feature","properties":{"state_code":"20","state_name":"KATSINA","lga_code":"12","lga_name":"DUTSIN-MA"},"geometry":{"type":"Polygon","coordinates":[[[7.609132541833389,12.343031915790334],[7.641442825825777,12.42453887396988],[7.643239782789806,12.541552854380768],[7.615451385373206,12.566221250910075],[7.555841309229095,12.542947345843402],[7.526406832309533,12.563522452898951],[7.467973521760655,12.560555708179436],[7.443919131063069,12.511943845132407],[7.404380941827071,12.525486734924925],[7.422099993619838,12.500461232899625],[7.39920573465696,12.476481287181684],[7.41651796103514,12.445393827563123],[7.415648423635901,12.352449234044968],[7.334579622351725,12.319970791219077],[7.386575225066622,12.303595631433268],[7.39981319971946,12.26357112480764],[7.42052716929345,12.27657847371762],[7.443146211428541,12.25757413873555],[7.499592722626119,12.255518919862311],[7.503148410870494,12.27075558110522],[7.5451138945906,12.271217764288451],[7.515725927909273,12.366645605410383],[7.609132541833389,12.343031915790334]]]}},{"type":"Feature","properties":{"state_code":"12","state_name":"EDO","lga_code":"18","lga_name":"UHUNMWODE"},"geometry":{"type":"Polygon","coordinates":[[[5.870091733246966,6.797244866657309],[5.791487015913106,6.596008944057587],[5.644300938237734,6.453639984197935],[5.63990497743282,6.410181045818661],[5.644706769901575,6.370216555449701],[5.705947500376908,6.370208100923151],[5.689939218120458,6.323203115931108],[5.764559115011195,6.282276386945739],[5.763204098390474,6.315147876673223],[5.806726932701849,6.282730103011886],[5.823635100879244,6.236401080845269],[5.915478474552003,6.204447024610545],[5.91323599974163,6.240521000144099],[5.940202999568839,6.253428000002259],[5.983660168082338,6.324486746166428],[6.138703263644743,6.387831671694357],[6.072926044301539,6.549153805004153],[6.095049352245837,6.681514824049941],[6.012048329666754,6.773555012553857],[5.870091733246966,6.797244866657309]]]}},{"type":"Feature","properties":{"state_code":"17","state_name":"JIGAWA","lga_code":"26","lga_name":"TAURA"},"geometry":{"type":"Polygon","coordinates":[[[9.335966649041666,12.165708723578803],[9.34173038155194,12.182901473224433],[9.373988975211091,12.17832726589063],[9.395573258299294,12.19903802308636],[9.422015127795987,12.176444642206548],[9.531675189058774,12.20831820911809],[9.56626282177183,12.26578544813998],[9.554399504933258,12.294091825377507],[9.609888248044285,12.330623796850773],[9.57915090079348,12.39126295192375],[9.416788311231642,12.315087949149586],[9.401213733327154,12.336998644771711],[9.367236168314548,12.336267932119426],[9.335579579933722,12.285481877087022],[9.283146478627145,12.317016817771957],[9.249458989041159,12.305871115859361],[9.216503254421696,12.33539211565369],[9.166096811318823,12.340367035710187],[9.125162882361167,12.308170588801659],[9.113547263995088,12.28317529860118],[9.164105956025082,12.273694522384346],[9.151239368102381,12.231038839570829],[9.201682674415963,12.250135855985036],[9.23012865611264,12.204434212568913],[9.272951978850813,12.191509691219323],[9.270669962648697,12.154679377751108],[9.335966649041666,12.165708723578803]]]}},{"type":"Feature","properties":{"state_code":"10","state_name":"DELTA","lga_code":"19","lga_name":"UGHELLI NORTH"},"geometry":{"type":"Polygon","coordinates":[[[6.071164131219746,5.207942962997379],[6.16148710294749,5.235740184561905],[6.095006600274417,5.318561420972856],[6.087976932589413,5.404337882687173],[6.055731773002947,5.46856403410294],[6.077941895202343,5.520759106447656],[6.116582870403192,5.548127174229762],[6.115060805611733,5.584867953893024],[6.21146297493641,5.621732234754859],[6.149661244670767,5.755693228659595],[6.113441149989114,5.75163399831041],[6.041172027866821,5.685502052178038],[6.058454037024262,5.621844768721132],[5.98998691126701,5.557399939955303],[5.92263900528593,5.562991465783568],[5.911275341883595,5.601062769031614],[5.861209040364997,5.620919702682158],[5.846067429368418,5.587218761936356],[5.850398064319279,5.556378365868966],[5.927536108804418,5.534241003319721],[5.9086861613373,5.504094123944697],[5.96512699061816,5.504563808373121],[5.968712944646711,5.482201864424553],[5.993936355978121,5.475391167268583],[5.981091975914012,5.431188108244669],[6.028476238287794,5.326867104333473],[6.006835937328674,5.245948792003219],[6.071164131219746,5.207942962997379]]]}},{"type":"Feature","properties":{"state_code":"12","state_name":"EDO","lga_code":"13","lga_name":"ORHIONMWON"},"geometry":{"type":"Polygon","coordinates":[[[6.28161621081955,6.360329150769758],[6.224782944377409,6.417566775786099],[6.152238846445641,6.416880130813411],[6.132882618438146,6.405396537420302],[6.132234761225277,6.376561289571896],[5.983660168082338,6.324486746166428],[5.940202999568839,6.253428000002259],[5.91323599974163,6.240521000144099],[5.915478474552003,6.204447024610545],[5.823635100879244,6.236401080845269],[5.753941058832822,6.195095062786947],[5.727054119352147,6.095070838848187],[5.738945005807409,6.062850952009853],[5.764177322225692,5.997814177782118],[5.812038897976834,5.983871936840444],[5.83331012706077,5.941052913760984],[5.921317100803606,5.877292156108183],[5.894185114951142,5.798591687056785],[5.924606800163758,5.748332024103661],[5.981730937033149,5.748114109378719],[6.093735217906044,5.794122219265034],[6.229115009250336,5.93602609742652],[6.25663995656879,6.016697884000223],[6.232762814152579,6.033836841597008],[6.244851975937991,6.053682279213888],[6.195523070833076,6.054463880903427],[6.169303894159441,6.082546234321285],[6.134387016047981,6.135653018671917],[6.112161160209439,6.240878104740773],[6.07663202274972,6.27872276264543],[6.126613139584776,6.356115817990656],[6.212637901418077,6.279160976198114],[6.28161621081955,6.360329150769758]]]}},{"type":"Feature","properties":{"state_code":"18","state_name":"KADUNA","lga_code":"21","lga_name":"SOBA"},"geometry":{"type":"Polygon","coordinates":[[[7.812604590029878,11.153467401199634],[7.772683975784901,11.136956351154708],[7.820177275560866,11.035345051333081],[7.799519778914714,11.010739672098225],[7.817452429586012,10.960659337558411],[7.791879996764465,10.92260470414385],[7.83387580922124,10.873107382100045],[7.815559266746789,10.830700771923148],[7.855697044782858,10.793759401175464],[7.878956384429671,10.79523028824724],[7.886192190217457,10.764391560422212],[7.850714386060133,10.74772599515859],[7.872566435992269,10.69957451844931],[7.889447047143562,10.67798630892105],[7.945053883829701,10.714651596793829],[7.954139790219187,10.692154346246127],[7.976918363092011,10.712654695357969],[8.088758893608087,10.681343494306873],[8.074437922072491,10.718862642596946],[8.086877155756156,10.740333475309683],[8.063294508934462,10.780985417343175],[8.12660398768395,10.80895881339859],[8.144945764235672,10.79661861395789],[8.183170719353257,10.896002995441961],[8.250274854201223,10.936633958090738],[8.217415794903047,11.02274853341811],[8.13335904108692,11.148168766575338],[8.070599219878147,11.170876532226202],[7.993782282826146,11.23283823030016],[7.925273128152412,11.220843158285163],[7.884928076169842,11.192415034426347],[7.841269785971917,11.199344796425237],[7.844414489437213,11.169096254088913],[7.812604590029878,11.153467401199634]]]}},{"type":"Feature","properties":{"state_code":"35","state_name":"YOBE","lga_code":"10","lga_name":"KARASAWA"},"geometry":{"type":"Polygon","coordinates":[[[10.436037750841592,12.817635923559067],[10.475218500933124,12.790039292179642],[10.512801500189141,12.819578510439953],[10.558988916005717,12.80546858910418],[10.581518826332797,12.850028854348182],[10.615351572617044,12.867772942367424],[10.707401702226832,12.861016153272885],[10.769812687205786,12.888246115765696],[10.80395524633758,12.876293948606872],[10.884671796666112,12.894984003808759],[10.94736000575972,12.862166498585111],[11.00424798515644,12.874105986202323],[11.04174608121673,12.937334049326978],[11.086120755168793,12.92021693176605],[11.15123254724432,12.946899939180923],[11.210979832053681,12.94339007319337],[11.19386878491656,12.987420366157039],[11.109081038758973,12.960100845577585],[10.993628523337748,12.995367594139225],[10.991280675862527,12.967752975419558],[10.950203165643643,12.967738354241703],[10.930661015393582,12.935286537643663],[10.901149731874682,12.986759400426024],[10.90448799282666,13.019657275363045],[10.878174593282893,13.032066778359194],[10.889724420845369,13.079797792334318],[10.934852670914097,13.105202754303718],[10.923393041755503,13.18308515865317],[10.897379470786007,13.18368313586808],[10.797760276315728,13.158143414986682],[10.750638242760772,13.083635766077805],[10.716665740031942,13.086519231777174],[10.717315875227484,13.04672037314674],[10.695807412182376,13.03647959965383],[10.58736538370556,13.029358443937099],[10.535932538955535,13.061669667721048],[10.469565102647437,13.029767228974492],[10.445600088373453,12.99041907637934],[10.462778224935164,12.947503956242656],[10.51429260491983,12.94394311308423],[10.603721966195849,12.869110412315706],[10.549817557834103,12.837953563706037],[10.524009686997488,12.86427806897774],[10.436037750841592,12.817635923559067]]]}},{"type":"Feature","properties":{"state_code":"28","state_name":"ONDO","lga_code":"16","lga_name":"ONDO WEST"},"geometry":{"type":"Polygon","coordinates":[[[4.879928589033227,7.103674411644818],[4.61670541772088,7.084672450872972],[4.609585762073323,7.031077861654069],[4.561608789813874,6.988337516663137],[4.547405624070336,6.844997621742891],[4.683737755193306,6.868977070135713],[4.837239265279891,6.943696498594591],[4.911337376418828,6.957957267713766],[4.924074999761501,7.08263399985924],[4.879928589033227,7.103674411644818]]]}},{"type":"Feature","properties":{"state_code":"10","state_name":"DELTA","lga_code":"08","lga_name":"IKA - SOUTH"},"geometry":{"type":"Polygon","coordinates":[[[6.25663995656879,6.016697884000223],[6.319196224326333,6.018606186026716],[6.347649154185149,6.120736588023192],[6.231258000156629,6.092275000390998],[6.217027000395774,6.110950000042521],[6.224352986601104,6.157088276003208],[6.180230421396857,6.157042999634768],[6.164341504356969,6.182863891755233],[6.188336905823576,6.255596938148244],[6.235201913137814,6.263533500170922],[6.250969886650978,6.222614765259266],[6.28141498571307,6.258235931243291],[6.280618190876851,6.284582138055271],[6.246644019006339,6.312650203943804],[6.197598933643917,6.282746315090435],[6.18049001700075,6.32119703331648],[6.126613139584776,6.356115817990656],[6.07663202274972,6.27872276264543],[6.112161160209439,6.240878104740773],[6.134387016047981,6.135653018671917],[6.169303894159441,6.082546234321285],[6.195523070833076,6.054463880903427],[6.244851975937991,6.053682279213888],[6.232762814152579,6.033836841597008],[6.25663995656879,6.016697884000223]]]}},{"type":"Feature","properties":{"state_code":"13","state_name":"EKITI","lga_code":"16","lga_name":"OYE"},"geometry":{"type":"Polygon","coordinates":[[[5.401253000325767,7.720521000243991],[5.419913322142179,7.782564039299018],[5.398242187926655,7.838182083336505],[5.445495842659057,7.873666730435332],[5.42089292576793,7.915213330630763],[5.419099015707047,8.027280115285123],[5.365753315663028,8.091933445572124],[5.360624312961704,8.038532257357815],[5.332399368436143,8.009554862666846],[5.248223478730608,8.019822709350592],[5.271652365764112,7.951544261358606],[5.266414750140655,7.883227675816613],[5.249961065151069,7.882437023350008],[5.241356000179337,7.843860999885294],[5.263259840269484,7.768732977045318],[5.335832515957918,7.720410478061183],[5.401253000325767,7.720521000243991]]]}},{"type":"Feature","properties":{"state_code":"19","state_name":"KANO","lga_code":"05","lga_name":"BICHI"},"geometry":{"type":"Polygon","coordinates":[[[8.484199988338844,12.260501506639287],[8.474028162269917,12.301614530186441],[8.439419134685352,12.322302113651688],[8.435589459885705,12.35656628810375],[8.36013415216945,12.35675082359171],[8.384276962411946,12.375428839569338],[8.368715266396464,12.390452496385649],[8.332732849041804,12.337551171149698],[8.257818209242998,12.346979924284142],[8.234616689708503,12.38096438529817],[8.193759567350185,12.343491999056539],[8.1844815792615,12.400025930652248],[8.159651143785311,12.401062518920185],[8.151632880153329,12.427575885418833],[8.11906083139229,12.406135408422415],[8.11026592133527,12.368585401694986],[8.077825705991586,12.3557413777624],[8.093501313734691,12.35266261169022],[8.082553078661704,12.334395513042523],[8.113925468685466,12.28882043391593],[8.140407224913531,12.27630359593428],[8.118644555901597,12.252798642443452],[8.119271428333775,12.204907482594308],[8.157609567627503,12.189991212924213],[8.173889792280136,12.207614442852332],[8.183328244602876,12.16147762379336],[8.207069805227377,12.143332157553061],[8.225236025122513,12.171776920668378],[8.291150302944175,12.146781075586205],[8.296339431619515,12.185227638944411],[8.352042833010387,12.187729812780674],[8.414590053588142,12.254038927154795],[8.446607470658307,12.228593821247898],[8.484199988338844,12.260501506639287]]]}},{"type":"Feature","properties":{"state_code":"37","state_name":"FCT","lga_code":"05","lga_name":"KWALI"},"geometry":{"type":"Polygon","coordinates":[[[7.105619423997268,8.91320169000602],[7.059489652025889,8.909517288092445],[7.009509072985395,8.94010050143703],[6.880232333755259,8.88817787241095],[6.87222671459125,8.844946860908976],[6.823391914105628,8.818794250254484],[6.795638560571149,8.777164459172525],[6.820189475963616,8.761153220844506],[6.792969703688925,8.744073869413569],[6.816453456561817,8.73340034485011],[6.801509379854053,8.698708533771878],[6.82712793440669,8.693370819108054],[6.799908161232679,8.673089981017881],[6.832731724289715,8.582358360050307],[6.869558334349676,8.583425521670563],[6.919900838353044,8.54217610244524],[6.983491934405322,8.521474790828961],[7.040444163167649,8.616995587676286],[7.125307023400467,8.674423260125423],[7.126496753622348,8.705356253088667],[7.099589824910538,8.726461411564912],[7.105994701194561,8.754215239941402],[7.180181025933621,8.796912192643617],[7.191389084138962,8.823063850016695],[7.105619423997268,8.91320169000602]]]}},{"type":"Feature","properties":{"state_code":"30","state_name":"OYO","lga_code":"30","lga_name":"OYO WEST"},"geometry":{"type":"MultiPolygon","coordinates":[[[[3.956087761241236,7.862643266173848],[3.979421430754485,7.850985338302792],[4.031140997359216,7.88094246971923],[4.017950844156189,7.917861790888992],[3.961997425840593,7.885259829777397],[3.956087761241236,7.862643266173848]]],[[[3.746851875313837,7.860420749118305],[3.823126778378196,7.842339902764365],[3.867374083147467,7.856561417375588],[3.897427295433374,7.776589145972366],[3.934714557131144,7.802170779757716],[3.940010249173724,7.83377162905748],[3.916740385660319,7.848209945032977],[3.937070171151504,7.863844487033475],[3.903306824650258,7.888081364563391],[3.941881991960429,7.932324236574289],[3.923992991683292,7.966770514747509],[3.879970249427515,7.96082346802865],[3.803492658059781,8.023594610802718],[3.810058653284273,8.13982198479681],[3.736541223598635,8.066102448669142],[3.741855813994675,8.021434062432093],[3.712308279703393,7.981664204239678],[3.746851875313837,7.860420749118305]]]]}},{"type":"Feature","properties":{"state_code":"20","state_name":"KATSINA","lga_code":"23","lga_name":"KUSADA"},"geometry":{"type":"Polygon","coordinates":[[[7.931681577442873,12.572796358065546],[7.938515462718499,12.53862671944762],[7.849547682979221,12.474870311815494],[7.849199935828437,12.453413191965296],[7.878237941228065,12.443879443881258],[7.858936336242948,12.394077248965914],[7.880890481710424,12.390578987830054],[7.878536029614111,12.373159850946422],[7.841506183563581,12.354024607949327],[7.836869172973991,12.376516308780651],[7.798302764161292,12.372478052420206],[7.832415087186575,12.321292601272603],[7.855041382353988,12.319293852629244],[7.857888945318621,12.33782205594315],[7.922605116632894,12.336709740262336],[8.047943131969987,12.412637167771152],[8.06719567893748,12.536757090967],[8.032586525447812,12.54647835669084],[8.042818540443363,12.571338550733572],[8.007448636945071,12.552140848021793],[7.954442775413781,12.595169429325779],[7.931681577442873,12.572796358065546]]]}},{"type":"Feature","properties":{"state_code":"17","state_name":"JIGAWA","lga_code":"24","lga_name":"RONI"},"geometry":{"type":"Polygon","coordinates":[[[8.160023516172373,12.683965513197904],[8.153242574884985,12.655401583616253],[8.182134731832434,12.651782658642844],[8.190395136126654,12.624009392319635],[8.246199606926382,12.594415679639951],[8.288612586102033,12.599858144637722],[8.300039530300126,12.52719102394667],[8.35467942401624,12.479670207614049],[8.35824018983294,12.437914423312009],[8.37688189658229,12.435615729182587],[8.458427349342742,12.586906936805747],[8.448911068790835,12.59847941109598],[8.398762402862644,12.586845085032678],[8.386463115380536,12.609995911582075],[8.360381955862636,12.608562597286095],[8.344135585289052,12.652910522702484],[8.282860843353262,12.650985029235756],[8.283726334702635,12.672614141729298],[8.261517079449732,12.67299525642602],[8.25231878028751,12.693652369960944],[8.160023516172373,12.683965513197904]]]}},{"type":"Feature","properties":{"state_code":"05","state_name":"BAUCHI","lga_code":"18","lga_name":"TORO"},"geometry":{"type":"Polygon","coordinates":[[[8.818318428852479,10.380446247596296],[8.929770470231063,10.352089882442158],[8.954892159245787,10.308810233805275],[8.930326461696893,10.21504974385067],[8.978166579623974,10.180500031950942],[8.938685901133454,10.026567162944275],[8.951510272181338,10.011085547959738],[9.002775390671786,9.988791448866323],[9.007193460409894,10.032775238786314],[9.047448159305134,10.01562023188825],[9.124002523098,10.058030656989274],[9.183000586308083,10.038271278196987],[9.229707321036074,10.048247259803247],[9.254759193881739,10.03009989509411],[9.21428964605036,10.017503611902214],[9.232135603875065,9.861648915964736],[9.272069625213078,9.846144618279538],[9.287657945657713,9.849850874618198],[9.296336995156253,9.898006023259427],[9.370945861862083,9.914249678779697],[9.362826591773853,10.013166920916717],[9.346442625826569,10.027625725247049],[9.39887600772164,10.129614109003967],[9.439770792787897,10.149308060318788],[9.518265444794508,10.113158547129274],[9.523907526910875,10.151263819569692],[9.572189899044645,10.158223180955076],[9.601360614700639,10.188827605709491],[9.600826769939545,10.216172503358393],[9.62200202877068,10.177372307685914],[9.653350584961572,10.204290253092779],[9.60570779987512,10.233071567698744],[9.649989599040794,10.243037917565914],[9.659890330774203,10.291079898218754],[9.696159454695135,10.332934913715349],[9.677747947409898,10.392639289171882],[9.694207269350045,10.432730070436435],[9.641685990416192,10.46255519666505],[9.615769646951719,10.565159659190954],[9.66124127886195,10.611528093246932],[9.595133835658032,10.689035137661506],[9.563676162025331,10.692100839282375],[9.417666802281133,10.78743294757254],[9.355358175439505,10.745447440447094],[9.191248261598048,10.695501916080616],[9.035246042670792,10.737786928024377],[9.043345356802831,10.775285169774804],[9.020954055385403,10.812519783361381],[8.95713150081815,10.806506732699631],[8.906542819995195,10.83530172419529],[8.794652086624524,10.854351751032539],[8.766169519607672,10.851136632449652],[8.769371033246614,10.829299926750252],[8.85521888674225,10.707400322666786],[8.78190525422417,10.601013806242236],[8.793080213780911,10.565462608412702],[8.776749334813985,10.47946860429272],[8.749219530257164,10.44069800081212],[8.818318428852479,10.380446247596296]]]}},{"type":"Feature","properties":{"state_code":"28","state_name":"ONDO","lga_code":"06","lga_name":"AKURE SOUTH"},"geometry":{"type":"Polygon","coordinates":[[[5.214245007201384,7.252435772393028],[5.135239777693641,7.284727953032643],[5.082979678969082,7.271927834002383],[5.12136411716034,7.20565843638775],[5.229400158390661,7.11946105958026],[5.365155218838311,7.092512130730313],[5.316319465970651,7.162417411834156],[5.24934100957995,7.201750755293176],[5.214245007201384,7.252435772393028]]]}},{"type":"Feature","properties":{"state_code":"18","state_name":"KADUNA","lga_code":"04","lga_name":"IGABI"},"geometry":{"type":"Polygon","coordinates":[[[7.411839036642277,10.560461529775807],[7.423820623323138,10.60403319187833],[7.451319721428035,10.618607684097412],[7.472935898972594,10.568470394593078],[7.520759106947253,10.558620879250213],[7.602053999592442,10.587787152255316],[7.62490749228698,10.565549248199318],[7.674577554310758,10.560355940374393],[7.692559948283019,10.595349250967217],[7.698606358396773,10.509977577703125],[7.729650815133084,10.47752277715449],[7.778174348567404,10.499838596673953],[7.829203600965457,10.497891000569268],[7.869681828153887,10.526706689961827],[7.888388897629568,10.592451695589318],[7.857515720374238,10.579769248352193],[7.852933990211511,10.595545231227504],[7.864183108763484,10.66739272419494],[7.889447047143562,10.67798630892105],[7.850714386060133,10.74772599515859],[7.886192190217457,10.764391560422212],[7.878956384429671,10.79523028824724],[7.855697044782858,10.793759401175464],[7.815559266746789,10.830700771923148],[7.83387580922124,10.873107382100045],[7.778259624981729,10.921061027744258],[7.767198905405223,10.967815438231924],[7.730140318820702,10.96195647111432],[7.668397074165682,10.999864929622845],[7.642323445570582,10.968678208232745],[7.596888075224513,11.006667481619047],[7.491978840051502,10.962925933085387],[7.439118867441834,10.981340723795427],[7.42598257283754,11.014609482741491],[7.408574609130937,11.000290059838449],[7.376600015977999,11.013915392281604],[7.35321928224414,11.01097300210239],[7.309714767122841,10.941955056880431],[7.258022202662573,10.916028682377828],[7.208123425056044,10.834763981772369],[7.205603823257889,10.750340321648594],[7.188184392295909,10.726181109570575],[7.310610853408207,10.627190917127166],[7.307671747553172,10.594252380243177],[7.279846042660779,10.585280950355639],[7.238113944702832,10.53136182818588],[7.286065830373843,10.518217272409231],[7.291160052694352,10.487087493393176],[7.31196182757634,10.50201267174748],[7.378020022106398,10.490143011990483],[7.411839036642277,10.560461529775807]]]}},{"type":"Feature","properties":{"state_code":"22","state_name":"KOGI","lga_code":"17","lga_name":"OKENE"},"geometry":{"type":"Polygon","coordinates":[[[6.189314239560531,7.575310800553041],[6.133570670849849,7.552076817291322],[6.164177895193745,7.550241947607844],[6.158284188164828,7.528297900627649],[6.206281662268964,7.47042894434037],[6.292051954634076,7.500369628955241],[6.297750181425783,7.533609143747015],[6.189314239560531,7.575310800553041]]]}},{"type":"Feature","properties":{"state_code":"04","state_name":"ANAMBRA","lga_code":"18","lga_name":"ONITSHA -SOUTH"},"geometry":{"type":"Polygon","coordinates":[[[6.790597504371362,6.131723850974993],[6.788504269356622,6.153038644118169],[6.764783858987926,6.155804634076674],[6.757916736568177,6.134914213020579],[6.790597504371362,6.131723850974993]]]}},{"type":"Feature","properties":{"state_code":"07","state_name":"BENUE","lga_code":"02","lga_name":"AGATU"},"geometry":{"type":"Polygon","coordinates":[[[7.750169633621738,7.751789612100993],[7.792123024158286,7.764951371908353],[7.80559356259289,7.789543672302671],[7.914081889967292,7.780089130209262],[7.938644710584981,7.796542380826281],[7.977583151841031,7.785532175269736],[7.974825241391841,7.742218116772733],[8.026496214928443,7.702723336912527],[8.038216704137653,7.736705169208221],[8.089342490663455,7.748644801616365],[8.215219497581813,7.834565163851266],[8.072406769057181,7.877362251566694],[7.877028942132029,7.983425139758424],[7.676837921133199,8.014471054295768],[7.663638114607352,7.905889033751976],[7.750169633621738,7.751789612100993]]]}},{"type":"Feature","properties":{"state_code":"19","state_name":"KANO","lga_code":"07","lga_name":"DALA"},"geometry":{"type":"Polygon","coordinates":[[[8.466312809188821,12.06545083328939],[8.484415573819717,12.032444895815331],[8.469041630167169,12.023931016703102],[8.502850662228354,11.993909667397304],[8.524925672082134,12.014718646748179],[8.466312809188821,12.06545083328939]]]}},{"type":"Feature","properties":{"state_code":"36","state_name":"ZAMFARA","lga_code":"01","lga_name":"ANKA"},"geometry":{"type":"Polygon","coordinates":[[[5.749627959762563,12.288903381086243],[5.751838944811482,12.25398330858286],[5.722539385983907,12.242736112781415],[5.721117333897894,12.160272248065837],[5.681906941252407,12.130459707849298],[5.693870179065584,12.088897910909907],[5.73769999965532,12.088000000799468],[5.747098840439207,12.046129757981987],[5.818958255718996,12.0193237062241],[5.854737738355993,11.88780309463715],[5.94873595330165,11.76840727777369],[5.912908361431789,11.63565341507308],[5.972946260361653,11.633884164422682],[5.991604499348227,11.671788639833892],[6.057732703401598,11.672297928606554],[6.156829610298303,11.611719154015816],[6.179836215269177,11.64221722404568],[6.254013680786784,11.650779105371441],[6.244269687396184,11.689402118413057],[6.283625126298602,11.781811715138588],[6.27616851356612,11.829083326634247],[6.328959161935813,11.849061828840377],[6.305480366126062,11.88011031903602],[6.265015393145916,11.879761435142143],[6.240761126324969,11.90282445278632],[6.183600001239142,12.051199999880112],[6.15839999926061,12.050500001773685],[6.170699999005819,12.100400000659533],[6.114377513311638,12.132286238119434],[6.054244323117075,12.12107734714192],[6.013866635636759,12.175582008902666],[5.999000002248351,12.154100001214147],[5.958900407627766,12.156439541651594],[5.948151480306592,12.12710070403432],[5.909668670672659,12.141227422907264],[5.886256960690218,12.313900217221317],[5.841038280192549,12.293106680129256],[5.823571919908204,12.24190414905729],[5.749627959762563,12.288903381086243]]]}},{"type":"Feature","properties":{"state_code":"19","state_name":"KANO","lga_code":"39","lga_name":"TOFA"},"geometry":{"type":"Polygon","coordinates":[[[8.250767340040738,12.120021910882542],[8.268573888674098,12.075163407065645],[8.247101000111115,12.0214815116625],[8.295643043391806,12.027957635836287],[8.268899910002915,11.946778772822142],[8.336428550037624,11.959335463361015],[8.404515234690393,11.930841401209761],[8.413394529034349,11.994047599117437],[8.355094744426935,12.049728525551075],[8.355270033984937,12.090995471663746],[8.328999999750238,12.077230274857357],[8.250767340040738,12.120021910882542]]]}},{"type":"Feature","properties":{"state_code":"20","state_name":"KATSINA","lga_code":"15","lga_name":"INGAWA"},"geometry":{"type":"Polygon","coordinates":[[[8.14162553019412,12.811018202927755],[8.108291384240033,12.804776503233086],[8.097854182624474,12.768109004826783],[8.067558951984097,12.76770879122779],[8.01473600266445,12.704998066707446],[7.993314620973024,12.74065024221494],[7.964066391850565,12.743163063124939],[7.955146377103688,12.627476001816092],[7.998980454184675,12.616528663367149],[7.989011167131707,12.562365520952085],[8.007448636945071,12.552140848021793],[8.036902120136801,12.573726292134722],[8.032586525447812,12.54647835669084],[8.06719567893748,12.536757090967],[8.047943131969987,12.412637167771152],[8.156739727156719,12.440300485678904],[8.190386523319432,12.505182900270654],[8.174343142322186,12.519545844964796],[8.179865977932593,12.564088130063226],[8.246199606926382,12.594415679639951],[8.190395136126654,12.624009392319635],[8.182134731832434,12.651782658642844],[8.153242574884985,12.655401583616253],[8.144535414377913,12.721262380554492],[8.185127751144876,12.732469972910962],[8.152304576594986,12.796827571035635],[8.127918637335313,12.796827571035635],[8.14162553019412,12.811018202927755]]]}},{"type":"Feature","properties":{"state_code":"10","state_name":"DELTA","lga_code":"22","lga_name":"UVWIE"},"geometry":{"type":"Polygon","coordinates":[[[5.783995603914036,5.515962494973223],[5.801012992955293,5.520910740238492],[5.785417841260426,5.551421034752991],[5.850398064319279,5.556378365868966],[5.846067429368418,5.587218761936356],[5.77736377741644,5.624300003342512],[5.705931186674945,5.581848621316851],[5.779924943181641,5.547384933168189],[5.783995603914036,5.515962494973223]]]}},{"type":"Feature","properties":{"state_code":"28","state_name":"ONDO","lga_code":"08","lga_name":"IDANRE"},"geometry":{"type":"Polygon","coordinates":[[[4.988069056841539,6.898733615863705],[5.002203939760079,6.79133272082845],[5.07850581708982,6.714952243651169],[5.122329711147302,6.698738574225843],[5.150810717840386,6.745987890628726],[5.197015762167723,6.773944855170953],[5.254822253344344,6.882708581036241],[5.537059784381597,6.884796618868904],[5.475494860899175,7.050649166126163],[5.382555485247508,7.089838504743227],[5.234051704722447,7.116716861993609],[5.083097457781491,7.250690937436843],[5.036707401325543,7.255974292579594],[5.003284290837428,7.200154797705807],[4.992343903248582,7.063669205369592],[5.006719111997484,6.979723453974259],[4.988069056841539,6.898733615863705]]]}},{"type":"Feature","properties":{"state_code":"10","state_name":"DELTA","lga_code":"13","lga_name":"OKPE"},"geometry":{"type":"Polygon","coordinates":[[[5.705931186674945,5.581848621316851],[5.77736377741644,5.624300003342512],[5.82345056539134,5.587461947610848],[5.846067429368418,5.587218761936356],[5.861209040364997,5.620919702682158],[5.900899454246485,5.601868050769951],[5.918334007308658,5.629001140989885],[5.906793868142529,5.657239105900089],[5.852856121013247,5.703069301107405],[5.868165969983579,5.747861862135267],[5.906148911243292,5.770370007070198],[5.902640819618171,5.794611930696078],[5.869574844303656,5.781298511916816],[5.84343806801246,5.792516905131095],[5.82557990189099,5.771029327941164],[5.777015818924951,5.814902030904079],[5.725958998708848,5.719919961237281],[5.650618398620225,5.700676516308249],[5.696485995732189,5.647008895843896],[5.680222034419387,5.651290893659848],[5.655903815908403,5.614335060015037],[5.705931186674945,5.581848621316851]]]}},{"type":"Feature","properties":{"state_code":"04","state_name":"ANAMBRA","lga_code":"04","lga_name":"ANAMBRA WEST"},"geometry":{"type":"Polygon","coordinates":[[[6.661695818407338,6.557928405671419],[6.731006144917728,6.239092827272202],[6.753652095667746,6.192818164626658],[6.781198811975628,6.18548596860262],[6.784161635651003,6.255777897931694],[6.826119584851028,6.29343055417678],[6.830181103974837,6.374200479268779],[6.852546212637662,6.390061827591296],[6.835802284947533,6.489270958188229],[6.858206446670238,6.558774819702194],[6.808571363777446,6.589365769914423],[6.764108181247593,6.56360292363604],[6.661695818407338,6.557928405671419]]]}},{"type":"Feature","properties":{"state_code":"24","state_name":"LAGOS","lga_code":"16","lga_name":"MUSHIN"},"geometry":{"type":"Polygon","coordinates":[[[3.367503741204757,6.524388646818636],[3.366925915098932,6.558478963433458],[3.341098258278066,6.551283097437022],[3.322288649002019,6.501563548419085],[3.367503741204757,6.524388646818636]]]}},{"type":"Feature","properties":{"state_code":"27","state_name":"OGUN","lga_code":"20","lga_name":"SAGAMU"},"geometry":{"type":"Polygon","coordinates":[[[3.58738968568548,6.905459075276156],[3.553929897247031,6.910130582060788],[3.521720369699324,6.850330330780196],[3.463993728427852,6.826752890133832],[3.467107253297172,6.792075547348702],[3.440535512703775,6.751827966587427],[3.443198472731353,6.68590903567349],[3.459019961302204,6.673523020271205],[3.692374775975168,6.682786340417351],[3.688913494062547,6.840756464839046],[3.61901604425509,6.909988851604282],[3.58738968568548,6.905459075276156]]]}},{"type":"Feature","properties":{"state_code":"09","state_name":"CROSS RIVER","lga_code":"06","lga_name":"BIASE"},"geometry":{"type":"Polygon","coordinates":[[[7.916170380158974,5.748143074743155],[7.886644839687676,5.700051785161804],[7.917696953251834,5.649620055820947],[7.90794277234113,5.535781860344628],[7.913496505959017,5.523813140264281],[7.993000674841312,5.555146093217672],[8.006666449796853,5.399691127043923],[8.042219208849474,5.346110524980816],[8.058647782069556,5.27338026288885],[8.100193196958514,5.272860016776406],[8.162090133053255,5.307948043967087],[8.171347496090107,5.352666649246487],[8.244667099207334,5.391571883036022],[8.26022694441798,5.44580374085001],[8.190808077830582,5.543493067551083],[8.144489853823757,5.666914749016485],[8.070962088229862,5.722755332992278],[8.031891439438425,5.798446937576159],[8.000641805075304,5.813040939687653],[7.999238064085432,5.785740855256336],[7.916170380158974,5.748143074743155]]]}},{"type":"Feature","properties":{"state_code":"19","state_name":"KANO","lga_code":"16","lga_name":"GAYA"},"geometry":{"type":"Polygon","coordinates":[[[8.90502919983777,11.920777658362283],[8.902725544148609,11.883824594629402],[8.948309608401757,11.888436256028456],[8.956143465148841,11.862599683328767],[8.909012418588304,11.840308953095757],[8.92902283773384,11.821685715723277],[8.88608964661995,11.807334658267905],[8.899449206016072,11.734742848603616],[8.917714294679001,11.717968575989062],[9.002338761724502,11.741179176877552],[9.02418661092338,11.727992679418662],[9.013994863971845,11.696114966632479],[9.040327128594186,11.690458358666376],[9.157363496728067,11.719222983653822],[9.143934869398777,11.826556042827178],[9.187067168614988,11.834580513579908],[9.230000264400758,11.894658304637119],[9.226550036954677,11.908821296765495],[9.181667877370671,11.897694805271101],[9.144967717386294,11.831632056574222],[9.075703274286752,11.839215151757912],[9.104132037563545,11.904697996915047],[9.039182157630535,11.91620259487388],[9.024346823347287,11.938209895670184],[8.95704414517121,11.946954443692675],[8.90502919983777,11.920777658362283]]]}},{"type":"Feature","properties":{"state_code":"20","state_name":"KATSINA","lga_code":"06","lga_name":"CHARANCHI"},"geometry":{"type":"Polygon","coordinates":[[[7.533536110702983,12.696250873778865],[7.569393005183088,12.646170640862408],[7.635986913265469,12.608699040628267],[7.615152746602007,12.562504711723136],[7.643239782789806,12.541552854380768],[7.63242501340369,12.43555749718081],[7.680244607003033,12.412931156147977],[7.675905530116154,12.393087966836276],[7.699489621249086,12.377304665278132],[7.736056864133047,12.45975087360398],[7.715436318831109,12.49858752869153],[7.756887280623573,12.522847811077668],[7.737816599956147,12.524583647417444],[7.72545992223769,12.578582111375397],[7.710690918351247,12.579280039242462],[7.713446904251271,12.611802015550609],[7.776796496361271,12.595770903104722],[7.798604134173502,12.640946876597127],[7.759346820299584,12.67732614768363],[7.816966454838052,12.696206749441956],[7.75457438799765,12.702520873339665],[7.725205211751188,12.746859521349904],[7.6820207779366,12.715794816377695],[7.630075117272895,12.744953838149172],[7.587312160627732,12.728807330993561],[7.578745030858556,12.702015948077587],[7.533536110702983,12.696250873778865]]]}},{"type":"Feature","properties":{"state_code":"12","state_name":"EDO","lga_code":"07","lga_name":"ETSAKO CENTRAL"},"geometry":{"type":"Polygon","coordinates":[[[6.679260254257372,6.972002506210742],[6.532100201163416,7.019091129052413],[6.531813144760861,7.109619140810764],[6.505383015014161,7.150938987744155],[6.440954207670586,7.165110110643127],[6.414650917405936,7.166707992779664],[6.420300007039714,7.101172923991271],[6.361967496103091,7.048447283115649],[6.351548113654587,6.998271828182396],[6.372779170022739,6.932807297718682],[6.458928148015673,6.93422275687476],[6.505257130612108,6.905210017928027],[6.53014085721486,6.793418537335697],[6.623610019886542,6.793598175115733],[6.610790253367554,6.822104931197657],[6.679260254257372,6.972002506210742]]]}},{"type":"Feature","properties":{"state_code":"05","state_name":"BAUCHI","lga_code":"05","lga_name":"DARAZO"},"geometry":{"type":"Polygon","coordinates":[[[10.717995981229592,11.427899682024758],[10.601565358654454,11.406895841170183],[10.5875897906364,11.383633674054863],[10.604588644650278,11.369093853398681],[10.586955049136236,11.313915094006404],[10.568629942417942,11.314963866289474],[10.562072955702376,11.2550761766243],[10.525640928586029,11.26643168407503],[10.409140262313315,11.21036695307248],[10.379396997773256,11.22345398911034],[10.334010002859372,11.118081768558795],[10.313522011331827,11.130535393193895],[10.285238123440706,11.104134942873372],[10.335250542078882,11.084008218904216],[10.324286291878934,10.959732139226901],[10.258920860409432,10.930191152000134],[10.281285398902071,10.899972645221453],[10.351376003299947,10.86777771906651],[10.435010530811383,10.918345475363424],[10.476654294660023,10.897987345939327],[10.422213080069639,10.832289553819919],[10.470919772129832,10.849431026820469],[10.516359507785126,10.840423920827334],[10.489358627798481,10.807221476989639],[10.452224830911291,10.809114843974896],[10.44067264892368,10.772706958259562],[10.501936066596272,10.774850238747547],[10.52667682707397,10.736966696855632],[10.568740360279435,10.810789363638264],[10.652005119840453,10.881438007258282],[10.677222530895108,10.930871482832742],[10.642670943908968,10.977034646631694],[10.707912077380513,11.08479832907966],[10.738369176995946,11.100978664233992],[10.772404477584644,11.060340694967124],[10.799132485276004,11.084257034334712],[10.929565693302152,11.090735142412939],[11.008531705174107,11.149093151827572],[10.926039709664906,11.251214390631674],[10.944268966639527,11.275769635360405],[10.917039944837654,11.270896318910047],[10.933095644748278,11.314892864813885],[10.910279247289452,11.330908497229416],[10.934409244890787,11.467793931744609],[10.880061757644057,11.445250593640026],[10.856428167825754,11.479087415651748],[10.83540044367561,11.479453121364486],[10.770072769342903,11.433235202342757],[10.717995981229592,11.427899682024758]]]}},{"type":"Feature","properties":{"state_code":"22","state_name":"KOGI","lga_code":"09","lga_name":"IJUMU"},"geometry":{"type":"Polygon","coordinates":[[[5.834894656962888,7.92397785169652],[5.737289428564338,7.821079254204278],[5.791615485866032,7.782068728688898],[5.773028373360773,7.747318744964161],[5.801024436828357,7.733303547420803],[5.930603979590046,7.744768144434374],[5.937628268429876,7.648777007552894],[6.004125594720449,7.529235839562375],[6.043387889939197,7.577459812420443],[6.098731040904852,7.588197231117363],[6.121885776807176,7.64717864967497],[6.122308219848492,7.682329482819398],[6.085706033806446,7.738638568615102],[6.053830937148064,7.746957475607076],[6.05365792377421,7.790023919268492],[6.021849632354701,7.840744494662772],[6.037037328210204,7.87132722866869],[6.067137373590981,7.863108977397417],[6.054381847444347,7.93020725316228],[6.079594135061313,8.012351036571147],[6.027144908910486,8.15453720113095],[5.9575991632708,8.096120833809493],[5.907987594951578,7.999338149635946],[5.834894656962888,7.92397785169652]]]}},{"type":"Feature","properties":{"state_code":"30","state_name":"OYO","lga_code":"05","lga_name":"EGBEDA"},"geometry":{"type":"MultiPolygon","coordinates":[[[[3.953811155360597,7.417416257854086],[3.960236689072019,7.413546776362693],[3.958974253159283,7.41257261723257],[3.959502330568171,7.409649647013623],[3.966781852400629,7.409879563191339],[3.969524826909264,7.411962530646349],[3.969827949700175,7.414615141275817],[3.966539353808173,7.416807918650591],[3.963104343790462,7.42514551085668],[3.958007306591981,7.422590128631555],[3.953811155360597,7.417416257854086]]],[[[4.135321138659663,7.403114608252622],[4.137133068436412,7.45907972674803],[4.103474081064064,7.460799375291003],[4.093965927685474,7.433808847400428],[4.057008602964686,7.429790489439597],[4.054358360250149,7.471405043308152],[4.026023748797002,7.487072924975564],[4.011920833179943,7.479107591841966],[4.03155632406515,7.4446766632974],[4.008867885744394,7.416430441711555],[3.927938113353321,7.392627191191991],[3.954692144726721,7.35344173135087],[4.072711416099025,7.35977777262616],[4.102586227172708,7.344562024218078],[4.072424831840578,7.304135022413391],[4.090084521183769,7.293947858406966],[4.125745426410333,7.311768290774069],[4.110903143964947,7.326942646086309],[4.135321138659663,7.403114608252622]]]]}},{"type":"Feature","properties":{"state_code":"28","state_name":"ONDO","lga_code":"03","lga_name":"AKOKO SOUTH EAST"},"geometry":{"type":"Polygon","coordinates":[[[5.95044803584824,7.344475269318252],[5.987339973561006,7.361072063425013],[5.968483924193777,7.414854050673966],[5.986714840417619,7.450263977600514],[5.963303089066358,7.460363865100362],[5.951171874982094,7.501221656554264],[5.823482990447701,7.495887756814568],[5.846866130767353,7.394510746573758],[5.95044803584824,7.344475269318252]]]}},{"type":"Feature","properties":{"state_code":"20","state_name":"KATSINA","lga_code":"13","lga_name":"FASKARI"},"geometry":{"type":"Polygon","coordinates":[[[7.107757615221828,11.550932422893027],[7.135398647030001,11.57844751274257],[7.17665626807235,11.576295016002234],[7.170923357127265,11.598691060444139],[7.304365490774842,11.566163711586057],[7.341768477233472,11.594201574643023],[7.317770958762765,11.613723992868017],[7.336582631083616,11.672310564081329],[7.283769906156294,11.747706181994772],[7.302020770242393,11.775987720856676],[7.302908344444575,11.869233172672807],[7.246568182575629,11.932563021066642],[7.199764885840864,11.90051449734625],[7.140817764728126,11.911340510056561],[7.141816020293163,11.849309142403058],[7.074800000119978,11.817499999325548],[7.060018306799464,11.789875414318942],[7.01733764801412,11.81558492000812],[6.917399338109021,11.785866567588073],[6.902210167365354,11.79885044419268],[6.882548463940509,11.758396526578508],[6.852000002198395,11.620700001603836],[6.856800001419003,11.589000002947841],[6.904012680340998,11.553189277862941],[6.901128918764641,11.491805499424288],[7.003517659112731,11.535346929916955],[7.039759341120771,11.533422635246495],[7.073918777829363,11.562440055164473],[7.107757615221828,11.550932422893027]]]}},{"type":"Feature","properties":{"state_code":"18","state_name":"KADUNA","lga_code":"18","lga_name":"MAKARFI"},"geometry":{"type":"Polygon","coordinates":[[[7.841269785971917,11.199344796425237],[7.884928076169842,11.192415034426347],[7.989710828891702,11.233571411591413],[8.047942574390333,11.195614099211355],[8.063970632738574,11.228095344324743],[8.082110071722468,11.225552851183181],[8.082064146043535,11.25746671221907],[8.105534254402357,11.266109294208604],[8.103385205662732,11.286922464400277],[8.058721620006793,11.311650487779843],[8.063722584429797,11.374565537369676],[7.99636809271334,11.33639432214028],[7.973318503745986,11.348591884607856],[7.960463981127873,11.376141110923584],[7.978365859696737,11.410070579293858],[7.956485307550963,11.467413642625559],[7.893784674323285,11.427243269561302],[7.878918252275582,11.386228914233072],[7.806160354017152,11.377498849792119],[7.877501257976746,11.286950161720654],[7.81378757983299,11.289842590962849],[7.812707485961766,11.203132948626717],[7.841269785971917,11.199344796425237]]]}},{"type":"Feature","properties":{"state_code":"10","state_name":"DELTA","lga_code":"18","lga_name":"UDU"},"geometry":{"type":"Polygon","coordinates":[[[5.788486957607063,5.442311764176623],[5.841104031425971,5.408524990336105],[5.887676002745366,5.436312360726902],[5.890418052750988,5.483138083855522],[5.819568683148248,5.561960985710982],[5.785417841260426,5.551421034752991],[5.801012992955293,5.520910740238492],[5.76927873732393,5.522963277333417],[5.779039298025225,5.49064929802671],[5.743719031707997,5.482922978612635],[5.788486957607063,5.442311764176623]]]}},{"type":"Feature","properties":{"state_code":"19","state_name":"KANO","lga_code":"06","lga_name":"BUNKURE"},"geometry":{"type":"Polygon","coordinates":[[[8.471509887871093,11.717197636661638],[8.432913778947807,11.68493594483806],[8.470403358428314,11.554455570967889],[8.515023382722973,11.56792999267509],[8.514599425223366,11.594744536731014],[8.545044643895267,11.61843922199256],[8.56687108023624,11.587845190703035],[8.592636891579332,11.589358316233358],[8.592016737082815,11.630540164896729],[8.61621246972976,11.61795405483582],[8.646634065010119,11.636919593964137],[8.753183570065744,11.628484195988904],[8.768685360441054,11.679683196322515],[8.750669235596774,11.711150356903488],[8.767770070032782,11.75931329906956],[8.745403136645507,11.769402213041758],[8.706379975655409,11.77006846318909],[8.688246803147479,11.696658281254713],[8.700117701270926,11.676119788297626],[8.675050509373534,11.65864083840404],[8.64635451974533,11.737410110987867],[8.632234215736503,11.726854688093454],[8.618341819719262,11.752410627348638],[8.58476580289954,11.744479323661892],[8.567388638275077,11.78161323116575],[8.501732484766421,11.758839126124826],[8.502660434931158,11.739456095622359],[8.471509887871093,11.717197636661638]]]}},{"type":"Feature","properties":{"state_code":"20","state_name":"KATSINA","lga_code":"14","lga_name":"FUNTUA"},"geometry":{"type":"Polygon","coordinates":[[[7.289577098404436,11.28432877735122],[7.35778190810862,11.264257115273722],[7.389978621216471,11.370208433572373],[7.370494856752259,11.409103521210568],[7.388159736982345,11.420976673035057],[7.400784858734312,11.526875514093774],[7.339835524789692,11.513465802205076],[7.32499999895083,11.559099998266333],[7.170923357127265,11.598691060444139],[7.185193114071012,11.498611476938152],[7.233333654124863,11.484243879151734],[7.23692712378778,11.467788543006918],[7.24641579515287,11.50794158523604],[7.313701116413426,11.449628515843358],[7.320674142098028,11.412716245358467],[7.295016083925191,11.384228158302903],[7.308822526338588,11.374419893962965],[7.308339408736799,11.292940184342058],[7.289577098404436,11.28432877735122]]]}},{"type":"Feature","properties":{"state_code":"19","state_name":"KANO","lga_code":"08","lga_name":"DANBATA"},"geometry":{"type":"Polygon","coordinates":[[[8.732550981942325,12.268831753182894],[8.725051032679062,12.30549092296775],[8.755630468871118,12.343993654383667],[8.780027502167513,12.341198902307553],[8.795099048782106,12.382300603390206],[8.763844511315199,12.419931273909185],[8.709885424173024,12.415942697897265],[8.695567820598512,12.442824899749382],[8.687487108043626,12.482753999997158],[8.737576067081875,12.550970528766925],[8.69192202837894,12.572209768066386],[8.645744572554008,12.559826921875015],[8.640747477014486,12.592996530565472],[8.53197406904809,12.600740378665591],[8.548402108970208,12.486010019746686],[8.490463368889436,12.48357854971033],[8.48718235877891,12.504078932097116],[8.446021083905919,12.51442346936767],[8.443366008234761,12.48955585411943],[8.42509120779306,12.487832778260156],[8.445853280304675,12.445442297424108],[8.48414346414961,12.4449850659081],[8.494958244327563,12.408827662966303],[8.446516069860763,12.355281350254188],[8.502169477939105,12.385925917147404],[8.549253840692245,12.3867341342729],[8.538144280734002,12.36984246056113],[8.566316816368044,12.351793836016782],[8.597951273332626,12.259955262025755],[8.64708511098911,12.255315610127354],[8.67388057502859,12.305980566949643],[8.70413494766973,12.288363059407686],[8.70476758025967,12.265280866418891],[8.732550981942325,12.268831753182894]]]}},{"type":"Feature","properties":{"state_code":"35","state_name":"YOBE","lga_code":"09","lga_name":"JAKUSKO"},"geometry":{"type":"Polygon","coordinates":[[[11.225558775017475,12.347823119641305],[11.19114848861193,12.471053126800427],[11.196074339858967,12.519664965565767],[11.165692847147227,12.533189206117015],[11.139223558220692,12.508309224291338],[11.06812522479936,12.494120344278542],[11.08658130608245,12.528043635205677],[11.065174330630896,12.530556644073897],[11.046774010911918,12.491694427555842],[11.029502797216367,12.508419672729758],[11.028159389044617,12.578254613359775],[10.993404970762867,12.591197302813327],[10.998564439797121,12.62474100879058],[11.08459455169725,12.70794610013246],[11.063517676899323,12.750988218031864],[11.032754096424469,12.761872714554158],[11.046216773885078,12.787875365955415],[11.0187687788561,12.848379226120414],[10.926655525831904,12.839369452738083],[10.892201472120291,12.812560688624956],[10.871780030424134,12.836755446406755],[10.832044323087075,12.825917798267824],[10.825744173754686,12.806704854745306],[10.743951820220389,12.791106802736806],[10.707912605282559,12.754340127095247],[10.696499042097173,12.692996485399533],[10.663516231588858,12.70368682908395],[10.647584233425675,12.649583645368978],[10.588794794943908,12.642157220179627],[10.585722284555857,12.568009870259345],[10.602550010174866,12.562609212944892],[10.589715305017364,12.525692409876854],[10.651284642372389,12.529352396995591],[10.750508165719339,12.476171442857833],[10.799495321252095,12.128041829267033],[10.826686273852488,12.095884605390268],[10.821933541199996,11.988275328443706],[10.867175708392267,12.006084573244493],[10.916081586795826,12.086373564288635],[10.994657692198757,12.099493816786264],[11.066016929737543,12.178342441950178],[11.134099105189591,12.213272317063854],[11.142449438091148,12.26572122665334],[11.225558775017475,12.347823119641305]]]}},{"type":"Feature","properties":{"state_code":"19","state_name":"KANO","lga_code":"18","lga_name":"GWALE"},"geometry":{"type":"Polygon","coordinates":[[[8.508735955200223,12.000304458683843],[8.469041630167169,12.023931016703102],[8.445599998840919,11.958900000834433],[8.486548622720818,11.963438883697563],[8.472705485269955,11.938838459727208],[8.496864312438106,11.944342412272533],[8.510949271291906,11.959302623717178],[8.495986105574389,11.979735969739238],[8.51744522911406,11.981737685246003],[8.508735955200223,12.000304458683843]]]}},{"type":"Feature","properties":{"state_code":"17","state_name":"JIGAWA","lga_code":"02","lga_name":"BABURA"},"geometry":{"type":"Polygon","coordinates":[[[8.640747477014486,12.592996530565472],[8.645744572554008,12.559826921875015],[8.69192202837894,12.572209768066386],[8.737576067081875,12.550970528766925],[8.687487108043626,12.482753999997158],[8.695567820598512,12.442824899749382],[8.709885424173024,12.415942697897265],[8.763844511315199,12.419931273909185],[8.795099048782106,12.382300603390206],[8.877701839868053,12.427770231610964],[8.862281937261628,12.458137838790265],[8.947279408917609,12.579281033892642],[8.996171510606757,12.580550432356631],[9.039000000849398,12.628499999575354],[9.042762248978647,12.662099593921198],[9.012655296804553,12.690094117749368],[9.059618467818098,12.710008065719705],[9.086506939743515,12.774179288343532],[9.047338499572163,12.816157329297369],[8.982868786565291,12.80676876956312],[8.951332270268097,12.738121687665796],[8.864637001796268,12.669043435706044],[8.744812943062925,12.666652041258772],[8.701111221006101,12.687008151704902],[8.657713931153069,12.659410131772233],[8.640747477014486,12.592996530565472]]]}},{"type":"Feature","properties":{"state_code":"10","state_name":"DELTA","lga_code":"17","lga_name":"SAPELE"},"geometry":{"type":"Polygon","coordinates":[[[5.570749999812676,5.778253000075949],[5.598300999591515,5.781102000157205],[5.60143400017904,5.73243100039042],[5.639407000332824,5.697978999831037],[5.715658241334836,5.713963852050199],[5.779265750014417,5.838954334275172],[5.746145083328997,5.865012713965598],[5.725090277894083,5.859662007695533],[5.728018331081159,5.898490193867417],[5.69571330812272,5.891834821320003],[5.640660112973876,5.945772789682565],[5.610338737242955,5.913994663323081],[5.579268255026022,5.925531295133226],[5.57127380364318,5.99088382672727],[5.536596774721431,5.98990201976244],[5.494328499160929,6.041828156144561],[5.473677635014894,6.027351856403072],[5.469571557181666,5.931457001839192],[5.500151999715058,5.93138300022531],[5.548102999553862,5.886564000028613],[5.53825400042183,5.862534999890386],[5.570749999812676,5.778253000075949]]]}},{"type":"Feature","properties":{"state_code":"10","state_name":"DELTA","lga_code":"07","lga_name":"IKA NORTH- EAST"},"geometry":{"type":"Polygon","coordinates":[[[6.290318012266482,6.361868381820386],[6.246644019006339,6.312650203943804],[6.280618190876851,6.284582138055271],[6.28141498571307,6.258235931243291],[6.250969886650978,6.222614765259266],[6.235201913137814,6.263533500170922],[6.188336905823576,6.255596938148244],[6.164341504356969,6.182863891755233],[6.180230421396857,6.157042999634768],[6.224352986601104,6.157088276003208],[6.217027000395774,6.110950000042521],[6.245908000354007,6.085344000025657],[6.347649154185149,6.120736588023192],[6.34375190702491,6.155426979071876],[6.389819144637841,6.195337771820789],[6.371198177154213,6.254128933403592],[6.391353129943013,6.309774876209644],[6.3622894291139,6.384438991866034],[6.290318012266482,6.361868381820386]]]}},{"type":"Feature","properties":{"state_code":"19","state_name":"KANO","lga_code":"15","lga_name":"GARUN MALAM"},"geometry":{"type":"Polygon","coordinates":[[[8.37899063500987,11.757653396087392],[8.351264378048654,11.725023617146292],[8.331743353772822,11.727416070994934],[8.33576627039713,11.669909867046783],[8.390827087300295,11.58441039112671],[8.433974763124866,11.581676256054436],[8.441836710196071,11.557563793434383],[8.462622012196164,11.55685156634678],[8.445597689381884,11.597955200072477],[8.454230050576427,11.653146955567593],[8.432913778947807,11.68493594483806],[8.470440314269126,11.73322063632338],[8.425907605151906,11.724627246350394],[8.422879800962107,11.747692229013182],[8.37899063500987,11.757653396087392]]]}},{"type":"Feature","properties":{"state_code":"23","state_name":"KWARA","lga_code":"13","lga_name":"OFFA"},"geometry":{"type":"Polygon","coordinates":[[[4.650434493756904,8.162513732622699],[4.650574477730004,8.144354082275129],[4.684548415776817,8.124558939243684],[4.758401780018175,8.13772102460564],[4.693777084145154,8.217443465243775],[4.650434493756904,8.162513732622699]]]}},{"type":"Feature","properties":{"state_code":"24","state_name":"LAGOS","lga_code":"19","lga_name":"SOMOLU"},"geometry":{"type":"Polygon","coordinates":[[[3.399848308252899,6.523963336738632],[3.396775741207534,6.550221389305705],[3.366925915098932,6.558478963433458],[3.367503741204757,6.524388646818636],[3.399848308252899,6.523963336738632]]]}},{"type":"Feature","properties":{"state_code":"19","state_name":"KANO","lga_code":"29","lga_name":"MAKODA"},"geometry":{"type":"Polygon","coordinates":[[[8.51493073816306,12.257022304835573],[8.528504865906882,12.25208347727073],[8.545884563921561,12.281604352059276],[8.57518087080058,12.253800101393608],[8.600340853847399,12.267293901692256],[8.566316816368044,12.351793836016782],[8.538144280734002,12.36984246056113],[8.549253840692245,12.3867341342729],[8.502169477939105,12.385925917147404],[8.446516069860763,12.355281350254188],[8.494958244327563,12.408827662966303],[8.48414346414961,12.4449850659081],[8.445853280304675,12.445442297424108],[8.42509120779306,12.487832778260156],[8.443366008234761,12.48955585411943],[8.446021083905919,12.51442346936767],[8.48718235877891,12.504078932097116],[8.490463368889436,12.48357854971033],[8.548402108970208,12.486010019746686],[8.551526287208446,12.499592532769213],[8.548852564993922,12.552049592914443],[8.526283490091032,12.56649618355209],[8.53197406904809,12.600740378665591],[8.49243279873474,12.601892556796088],[8.458427349342742,12.586906936805747],[8.365613978602255,12.431705143277782],[8.435589459885705,12.35656628810375],[8.439419134685352,12.322302113651688],[8.474028162269917,12.301614530186441],[8.484199988338844,12.260501506639287],[8.51493073816306,12.257022304835573]]]}},{"type":"Feature","properties":{"state_code":"19","state_name":"KANO","lga_code":"33","lga_name":"RIMIN GADO"},"geometry":{"type":"Polygon","coordinates":[[[8.282085333671262,11.821290159713158],[8.34138879315833,11.856000468047228],[8.382939841400628,11.911789160241597],[8.4067805037173,11.905706529932445],[8.404515234690393,11.930841401209761],[8.336428550037624,11.959335463361015],[8.268899910002915,11.946778772822142],[8.295643043391806,12.027957635836287],[8.140269886745898,12.004069560361984],[8.217910475088388,11.908937854298586],[8.255422399124484,11.932073160348125],[8.288617267972597,11.876237252846977],[8.261598765770486,11.872223342932955],[8.282085333671262,11.821290159713158]]]}},{"type":"Feature","properties":{"state_code":"35","state_name":"YOBE","lga_code":"17","lga_name":"YUSUFARI"},"geometry":{"type":"Polygon","coordinates":[[[10.26093934197712,13.089039400148238],[10.431408242396515,13.154435270071701],[10.454251067332962,13.149438402060639],[10.393280569642627,13.09074785123238],[10.428442878136366,13.041931701786666],[10.469565102647437,13.029767228974492],[10.535932538955535,13.061669667721048],[10.58736538370556,13.029358443937099],[10.695807412182376,13.03647959965383],[10.717315875227484,13.04672037314674],[10.716665740031942,13.086519231777174],[10.750638242760772,13.083635766077805],[10.797760276315728,13.158143414986682],[10.923393041755503,13.18308515865317],[10.934852670914097,13.105202754303718],[10.889724420845369,13.079797792334318],[10.878174593282893,13.032066778359194],[10.90448799282666,13.019657275363045],[10.901149731874682,12.986759400426024],[10.930661015393582,12.935286537643663],[10.950203165643643,12.967738354241703],[10.991280675862527,12.967752975419558],[10.993628523337748,12.995367594139225],[11.109081038758973,12.960100845577585],[11.19386878491656,12.987420366157039],[11.206143566772255,12.965644531070325],[11.229481973914005,12.972523627963085],[11.258430745882265,12.950880155994469],[11.278105263746966,12.971089675148448],[11.31426140943654,12.96181967933478],[11.433736201164777,12.9834340078732],[11.444957223996767,13.020580816151778],[11.44591582575481,13.072160025564756],[11.393095282121635,13.088042409029981],[11.428069061238261,13.110695809763854],[11.426357564150294,13.143926450045683],[11.360621157840228,13.166159633560312],[11.323258165132245,13.245233166577407],[11.34714206235634,13.263368754664327],[11.320657125226205,13.347368300806465],[11.333578123931318,13.379416425227873],[11.10588547683335,13.360545909366294],[10.723446907049151,13.386315887268438],[10.463888168204448,13.318609237226553],[10.224446714944008,13.280438763937866],[10.178510692914188,13.164664668040075],[10.221525135976322,13.12613135967456],[10.213746805170956,13.0910473002927],[10.232620269010283,13.076782335836185],[10.26093934197712,13.089039400148238]]]}},{"type":"Feature","properties":{"state_code":"17","state_name":"JIGAWA","lga_code":"14","lga_name":"JAHUN"},"geometry":{"type":"Polygon","coordinates":[[[9.319290612971486,12.05688829725716],[9.336701183812636,12.026397938913817],[9.380414115019448,12.015722541961793],[9.40753250671986,11.94518647367687],[9.392039179864298,11.9076529740056],[9.459136166900635,11.914792632374144],[9.54072159002942,11.973642088911333],[9.581866309282816,11.979906352596117],[9.60054295739161,11.930849526584439],[9.774550439151483,11.949827451175963],[9.809998982067441,11.96445573994049],[9.822500001873664,12.023800000769484],[9.802532519959868,12.027489545905894],[9.782473127332992,12.124810646993808],[9.733919371282013,12.123775493144535],[9.72482826591181,12.146267729971783],[9.611322541702009,12.13794345042993],[9.531675189058774,12.20831820911809],[9.422015127795987,12.176444642206548],[9.395573258299294,12.19903802308636],[9.373988975211091,12.17832726589063],[9.34173038155194,12.182901473224433],[9.34894579521233,12.118522725743276],[9.31981888283525,12.100229216705031],[9.319290612971486,12.05688829725716]]]}},{"type":"Feature","properties":{"state_code":"20","state_name":"KATSINA","lga_code":"22","lga_name":"KURFI"},"geometry":{"type":"Polygon","coordinates":[[[7.412575502257653,12.863430296970705],[7.398120865385692,12.710427942995238],[7.369216348155987,12.680397789326548],[7.384999987859203,12.622462161799376],[7.358257757389651,12.570416872440774],[7.376784736726279,12.554060112784043],[7.398908042871938,12.576324950636035],[7.399117628076112,12.53105039436025],[7.443919131063069,12.511943845132407],[7.467973521760655,12.560555708179436],[7.526406832309533,12.563522452898951],[7.555841309229095,12.542947345843402],[7.615451385373206,12.566221250910075],[7.635986913265469,12.608699040628267],[7.569393005183088,12.646170640862408],[7.517568645976269,12.710249268389077],[7.514915208869866,12.80717824438051],[7.475358189628821,12.81362475118135],[7.487821065589742,12.85484028934792],[7.412575502257653,12.863430296970705]]]}},{"type":"Feature","properties":{"state_code":"12","state_name":"EDO","lga_code":"06","lga_name":"ESAN WEST"},"geometry":{"type":"Polygon","coordinates":[[[6.167360782973788,6.823766231726268],[6.012048329666754,6.773555012553857],[6.095049352245837,6.681514824049941],[6.072926044301539,6.549153805004153],[6.106042913149963,6.462922673042954],[6.129343032554971,6.487793921552282],[6.223113299938916,6.497727500124086],[6.207902907892958,6.592926979096831],[6.16987323875901,6.575015067691254],[6.135371208014874,6.588543892086989],[6.191454886833583,6.632493019437334],[6.170341014826022,6.713586806585909],[6.220541131867776,6.764137062975124],[6.209095000633795,6.788781166117985],[6.250658035040317,6.836287022228362],[6.167360782973788,6.823766231726268]]]}},{"type":"Feature","properties":{"state_code":"18","state_name":"KADUNA","lga_code":"09","lga_name":"KADUNA NORTH"},"geometry":{"type":"Polygon","coordinates":[[[7.440771322238788,10.487996150402068],[7.487297959633167,10.556923677785562],[7.451319721428035,10.618607684097412],[7.412737393715815,10.579607828138819],[7.427000966021808,10.549973926555538],[7.418520420281197,10.502191768135617],[7.440771322238788,10.487996150402068]]]}},{"type":"Feature","properties":{"state_code":"20","state_name":"KATSINA","lga_code":"10","lga_name":"DAURA"},"geometry":{"type":"Polygon","coordinates":[[[8.36599166418398,13.017105124402008],[8.371354358416966,13.082331456831298],[8.243054249653937,13.01596251325941],[8.246746010719846,12.988196847106849],[8.219186961109415,12.98113999921162],[8.199258974721943,13.00523204092599],[8.207459238652973,13.029480418086848],[8.172098054081971,13.012798948312877],[8.22136210008091,12.962514928121493],[8.250597690131372,12.879914139825758],[8.264028274385396,12.90069040273994],[8.343169376165804,12.920509617924552],[8.337539359354025,12.952944663965127],[8.36599166418398,13.017105124402008]]]}},{"type":"Feature","properties":{"state_code":"34","state_name":"TARABA","lga_code":"05","lga_name":"GASSOL"},"geometry":{"type":"MultiPolygon","coordinates":[[[[10.342407227311753,7.959485531332234],[10.359503224294428,7.964359649977894],[10.357029712751114,7.987761134668688],[10.328226622860427,8.004654770701165],[10.342407227311753,7.959485531332234]]],[[[10.89166641237506,8.82502269843883],[10.841265678168554,8.769122125185959],[10.764567375184242,8.72587966891166],[10.673767090079195,8.726984977974382],[10.661173905951046,8.744569671053512],[10.590375032381871,8.756956946405978],[10.543786000023943,8.719173999980171],[10.274466515217568,8.662311554134988],[10.231396674816722,8.596360207157886],[10.105046271967922,8.481679916195219],[10.057686805701564,8.392797470426956],[9.973266601672378,8.296087265315066],[10.032835006830169,8.237130165324913],[10.274650574064765,8.250283241278623],[10.312138133667986,8.224745246196221],[10.331658908831628,8.14532705519946],[10.47926103896583,8.173644628996499],[10.567976080431833,8.147141907772891],[10.608902809417145,8.226615906199186],[10.653707198328561,8.209256210905437],[10.682637214935596,8.220463752899946],[11.071396828001241,8.540719031658057],[11.110397338666303,8.631417274287799],[11.032365547032441,8.67731185196044],[11.032224607080025,8.724288486724333],[10.997579655176992,8.76312129091491],[10.89166641237506,8.82502269843883]]]]}},{"type":"Feature","properties":{"state_code":"17","state_name":"JIGAWA","lga_code":"01","lga_name":"AUYO"},"geometry":{"type":"Polygon","coordinates":[[[9.859733951760518,12.223038749438786],[9.95649218426695,12.279208177715304],[9.957933085243724,12.316204673307084],[10.017146949771984,12.373838195176631],[10.101642165353724,12.38653039825931],[10.194995491748614,12.328129204299387],[10.254056937377811,12.391029850347365],[10.225000978812147,12.433852896094322],[10.106912994738991,12.416879752798422],[10.023815168235501,12.439847710303638],[10.021156817233361,12.423337582963143],[9.999171441908572,12.426558151437575],[9.990817000004597,12.405324881837885],[9.964648462356706,12.41430817558188],[9.958693633804216,12.384526091805753],[9.928573130645532,12.371089976721123],[9.918632815252295,12.384000274393202],[9.919830720311552,12.365111912384918],[9.82517169791555,12.31633727024888],[9.828747269271105,12.269857658404248],[9.859733951760518,12.223038749438786]]]}},{"type":"Feature","properties":{"state_code":"19","state_name":"KANO","lga_code":"44","lga_name":"WUDIL"},"geometry":{"type":"Polygon","coordinates":[[[8.86390595999211,11.911813174838187],[8.87225955563406,11.866778558583633],[8.85280044968107,11.82541576182797],[8.831920337553584,11.795766641017735],[8.8109874559064,11.798906893738206],[8.75844136377799,11.759019182089617],[8.756278478069362,11.726230978576837],[8.79051539856681,11.722077659356557],[8.788204490744704,11.704970705034043],[8.824255429244715,11.69038799301154],[8.820059456079093,11.713667688812848],[8.86885293271672,11.727497274379743],[8.880725496384628,11.691429432222549],[8.904853278056407,11.692222653152953],[8.911915754808263,11.655214960102398],[8.898163908437652,11.624032371996407],[8.859721449585265,11.613229692196569],[8.889345641188413,11.603556686791705],[8.95072986119419,11.626461347313352],[8.93516687375228,11.634952151620553],[8.961052482885805,11.656885172912439],[8.945317686262285,11.708999612042533],[8.918175950859506,11.707463930615972],[8.899449206016072,11.734742848603616],[8.883164438887775,11.792671687148697],[8.903415829576943,11.823615656337495],[8.92902283773384,11.821685715723277],[8.909012418588304,11.840308953095757],[8.956143465148841,11.862599683328767],[8.948309608401757,11.888436256028456],[8.902725544148609,11.883824594629402],[8.90502919983777,11.920777658362283],[8.86390595999211,11.911813174838187]]]}},{"type":"Feature","properties":{"state_code":"18","state_name":"KADUNA","lga_code":"05","lga_name":"IKARA"},"geometry":{"type":"Polygon","coordinates":[[[8.264405349327433,11.313230860116164],[8.206780772114996,11.318701683436018],[8.122913757264143,11.386672797111942],[8.113721870268137,11.408484264237472],[8.143324521309637,11.420267574688864],[8.16170309002564,11.497152818847553],[8.150081420121467,11.519170437565663],[8.101531468202722,11.523989174161102],[8.0511516063616,11.487956784178323],[7.995718253394728,11.491590777292572],[7.956485307550963,11.467413642625559],[7.978365859696737,11.410070579293858],[7.960463981127873,11.376141110923584],[7.973318503745986,11.348591884607856],[7.99636809271334,11.33639432214028],[8.063722584429797,11.374565537369676],[8.064892578130014,11.29688946717522],[8.106584375668433,11.281030068582822],[8.047942574390333,11.195614099211355],[8.070599219878147,11.170876532226202],[8.114182509315413,11.16287238255444],[8.150765737648726,11.119779220035014],[8.213167323812968,11.140346233192133],[8.22752063676802,11.132826724573704],[8.22250529578281,11.104222582706086],[8.288835775350776,11.10540556981124],[8.310732759909001,11.127387128413318],[8.302194730402562,11.161709075313638],[8.319467515213717,11.184736317926763],[8.401663694923627,11.15387398829398],[8.411574939731736,11.108468304568646],[8.506047334816685,11.132235616380626],[8.518701660253441,11.162322834731071],[8.4646532902172,11.169598067696711],[8.433814344756229,11.226583402302197],[8.297907885240761,11.234223938983632],[8.286115695782769,11.268240543566264],[8.257274956673939,11.279668045344067],[8.264405349327433,11.313230860116164]]]}},{"type":"Feature","properties":{"state_code":"28","state_name":"ONDO","lga_code":"09","lga_name":"IFEDORE"},"geometry":{"type":"Polygon","coordinates":[[[5.192399979175718,7.436892032741184],[5.070805549236752,7.460226059285276],[5.008897818579499,7.425555032438865],[5.006279945163385,7.392001629071956],[5.042684078007824,7.348343372148975],[5.036707401325543,7.255974292579594],[5.083097457781491,7.250690937436843],[5.082979678969082,7.271927834002383],[5.135239777693641,7.284727953032643],[5.22050193781422,7.256875142573847],[5.192399979175718,7.436892032741184]]]}},{"type":"Feature","properties":{"state_code":"26","state_name":"NIGER","lga_code":"13","lga_name":"LAVUN"},"geometry":{"type":"MultiPolygon","coordinates":[[[[6.127210834412551,8.75333048601317],[6.126290202031271,8.927385373736058],[6.098015385601627,8.912712028937051],[6.026128803601466,8.931882204300337],[5.978730678178295,8.91728219291889],[5.87971105182362,8.926991399633437],[5.838103790557511,8.967737244378384],[5.801509274833222,8.810333235090752],[5.760780333745458,8.773600579003585],[5.795752048018642,8.74188137082865],[6.127210834412551,8.75333048601317]]],[[[5.507071257632504,9.140750411402394],[5.677220479641448,9.200528242584369],[5.830348761186428,9.171737745000996],[5.861834758967007,9.36916250804336],[5.895841139157312,9.418870642865897],[5.912274836714403,9.501861572353732],[5.881565094153814,9.487700461607062],[5.820657253129752,9.509348869055088],[5.790570736250515,9.482563972049718],[5.742137909337089,9.526593208309976],[5.692536133735643,9.625025959580398],[5.562993940717831,9.711308060618535],[5.530610451011569,9.689430559872505],[5.484077452712313,9.79179915360811],[5.430042470883393,9.808532182414353],[5.355740321558642,9.689995022052699],[5.292052098725435,9.671087058421051],[5.256274830219297,9.590064261956172],[5.217159888917763,9.568784724935142],[5.167880282848841,9.576214363402187],[5.128945364237211,9.536153118571633],[5.22102665265794,9.508577483663998],[5.329684728867164,9.517046609813235],[5.350448240294099,9.436625691822258],[5.411129791206974,9.355441648713168],[5.441339178860062,9.263222958272934],[5.507367677776131,9.235214707193052],[5.466391411434529,9.178280046686837],[5.507071257632504,9.140750411402394]]]]}},{"type":"Feature","properties":{"state_code":"33","state_name":"SOKOTO","lga_code":"03","lga_name":"DANGE/SHUNI"},"geometry":{"type":"Polygon","coordinates":[[[5.588209408337548,12.804081079078571],[5.542186384094407,12.866398388874586],[5.558915275119887,12.926364224229587],[5.540179514572969,12.981005427358639],[5.448343509045742,12.964149499899577],[5.398252505848518,12.998311312617034],[5.349799234647037,12.968673207602478],[5.283821899061422,13.029986340697121],[5.200032306845515,12.957627913197712],[5.236203071014984,12.931558337847036],[5.275250562263693,12.81297186585897],[5.383197290922283,12.726526224905399],[5.374026708865586,12.620816833230322],[5.448573832616319,12.600873408181315],[5.496452409151402,12.670724686794927],[5.488344014564689,12.692220591706985],[5.532520519306559,12.784173057640544],[5.575800001568894,12.750999998251359],[5.576505579968568,12.67930243575887],[5.637302422169114,12.692163025203513],[5.674533037369827,12.734807395444989],[5.588209408337548,12.804081079078571]]]}},{"type":"Feature","properties":{"state_code":"27","state_name":"OGUN","lga_code":"04","lga_name":"EGBADO NORTH"},"geometry":{"type":"Polygon","coordinates":[[[2.735803018894273,7.317665124745758],[2.749722001569182,7.094165796914069],[2.703114302882796,6.964329984241431],[2.73907178743309,6.879532439970205],[2.769725413197307,6.852850713189923],[2.791812797722457,6.861037136554671],[2.826723751100303,6.816133868982888],[2.837402457557403,6.860942284159137],[2.910153789865547,6.873535363066594],[2.910132559570002,6.943151879056018],[2.974841232337042,6.938734625003008],[2.990461831248581,6.965931511330211],[3.027409088059017,6.937613825117978],[3.051712000108751,6.945024401554917],[3.045126348402277,7.010585772815205],[3.13015883156487,7.042152239234497],[3.145046878710559,7.113971851419876],[3.095248092225745,7.16796062338409],[3.084141250018718,7.273324500025694],[3.052238536079642,7.287931375032997],[3.043909435272269,7.316262581652893],[3.021432915896412,7.302184949575803],[2.994845227625206,7.341519982860973],[2.924838557853207,7.36688686393768],[2.912735720077478,7.354580914277847],[2.954019008670343,7.30194733070482],[2.937672761189049,7.260835053594917],[2.873569231434942,7.266055545227289],[2.841720564952141,7.334197504011627],[2.801748718128863,7.359112376834787],[2.780580500989402,7.36099892066369],[2.761896421782467,7.321844402896943],[2.735803018894273,7.317665124745758]]]}},{"type":"Feature","properties":{"state_code":"36","state_name":"ZAMFARA","lga_code":"13","lga_name":"TSAFE"},"geometry":{"type":"Polygon","coordinates":[[[7.117235417380641,12.093964401735775],[7.000232357437369,12.096907782068513],[6.966820941733147,12.066700551889028],[6.885783183247383,12.10515418571714],[6.869720396678986,12.09459724566642],[6.877991652193032,12.078886278379116],[6.826923639014751,12.077423979832872],[6.785412410054732,11.985133361615397],[6.745277356964493,11.999550920338777],[6.739822094613999,11.949672988117982],[6.664810596032225,11.895391857348386],[6.703974612438458,11.826438144404904],[6.681882366178286,11.714657398120494],[6.722557268802973,11.671468005444126],[6.713660717368271,11.594041823571331],[6.79213571469154,11.541955948708107],[6.824776173081943,11.54612350509575],[6.854398006662734,11.595221182811372],[6.902210167365354,11.79885044419268],[6.917399338109021,11.785866567588073],[7.01733764801412,11.81558492000812],[7.060018306799464,11.789875414318942],[7.074800000119978,11.817499999325548],[7.141816020293163,11.849309142403058],[7.140817764728126,11.911340510056561],[7.199764885840864,11.90051449734625],[7.246568182575629,11.932563021066642],[7.22032180141008,11.949761493997812],[7.210800652827913,11.985461921730348],[7.153866549002089,12.025592539364254],[7.136398515079463,12.085571253010983],[7.117235417380641,12.093964401735775]]]}},{"type":"Feature","properties":{"state_code":"23","state_name":"KWARA","lga_code":"04","lga_name":"EKITI"},"geometry":{"type":"Polygon","coordinates":[[[5.365753315663028,8.091933445572124],[5.497963905110169,8.11066436776639],[5.532742500765835,8.146844864399043],[5.537089825335215,8.205533981707958],[5.494920730607305,8.214663506115983],[5.224701993901931,8.14486237909557],[5.162611485032073,8.049506186961025],[5.195789336908433,8.018210411081668],[5.332399368436143,8.009554862666846],[5.360624312961704,8.038532257357815],[5.365753315663028,8.091933445572124]]]}},{"type":"Feature","properties":{"state_code":"21","state_name":"KEBBI","lga_code":"21","lga_name":"ZURU"},"geometry":{"type":"Polygon","coordinates":[[[5.413778255062482,11.401884017433531],[5.406015839559416,11.451634043576291],[5.508738192413716,11.488194312217786],[5.515199112648986,11.57397526694507],[5.497211585346463,11.612915389933335],[5.514074767636487,11.664809060789594],[5.443629565052447,11.66380081105865],[5.369355004230101,11.551254131073335],[5.306579789325838,11.57378400362893],[5.269066292375555,11.532665593142667],[5.153133590243044,11.552731394338423],[5.139615450692531,11.50494867384225],[5.163237092118152,11.468727827327427],[5.132970402362218,11.452875660183622],[5.12317620521776,11.413416102271356],[5.144118682631131,11.41140710675262],[5.120683672113842,11.352547443809556],[5.010513799572266,11.332279984933393],[4.988264324838781,11.313025263405223],[5.011866568787184,11.252014160425233],[5.058451653121324,11.270487784783484],[5.052829266157744,11.205430031171034],[5.071302413875344,11.237557411045714],[5.233390218284001,11.218191828290287],[5.249651102116729,11.309372012208655],[5.333141327110582,11.35642910032277],[5.344382689909253,11.390849834152561],[5.413778255062482,11.401884017433531]]]}},{"type":"Feature","properties":{"state_code":"22","state_name":"KOGI","lga_code":"21","lga_name":"YAGBA WEST"},"geometry":{"type":"Polygon","coordinates":[[[5.324504852417078,8.333780289428887],[5.353197575707611,8.309869765976941],[5.356675147939768,8.274656296850651],[5.418407439751604,8.283785820359356],[5.422319889051664,8.22813987665404],[5.457533359976651,8.206403732246486],[5.537089825335215,8.205533981707958],[5.532742500765835,8.146844864399043],[5.497963905110169,8.114674567976977],[5.513937950176285,8.1112461104197],[5.505934715115075,8.018686295436225],[5.576571940942358,8.071229935113479],[5.643636226830438,8.073967934572579],[5.637158393944787,8.167691231265337],[5.70140933966934,8.292939185794864],[5.688176632345744,8.452851294551635],[5.513207436274229,8.538522719947593],[5.396627426414625,8.438260077640507],[5.324504852417078,8.333780289428887]]]}},{"type":"Feature","properties":{"state_code":"22","state_name":"KOGI","lga_code":"11","lga_name":"KOGI . K. K."},"geometry":{"type":"Polygon","coordinates":[[[6.963587761166309,7.879294872160642],[6.952556610399313,7.91790342320445],[7.002655506046835,8.167018890009842],[6.934631347658637,8.31042194431734],[6.980814908980904,8.443727660703019],[6.827889919184486,8.457550048995586],[6.836731433908597,8.391315459640794],[6.807315349923499,8.34259509968416],[6.772384167195582,8.335241318132375],[6.751241206616442,8.304905891393844],[6.761353016428586,8.272732735127647],[6.719986915563766,8.274571418835933],[6.712633133112661,8.20195102691838],[6.691258429832715,8.183006287310377],[6.779278278269999,8.044759749562843],[6.792148112745281,7.91514539674273],[6.769437789422511,7.800436019906442],[6.849600791743171,7.849878788175602],[6.963587761166309,7.879294872160642]]]}},{"type":"Feature","properties":{"state_code":"22","state_name":"KOGI","lga_code":"18","lga_name":"OLAMABORO"},"geometry":{"type":"Polygon","coordinates":[[[7.76869506882241,7.301886573406705],[7.629448116237597,7.347226749614833],[7.62551493756439,7.319617469270838],[7.552655036400836,7.291162022209619],[7.386684544855882,7.308836696056744],[7.355492439224747,7.297579903589735],[7.284708023156782,7.112540244936383],[7.367204077306383,7.088858070143885],[7.366837025308541,7.039865971937104],[7.386762054725068,7.086116196405385],[7.431851734669863,7.101550166207232],[7.470391429121207,7.093908550339393],[7.530513762700025,7.032278060883868],[7.607784271027356,7.017608643424182],[7.601947784262904,7.09056615790189],[7.643081219722546,7.158281663567948],[7.691022244281214,7.191829895833052],[7.718049202808515,7.183600029817569],[7.789968967094183,7.216886044055741],[7.801155285088385,7.292601656041654],[7.76869506882241,7.301886573406705]]]}},{"type":"Feature","properties":{"state_code":"28","state_name":"ONDO","lga_code":"13","lga_name":"ODIGBO"},"geometry":{"type":"Polygon","coordinates":[[[4.867969989923154,6.586525916837616],[4.881743418224232,6.646472400580876],[4.927180032332672,6.662762151751963],[5.008956405813535,6.647226578343975],[5.07850581708982,6.714952243651169],[5.002203939760079,6.79133272082845],[4.988069056841539,6.898733615863705],[4.902055264039234,6.959752560032655],[4.683737755193306,6.868977070135713],[4.547405624070336,6.844997621742891],[4.421871776861053,6.762031765353754],[4.376120088871062,6.663210390946858],[4.390223502712502,6.628200530130414],[4.454317092260055,6.607318399924281],[4.496610640568633,6.505059718631173],[4.528610228579225,6.586492537600577],[4.638102530307549,6.738530635780251],[4.713235377111005,6.733406544276647],[4.811422348162864,6.584365845107698],[4.867969989923154,6.586525916837616]]]}},{"type":"Feature","properties":{"state_code":"24","state_name":"LAGOS","lga_code":"01","lga_name":"AGEGE"},"geometry":{"type":"Polygon","coordinates":[[[3.315837909991615,6.605385264018764],[3.333082450694576,6.601756581401162],[3.33667874422872,6.62653436516888],[3.306024227236321,6.64782754490534],[3.298327080030788,6.622656364399745],[3.315837909991615,6.605385264018764]]]}},{"type":"Feature","properties":{"state_code":"19","state_name":"KANO","lga_code":"23","lga_name":"KIBIYA"},"geometry":{"type":"Polygon","coordinates":[[[8.771663690227172,11.470400329811412],[8.757124978435058,11.625745325086712],[8.670750656417681,11.63754758335432],[8.638590572696842,11.597739564229528],[8.64484558055915,11.543959759635243],[8.615062732359263,11.547590310144756],[8.602767098822596,11.5113310733704],[8.63890047277863,11.456176631646258],[8.603731574952292,11.466729855698304],[8.562936878134451,11.409191300438238],[8.61464925825669,11.349573151979428],[8.671667092562302,11.38803483204191],[8.67161890868573,11.407077949387883],[8.716958503032515,11.407762438685666],[8.744885870886264,11.467807760619678],[8.771663690227172,11.470400329811412]]]}},{"type":"Feature","properties":{"state_code":"23","state_name":"KWARA","lga_code":"10","lga_name":"ISIN"},"geometry":{"type":"Polygon","coordinates":[[[4.907160759361602,8.369863509993024],[4.938187890658696,8.293854963635738],[4.925987867646029,8.226712934954037],[5.011931894641293,8.150322914171227],[5.081054209783986,8.14858341219474],[5.122628071128645,8.207794773909711],[5.184814531365589,8.181533349784331],[5.23989657316838,8.25506782522001],[5.175826072815084,8.25205040010593],[5.177999973420071,8.292480468598797],[5.134526730424341,8.364212036256504],[4.997585296923944,8.346387862709719],[4.907160759361602,8.369863509993024]]]}},{"type":"Feature","properties":{"state_code":"18","state_name":"KADUNA","lga_code":"19","lga_name":"SABON GARI"},"geometry":{"type":"Polygon","coordinates":[[[7.624737440380613,11.216336565580093],[7.602175907192418,11.179865543859819],[7.645653194439433,11.130755383554174],[7.740769508605979,11.084135831803223],[7.748749801062502,11.13268965440409],[7.812604590029878,11.153467401199634],[7.756193036379557,11.1986808539383],[7.762549931134458,11.229507543438444],[7.746060928868815,11.244778795305194],[7.714239932726741,11.236403159977897],[7.724780840563369,11.198510396437712],[7.624737440380613,11.216336565580093]]]}},{"type":"Feature","properties":{"state_code":"17","state_name":"JIGAWA","lga_code":"21","lga_name":"MALAM MADORI"},"geometry":{"type":"Polygon","coordinates":[[[9.853067989696001,12.625286892775932],[9.856122926431965,12.589183299869433],[9.822439448721639,12.576822338680017],[9.826526165949872,12.527361014699125],[9.783756652347677,12.512171196443603],[9.801725239028599,12.491913761411013],[9.742175833847682,12.442713227333627],[9.790009057571979,12.402877617008471],[9.892247022082472,12.439141169629352],[9.936797427159604,12.415946085643384],[9.891087803159621,12.383235955874738],[9.896614165911103,12.34995566222409],[9.918632815252295,12.384000274393202],[9.936470579353795,12.3715138182082],[9.964695047238706,12.389900284770363],[9.964648462356706,12.41430817558188],[9.990817000004597,12.405324881837885],[9.999171441908572,12.426558151437575],[10.021156817233361,12.423337582963143],[10.023569726162009,12.455954992628847],[10.062048478054862,12.484691899611505],[10.06274314857751,12.557088425090797],[10.102946155340817,12.581064762728658],[10.122454482088699,12.553837463128446],[10.17706934587369,12.575685806055162],[10.180090665951525,12.605688882036304],[10.151546001646693,12.639602668028772],[10.188381075226516,12.69538705426919],[10.104536706204101,12.674168893279841],[10.084918487698076,12.687028563617389],[10.050851352008351,12.652636253760136],[9.970615760908686,12.629628399630974],[9.904176897745685,12.64272108071333],[9.890243682400069,12.620061409006894],[9.853067989696001,12.625286892775932]]]}},{"type":"Feature","properties":{"state_code":"22","state_name":"KOGI","lga_code":"12","lga_name":"LOKOJA"},"geometry":{"type":"Polygon","coordinates":[[[6.113124846734365,8.441468239068001],[6.214860439157974,8.463935851558347],[6.300350665550809,8.428085326976316],[6.395952225115138,8.328806876636122],[6.496150493950211,8.163342475874629],[6.447430133993521,8.063144683680264],[6.463976860144044,8.006151199418355],[6.418008550654122,8.020336508223352],[6.387679099910599,8.001554489248349],[6.286561965862063,8.095317840845723],[6.229568480700891,8.095317840845723],[6.22037601544082,8.068659783322403],[6.248872756672426,7.996958733258964],[6.327008723973506,7.916064738596845],[6.315334797163189,7.833265781090972],[6.344474316236756,7.807593346355873],[6.386759758056428,7.811270713772444],[6.525854219796429,7.899602926433943],[6.557437840783791,7.901907635229236],[6.660695552857533,7.844363689432782],[6.714931009758345,7.780935287033913],[6.742134569055168,7.784154627034468],[6.757874296661498,7.75041180486096],[6.792148112745281,7.91514539674273],[6.761812686906012,8.08888340024879],[6.720417430919724,8.125863495803742],[6.683676719604989,8.212981224404018],[6.608298302124979,8.314098357553235],[6.452945709377047,8.448308945701342],[6.39825057930085,8.62940025411848],[6.358722687302247,8.684555053772783],[6.30264902063584,8.727760314986597],[6.208536148424571,8.732375145596563],[6.12513923618684,8.555635452414265],[6.113124846734365,8.441468239068001]]]}},{"type":"Feature","properties":{"state_code":"29","state_name":"OSUN","lga_code":"08","lga_name":"EDE SOUTH"},"geometry":{"type":"Polygon","coordinates":[[[4.508807987198907,7.599144888825606],[4.539893427839445,7.657129932300563],[4.441579379884502,7.725438217999397],[4.399176229399529,7.732773122781452],[4.38955462744417,7.701470725193872],[4.337130368271914,7.668445054795484],[4.32956207143252,7.63514709036599],[4.371316764856886,7.596795426168057],[4.486045440244936,7.622187804823398],[4.508807987198907,7.599144888825606]]]}},{"type":"Feature","properties":{"state_code":"18","state_name":"KADUNA","lga_code":"03","lga_name":"GIWA"},"geometry":{"type":"Polygon","coordinates":[[[7.618667561558766,11.277690311159006],[7.521725197360013,11.340404114958005],[7.520295247427782,11.361600846002318],[7.489499212218902,11.352181935947613],[7.467637231073411,11.377682532722758],[7.397914129233698,11.37804232269508],[7.35778190810862,11.264257115273722],[7.289577098404436,11.28432877735122],[7.194785908043286,11.257561206684386],[7.219711441429922,11.194185952419843],[7.200276174705721,11.151728553030352],[7.161554182279758,11.13086660720819],[7.113710798014949,10.903970977078984],[7.096597857804966,10.88599951526544],[7.04145616127289,10.939443921299983],[6.997485410623256,10.93384321069567],[6.952670023003179,10.89429199927639],[6.996009112330739,10.796133819120485],[7.129203435090517,10.714374335807008],[7.188184392295909,10.726181109570575],[7.215653319944806,10.85209551389687],[7.258022202662573,10.916028682377828],[7.309714767122841,10.941955056880431],[7.35321928224414,11.01097300210239],[7.408574609130937,11.000290059838449],[7.42598257283754,11.014609482741491],[7.451741142839523,10.972026402196775],[7.523109727032306,10.970596141099065],[7.495432281674482,11.029941999123992],[7.513531536251435,11.06137761868223],[7.59983127569285,11.06769647930912],[7.614041989446321,11.08586719941178],[7.640474298250297,11.073757076228162],[7.649429774164787,11.140009979377112],[7.60151710792826,11.184438909428195],[7.624737440380613,11.216336565580093],[7.618667561558766,11.277690311159006]]]}},{"type":"Feature","properties":{"state_code":"13","state_name":"EKITI","lga_code":"11","lga_name":"IKOLE"},"geometry":{"type":"Polygon","coordinates":[[[5.643636226830438,8.073967934572579],[5.576571940942358,8.071229935113479],[5.508718490965634,8.017642974843454],[5.513937950176285,8.1112461104197],[5.365753315663028,8.091933445572124],[5.419099015707047,8.027280115285123],[5.42089292576793,7.915213330630763],[5.445495842659057,7.873666730435332],[5.398242187926655,7.838182083336505],[5.419913322142179,7.782564039299018],[5.401253000325767,7.720521000243991],[5.436180422988173,7.729757510700608],[5.443691054398698,7.67232341259546],[5.489440000355785,7.650255000168158],[5.556861714596494,7.680769909104072],[5.566633949397271,7.721105038866483],[5.614155958230924,7.746385149754929],[5.658213346868536,7.827865851327999],[5.623199463384594,7.842963219277181],[5.59884166840834,7.951876639994964],[5.645469665692588,7.963011741598621],[5.668087482051703,8.002331734621919],[5.639902114890731,8.053831100424986],[5.659736156298607,8.06983757144684],[5.643636226830438,8.073967934572579]]]}},{"type":"Feature","properties":{"state_code":"19","state_name":"KANO","lga_code":"26","lga_name":"KUNCHI"},"geometry":{"type":"Polygon","coordinates":[[[8.433506669597193,12.357473044845165],[8.373327906257941,12.410488033595925],[8.35467942401624,12.479670207614049],[8.311143807640633,12.507679212325854],[8.278800273913532,12.604603956107724],[8.179865977932593,12.564088130063226],[8.174343142322186,12.519545844964796],[8.190386523319432,12.505182900270654],[8.164964011080315,12.45141351162431],[8.108160369205734,12.416365816329403],[8.11906083139229,12.406135408422415],[8.151632880153329,12.427575885418833],[8.159651143785311,12.401062518920185],[8.1844815792615,12.400025930652248],[8.193759567350185,12.343491999056539],[8.234616689708503,12.38096438529817],[8.257818209242998,12.346979924284142],[8.332732849041804,12.337551171149698],[8.368715266396464,12.390452496385649],[8.384276962411946,12.375428839569338],[8.36013415216945,12.35675082359171],[8.433506669597193,12.357473044845165]]]}},{"type":"Feature","properties":{"state_code":"17","state_name":"JIGAWA","lga_code":"10","lga_name":"GURI"},"geometry":{"type":"Polygon","coordinates":[[[10.325251021617419,12.811462194624653],[10.362822863884105,12.805908977217598],[10.351432558066165,12.774253022858773],[10.372595051920143,12.728071804270428],[10.357784697206057,12.664037075350791],[10.375753284786299,12.655549484321284],[10.320319056779113,12.588231655266725],[10.310517639877219,12.529549599434517],[10.356220919160137,12.48376737226647],[10.33557130417239,12.475914330282194],[10.363172054446807,12.452084535373046],[10.393866037287864,12.465170574962087],[10.451978731433371,12.439292699098814],[10.601678064391194,12.485110626654148],[10.581006034700806,12.64781312667452],[10.600145113306382,12.695164374935985],[10.558079488277826,12.809467985759],[10.537698451322512,12.823605224901257],[10.49506464991373,12.815870398799916],[10.475218500933124,12.790039292179642],[10.385395140373475,12.841130544738917],[10.331009735011321,12.847262016329012],[10.325251021617419,12.811462194624653]]]}},{"type":"Feature","properties":{"state_code":"36","state_name":"ZAMFARA","lga_code":"10","lga_name":"MARU"},"geometry":{"type":"Polygon","coordinates":[[[6.283395782089713,12.408390464748209],[6.2438598420581,12.362564954109416],[6.238906726963933,12.321349776570969],[6.207044508597221,12.299177808109391],[6.175099998666042,12.187700000254836],[6.146741039867152,12.17938131809342],[6.114377513311638,12.132286238119434],[6.170699999005819,12.100400000659533],[6.15839999926061,12.050500001773685],[6.183600001239142,12.051199999880112],[6.240761126324969,11.90282445278632],[6.265015393145916,11.879761435142143],[6.305480366126062,11.88011031903602],[6.328959161935813,11.849061828840377],[6.27616851356612,11.829083326634247],[6.283625126298602,11.781811715138588],[6.244269687396184,11.689402118413057],[6.257587247553488,11.655728185207636],[6.213384709237005,11.634220776167922],[6.179836215269177,11.64221722404568],[6.156829610298303,11.611719154015816],[6.057732703401598,11.672297928606554],[5.991604499348227,11.671788639833892],[5.972946260361653,11.633884164422682],[5.932017810973264,11.642078493727524],[5.880798662228528,11.614770115748286],[5.819493435973357,11.648439852717104],[5.829898458946786,11.594369025710023],[5.815895529055467,11.542371912134115],[5.835453048719273,11.435351531947674],[5.933799054982444,11.436640112051577],[5.967953207274718,11.46691018865431],[6.009543367032791,11.462646689892892],[6.079570357885757,11.388411993318869],[6.200881533755819,11.390011927708372],[6.174735030397358,11.35938916577743],[6.190564498652748,11.334081656143553],[6.135723549802037,11.29537450702793],[6.108666624065506,11.238398562243901],[6.105919500984214,11.183345423752371],[6.046835324090978,11.162614907551983],[6.059071077168539,11.229763896086979],[6.014041581653714,11.129651230120203],[6.046399999160656,11.054400001059264],[6.119951564413213,11.059721368746239],[6.280232282793691,10.963637651156716],[6.328605429796824,11.027146694864143],[6.364804655710316,11.017663432921154],[6.403724107781386,11.03292059960603],[6.437006005822582,11.007609595206702],[6.510769296665785,11.043658428393826],[6.577289365911554,11.021567448379074],[6.60319645625151,11.045969176136623],[6.676782100413675,11.057306189928795],[6.687418519848848,11.091662970269908],[6.715999997901633,11.106221807090776],[6.690875429257687,11.120890682259244],[6.68498395434608,11.151544340399028],[6.703353393144653,11.239022843729288],[6.764295775329799,11.267264479672065],[6.773998257813389,11.322402870296287],[6.835676843911244,11.310018462881828],[6.832882401201914,11.35196799172951],[6.889442272842643,11.383641353365817],[6.907266617260632,11.475102425236798],[6.904012680340998,11.553189277862941],[6.854398006662734,11.595221182811372],[6.810886859940695,11.541955948708107],[6.713660717368271,11.594041823571331],[6.642875968551152,11.568315300011136],[6.56330680926186,11.564771011572986],[6.49710955436251,11.591820617727365],[6.499303460386443,11.569019979088807],[6.461285057959117,11.571093189798944],[6.402274443810597,11.740200710894158],[6.40371685564844,11.8054131281134],[6.504048478654397,11.893529965735354],[6.457319751005741,12.017965589640312],[6.354769055347674,12.039248035068795],[6.381047796818393,12.067315587444455],[6.366522956169547,12.090171492120703],[6.384751097984861,12.152791490335062],[6.437801213355385,12.182623972118677],[6.436616420411497,12.318817170575983],[6.455258836725989,12.353617903943189],[6.444753915261003,12.367142051864278],[6.39742778686292,12.354554222299555],[6.398741585755602,12.37231169223088],[6.36056834615232,12.392719416567843],[6.283395782089713,12.408390464748209]]]}},{"type":"Feature","properties":{"state_code":"15","state_name":"GOMBE","lga_code":"04","lga_name":"DUKKU"},"geometry":{"type":"Polygon","coordinates":[[[10.494281108386474,10.688327978253653],[10.528571757080954,10.64967111562953],[10.56257781621332,10.642259985210217],[10.558191220948117,10.600614668232424],[10.66189296159098,10.491392697315177],[10.730184902111603,10.487406280575442],[10.79073923133052,10.435145830215959],[10.810256426293108,10.447773729973733],[10.804135832902432,10.424469619377476],[10.872872411732487,10.384474377590493],[10.923059091104221,10.423811453235999],[10.911634359238349,10.50459934498383],[10.931358337117615,10.620506286935665],[10.970848018721142,10.614879061619433],[10.996145248204698,10.656811713789637],[11.039483070387462,10.66477775738764],[11.172103149041163,10.660447060383603],[11.245492780567417,10.800977135086782],[11.205297041225549,10.812486648739878],[11.217765848215379,10.85698530143054],[11.10202929271776,10.93334758532285],[11.121374834081394,11.005511768253541],[11.055441975366932,11.089604051585752],[11.015727043268498,11.1079597469448],[11.035930394871855,11.134337919259622],[11.020701843715187,11.157180744196012],[10.929565693302152,11.090735142412939],[10.799132485276004,11.084257034334712],[10.772404477584644,11.060340694967124],[10.738369176995946,11.100978664233992],[10.707912077380513,11.08479832907966],[10.642670943908968,10.977034646631694],[10.677222530895108,10.930871482832742],[10.652005119840453,10.881438007258282],[10.568740360279435,10.810789363638264],[10.494281108386474,10.688327978253653]]]}},{"type":"Feature","properties":{"state_code":"33","state_name":"SOKOTO","lga_code":"21","lga_name":"WAMAKKO"},"geometry":{"type":"Polygon","coordinates":[[[4.964109868375772,12.930994110389918],[5.106199997931583,12.931100000164918],[5.12028663132304,12.975813257176128],[5.108445441404058,12.991524198383104],[5.128937827918492,12.997763074206546],[5.198200897753281,12.948903284259188],[5.247686103231104,13.013661379269308],[5.191229461170735,13.075838697897666],[5.243588981746143,13.07979003298368],[5.229389437572536,13.10678459073631],[5.27792141384225,13.1813284220691],[5.22619519675095,13.179084753858376],[5.17877895538453,13.237764875248843],[5.13471255913737,13.249599480331824],[5.106688023133813,13.190312385808],[4.9736587070837,13.123551008672166],[4.985312008842186,13.084732233006207],[5.016371457276989,13.079077410194373],[5.017462977034825,13.028001177212616],[5.013007836342638,13.013644801166663],[4.982954943316031,13.02069935309271],[4.964109868375772,12.930994110389918]]]}},{"type":"Feature","properties":{"state_code":"23","state_name":"KWARA","lga_code":"14","lga_name":"OKE - ERO"},"geometry":{"type":"Polygon","coordinates":[[[5.05763292202181,8.039464951446405],[5.084393977999753,8.02423191087405],[5.117887973051552,8.062618255628024],[5.162611485032073,8.049506186961025],[5.224701993901931,8.14486237909557],[5.451046192128103,8.200368838850864],[5.418842315920188,8.235530853266312],[5.418407439751604,8.283785820359356],[5.356675147939768,8.274656296850651],[5.353197575707611,8.309869765976941],[5.324504852417078,8.333780289428887],[5.281031609421291,8.273787497794842],[5.197997570031873,8.214228629947343],[5.18111440660465,8.140266729226198],[5.090427352440429,8.094465843823684],[5.05763292202181,8.039464951446405]]]}},{"type":"Feature","properties":{"state_code":"24","state_name":"LAGOS","lga_code":"18","lga_name":"OSHODI/ISOLO"},"geometry":{"type":"Polygon","coordinates":[[[3.351813450230566,6.555701927102291],[3.337599370314763,6.59028770091669],[3.288108470329689,6.570580250777994],[3.290324363878312,6.482814275558439],[3.317316301006542,6.489846412781787],[3.351813450230566,6.555701927102291]]]}},{"type":"Feature","properties":{"state_code":"08","state_name":"BORNO","lga_code":"01","lga_name":"ABADAM"},"geometry":{"type":"Polygon","coordinates":[[[13.084209976009618,13.112589021166457],[13.148880790016506,13.09972821678383],[13.190127317921451,13.05620562169213],[13.283319619804672,13.012624154281355],[13.346455726350712,13.047177753050903],[13.400256458169054,13.128172899859464],[13.4687001439965,13.182800354153073],[13.45552383765505,13.323188103048551],[13.648260180363081,13.396356530129822],[13.762075774077744,13.529462094300243],[13.633536013975913,13.70830004521099],[13.363361936704052,13.707716863642418],[13.338876410118303,13.721438286847501],[13.335376165078003,13.693536216023574],[13.3092397233346,13.69622738238786],[13.263140139805671,13.619536128289724],[13.2432953586939,13.616278623759513],[13.262614757665006,13.595226891308016],[13.251424797416519,13.58010152476561],[13.226321064265733,13.589047023601324],[13.239673677298413,13.565037921862654],[13.20665924302972,13.549086797817495],[13.197764768129616,13.513363482338889],[13.181120056345549,13.53754452366087],[13.140448301348101,13.51767114141012],[13.146644611359761,13.55052911162926],[13.122446759910076,13.54117128982324],[13.125227612064691,13.521732661433248],[13.104175152960977,13.539870436671379],[13.088502768388082,13.516073469714911],[13.061013325404701,13.527465414996982],[13.062049607903134,13.549949020131237],[12.877127126415814,13.485563814618388],[12.818906315773916,13.421716087127777],[12.93877937227029,13.392931337111577],[13.084209976009618,13.112589021166457]]]}},{"type":"Feature","properties":{"state_code":"13","state_name":"EKITI","lga_code":"15","lga_name":"MOBA"},"geometry":{"type":"Polygon","coordinates":[[[5.020274162422709,7.960935592803423],[5.139610999947763,7.928534999790429],[5.19726459468535,7.973076874797982],[5.23965058970299,7.978733914438635],[5.248223478730608,8.019822709350592],[5.195789336908433,8.018210411081668],[5.117887973051552,8.062618255628024],[5.084393977999753,8.02423191087405],[5.05763292202181,8.039464951446405],[5.020274162422709,7.960935592803423]]]}},{"type":"Feature","properties":{"state_code":"37","state_name":"FCT","lga_code":"03","lga_name":"GWAGWALADA"},"geometry":{"type":"Polygon","coordinates":[[[7.218133446001787,9.092270211800894],[7.221004639552518,9.115264279323071],[7.030075072606564,9.257713319314291],[6.968295573581884,9.231890678012405],[6.958155155436145,9.203070641297131],[6.89250803022145,9.20520496363821],[6.877563952614366,9.17158126836091],[6.888772010819707,9.097928047341554],[6.866355896207665,9.041354179551774],[6.902114868006777,8.954892159245787],[6.882499319587964,8.90357600422925],[6.902140343102417,8.887257660013063],[7.009509072985395,8.94010050143703],[7.059489652025889,8.909517288092445],[7.105619423997268,8.91320169000602],[7.106484307404912,8.950491012949954],[7.131980555957966,8.948715164873022],[7.169584368224037,9.006203776283314],[7.154829501680183,9.015735625898458],[7.216990977851367,9.054205970928876],[7.218133446001787,9.092270211800894]]]}},{"type":"Feature","properties":{"state_code":"18","state_name":"KADUNA","lga_code":"11","lga_name":"KAGARKO"},"geometry":{"type":"Polygon","coordinates":[[[7.724080473734944,9.329254915981664],[7.792929648584447,9.275596618788995],[7.82679843879697,9.276432990989804],[7.919086634240841,9.317365551179307],[7.906537144573633,9.32974925172664],[7.959302908702341,9.39756577104356],[7.939079800792229,9.443212489265022],[7.955629619711203,9.460794756872588],[7.932716760969811,9.538222174413875],[7.944323420289663,9.559936804340111],[7.925682828699621,9.574508121952306],[7.927464179728133,9.614655013717936],[7.947850842842172,9.634933760884394],[7.920609474247897,9.637229642833802],[7.900421540621664,9.674272041621464],[7.865592870714465,9.67766318630703],[7.867276489718279,9.693409108443632],[7.836522869235068,9.691601989140509],[7.815792147089951,9.647899540431467],[7.748640152121368,9.676511910196552],[7.747801420998826,9.63560432957621],[7.712373653321492,9.6036175011468],[7.64800114533665,9.627124532970868],[7.567056609674864,9.577164375735379],[7.529709483705744,9.602281488999552],[7.512177926170409,9.587100785372968],[7.447984378776084,9.616203568939625],[7.431459620365217,9.591169356980288],[7.308733713789934,9.572855738201781],[7.2899797716492,9.514131783854793],[7.251372950900986,9.521033495999063],[7.200896645763635,9.459821223670588],[7.232257439928958,9.317718875026117],[7.509100988419902,9.355031274573719],[7.542094113252745,9.387351140842497],[7.646955230199751,9.408684983425303],[7.724080473734944,9.329254915981664]]]}},{"type":"Feature","properties":{"state_code":"37","state_name":"FCT","lga_code":"01","lga_name":"ABAJI"},"geometry":{"type":"Polygon","coordinates":[[[6.977662253710093,8.519809169057964],[6.869558334349676,8.583425521670563],[6.832731724289715,8.582358360050307],[6.799908161232679,8.673089981017881],[6.82712793440669,8.693370819108054],[6.801509379854053,8.698708533771878],[6.816453456561817,8.73340034485011],[6.792969703688925,8.744073869413569],[6.820189475963616,8.761153220844506],[6.795638560571149,8.777164459172525],[6.823391914105628,8.818794250254484],[6.87222671459125,8.844946860908976],[6.898378848605034,8.92980766259359],[6.866355896207665,9.041354179551774],[6.888772010819707,9.097928047341554],[6.888772010819707,9.198266982735106],[6.958155155436145,9.203070641297131],[6.968295573581884,9.231890678012405],[7.030075072606564,9.257713319314291],[6.788054466240681,9.270166397161574],[6.784563738725637,8.457550048995586],[6.940821987444792,8.458870420133849],[6.980814908980904,8.443727660703019],[6.977662253710093,8.519809169057964]]]}},{"type":"Feature","properties":{"state_code":"34","state_name":"TARABA","lga_code":"11","lga_name":"SARDAUNA"},"geometry":{"type":"Polygon","coordinates":[[[10.978006363203122,7.309875487663646],[10.994956970387932,7.277766704869578],[10.988817215142433,7.120050906923836],[10.921607017849624,7.021871566619552],[10.842001142838512,6.958250217373688],[10.882776261415358,6.827776908577505],[10.94333267256485,6.778055191294072],[11.019165039035386,6.778610228579225],[11.078332901442309,6.70749950429871],[11.06232129709025,6.596391431119685],[11.116943359048832,6.444166183122888],[11.266942978335805,6.433054924345356],[11.371944427293556,6.449721337669644],[11.412776946898646,6.484443665442882],[11.437221527351653,6.590832709861729],[11.510555266912093,6.601666450446373],[11.555276871430522,6.653888702101995],[11.589166641927022,6.779999733301111],[11.556388855261503,6.833333016405618],[11.637777328660832,6.94388866393075],[11.69437632170991,6.972692975100756],[11.618927001679822,7.013446807624121],[11.579439276101766,6.999843372773455],[11.564857483186358,7.069837569848005],[11.533606528618463,7.078812598822424],[11.392617225904303,7.055168629029083],[11.402866708431873,7.005570355387647],[11.288541107386266,7.022366379904554],[11.28488731389848,7.052053927846544],[11.13415622742798,7.19579267569145],[11.13608515810364,7.262817216041753],[11.099645215154624,7.271001018782044],[11.128366470336402,7.316638470389137],[11.122246742093523,7.337124826049944],[11.069826126074929,7.358988762321587],[11.023727416686995,7.320582867205587],[10.978006363203122,7.309875487663646]]]}},{"type":"Feature","properties":{"state_code":"21","state_name":"KEBBI","lga_code":"17","lga_name":"SHANGA"},"geometry":{"type":"Polygon","coordinates":[[[4.31411065927955,10.949864705791583],[4.329844857853971,10.951355314995851],[4.338548177356529,10.903487060879229],[4.381127597660566,10.87997159970962],[4.539826393273472,10.919966696705728],[4.602243123121696,10.88818620602865],[4.635328139781848,10.891197063393804],[4.693509910853777,10.919057848141222],[4.679501129073913,10.94587514861928],[4.706817349141375,10.952935386059266],[4.730042969607382,10.907437600964556],[4.795859174561315,10.910656995823729],[4.826308665912222,10.88216634929762],[4.880256996263427,10.879618704839402],[4.888971806403788,10.950504301832098],[5.04063987672896,11.051897049309446],[4.995954513989659,11.053992270926585],[4.979896069348172,11.080523490766552],[4.802551745766493,11.114037513720348],[4.746122360358697,11.147592544860117],[4.70340633393522,11.228543282246733],[4.738990615124862,11.25110476237495],[4.703856605597935,11.267968897946332],[4.711885107112039,11.297079433668955],[4.791455756577932,11.326769532987612],[4.766175962250884,11.359112317579445],[4.775685869307495,11.399406029065062],[4.70334838701848,11.476715681283736],[4.637666584845078,11.478861544624635],[4.633626634161885,11.517416210090062],[4.590503783223085,11.532378720201848],[4.509412603209114,11.496091140393844],[4.594745287265255,11.461300331045493],[4.517048902285069,11.338507148885867],[4.515810866778111,11.267138939710321],[4.487570366679108,11.239646259167557],[4.513262627868016,11.14811259042375],[4.337675569671831,11.181516871806252],[4.305089027436736,11.145018872223204],[4.3294857693528,11.002232775322398],[4.31411065927955,10.949864705791583]]]}},{"type":"Feature","properties":{"state_code":"18","state_name":"KADUNA","lga_code":"01","lga_name":"BIRNIN GWARI"},"geometry":{"type":"Polygon","coordinates":[[[6.889442272842643,11.383641353365817],[6.832882401201914,11.35196799172951],[6.835676843911244,11.310018462881828],[6.773998257813389,11.322402870296287],[6.764295775329799,11.267264479672065],[6.703353393144653,11.239022843729288],[6.68498395434608,11.151544340399028],[6.690875429257687,11.120890682259244],[6.715999997901633,11.106221807090776],[6.687418519848848,11.091662970269908],[6.676782100413675,11.057306189928795],[6.60319645625151,11.045969176136623],[6.577289365911554,11.021567448379074],[6.510769296665785,11.043658428393826],[6.437006005822582,11.007609595206702],[6.403724107781386,11.03292059960603],[6.364804655710316,11.017663432921154],[6.328605429796824,11.027146694864143],[6.280232282793691,10.963637651156716],[6.237483498564643,10.945327279830167],[6.217795000738761,10.905103993354658],[6.164607024694476,10.893103743043355],[6.160554925069789,10.854022835685385],[6.122599639761631,10.844865478159363],[6.136355167057388,10.825324444867306],[6.11258957115183,10.81386953175354],[6.101987019285559,10.774670867166833],[6.116676077938678,10.740296049123401],[6.092813034194194,10.698951542779525],[6.141041018927922,10.673198987443357],[6.114705622866268,10.606761634242048],[6.134005216967239,10.59012753355887],[6.092243006109868,10.521783838853139],[6.158331775790884,10.500831663150791],[6.169712083845639,10.358468160377356],[6.235651125399158,10.384797583142017],[6.254453987061879,10.427448306194435],[6.296302135335338,10.418000785108177],[6.322542867859113,10.446815621943472],[6.315423916380666,10.480156502020975],[6.397239953561041,10.572697538260854],[6.49454360780129,10.615692841951159],[6.524268150254954,10.595006942916143],[6.540331840641954,10.545209884928283],[6.647069930832686,10.593429565322253],[6.725868225438319,10.589385032593214],[6.716573402940242,10.64150275604743],[6.809305468672505,10.791510596037199],[6.846225573151742,10.812106828167657],[6.916902365551778,10.75074619288256],[6.942277872026239,10.697601753018546],[7.007576668228694,10.663193078198049],[7.019213587037484,10.560245035979676],[7.104421962303775,10.556582348196855],[7.129203435090517,10.714374335807008],[6.996009112330739,10.796133819120485],[6.952670023003179,10.89429199927639],[6.997485410623256,10.93384321069567],[7.04145616127289,10.939443921299983],[7.096597857804966,10.88599951526544],[7.113710798014949,10.903970977078984],[7.161554182279758,11.13086660720819],[7.129292461677835,11.138164558847336],[7.068960525807654,11.203290701404796],[6.96773385972989,11.245169639767084],[7.008699893585288,11.293840408408187],[7.006193161085548,11.361789702732665],[6.889442272842643,11.383641353365817]]]}},{"type":"Feature","properties":{"state_code":"21","state_name":"KEBBI","lga_code":"15","lga_name":"NGASKI"},"geometry":{"type":"Polygon","coordinates":[[[4.826308665912222,10.88216634929762],[4.82609413623544,10.84929581375087],[4.780851763997759,10.81877058959111],[4.74707532066958,10.760516176680255],[4.766553646033969,10.723256287647587],[4.72649092901321,10.656323264107414],[4.769223575807416,10.61502789042487],[4.74987143072201,10.585277495160312],[4.6926286453957,10.612106966163594],[4.663194387910721,10.59394056010882],[4.633845694623176,10.61143415636127],[4.600756675080561,10.570699512672434],[4.498541353700546,10.517370224356398],[4.482961178415678,10.328677176010899],[4.568690777357517,10.246047973635143],[4.527485370953173,10.14303398143312],[4.529982567041884,10.100580215304717],[4.624814229593085,10.102672476353746],[4.646518671999161,10.205048731413854],[4.696988582057486,10.24029064159987],[4.793936082284404,10.260665922894077],[4.871501790375362,10.218330145120149],[4.946502400865143,10.285335767331844],[4.950309537755004,10.389651336639929],[4.93203527780588,10.43952483969963],[4.853419303657972,10.46029758536531],[4.818703174911661,10.507143974015264],[4.823722363196566,10.594979286065268],[4.796117306068879,10.629277229160834],[4.806992053940178,10.692852973785762],[4.825735699742779,10.708431401687903],[4.941673278898747,10.688670157701665],[5.011998827583852,10.723858124752724],[5.026853812053844,10.75042085323986],[5.055343616814525,10.738048212554986],[5.101048355697117,10.761334760290993],[5.099777222440935,10.80829429624481],[5.047075748147336,10.825024604601879],[5.028672217848623,10.859322547697445],[5.025326252404682,10.8902740478091],[5.08221006434303,10.927081108406469],[5.04063987672896,11.051897049309446],[4.888971806403788,10.950504301832098],[4.880256996263427,10.879618704839402],[4.826308665912222,10.88216634929762]]]}},{"type":"Feature","properties":{"state_code":"18","state_name":"KADUNA","lga_code":"02","lga_name":"CHIKUN"},"geometry":{"type":"Polygon","coordinates":[[[7.510552323331126,10.194684100590791],[7.538196769865067,10.275022906881702],[7.557858921152331,10.28991042162869],[7.588645413654945,10.281136681612622],[7.589610080440934,10.308381778796104],[7.604144670640096,10.309062730160917],[7.614996253774166,10.344512587885674],[7.596458698410231,10.394702019182887],[7.695464797162685,10.41192361997912],[7.691281939709825,10.431839719127765],[7.730884418780931,10.469007318832723],[7.698606358396773,10.509977577703125],[7.692559948283019,10.595349250967217],[7.674577554310758,10.560355940374393],[7.62490749228698,10.565549248199318],[7.602053999592442,10.587787152255316],[7.487053291875952,10.562539202022606],[7.432329677572625,10.444451908628707],[7.404803778771395,10.435273933245469],[7.398423559199955,10.484244107779375],[7.31196182757634,10.50201267174748],[7.291160052694352,10.487087493393176],[7.286065830373843,10.518217272409231],[7.238113944702832,10.53136182818588],[7.279846042660779,10.585280950355639],[7.307671747553172,10.594252380243177],[7.310610853408207,10.627190917127166],[7.188184392295909,10.726181109570575],[7.129203435090517,10.714374335807008],[7.104421962303775,10.556582348196855],[7.019213587037484,10.560245035979676],[7.007576668228694,10.663193078198049],[6.942277872026239,10.697601753018546],[6.916902365551778,10.75074619288256],[6.86113295212408,10.78346393091573],[6.854130142691986,10.811714217437213],[6.809305468672505,10.791510596037199],[6.719780155130081,10.643503330314502],[6.81662845563875,10.638379097617303],[6.839519023783964,10.531555176130496],[6.869102477897059,10.5553569787416],[6.912609100129941,10.537981032698553],[6.953519821182852,10.48217868789618],[6.926263332287022,10.370115280196046],[7.020236492120489,10.354051589809046],[7.050757407628282,10.317104340193168],[7.008188725229559,10.242407800379738],[6.982486726181492,10.244014739588636],[6.954472543173381,10.19199848304362],[6.915019035000512,10.188594817996488],[6.885301114255071,10.150844575416897],[6.901178837433463,10.076381683068291],[6.952273368920885,10.047554969786063],[7.105361461562268,10.026526450635231],[7.288502216104462,10.040537834153781],[7.384231486593876,10.092872468689507],[7.445110139221583,10.184075505280418],[7.510552323331126,10.194684100590791]]]}},{"type":"Feature","properties":{"state_code":"21","state_name":"KEBBI","lga_code":"20","lga_name":"YAURI"},"geometry":{"type":"Polygon","coordinates":[[[4.693509910853777,10.919057848141222],[4.722656257580297,10.866920114771517],[4.698091581661231,10.801210713303817],[4.690782877727656,10.662859613180672],[4.633845694623176,10.61143415636127],[4.663194387910721,10.59394056010882],[4.6926286453957,10.612106966163594],[4.745336502177906,10.58367942686408],[4.769223575807416,10.61502789042487],[4.72649092901321,10.656323264107414],[4.766553646033969,10.723256287647587],[4.74707532066958,10.760516176680255],[4.780851763997759,10.81877058959111],[4.82609413623544,10.84929581375087],[4.826308665912222,10.88216634929762],[4.795859174561315,10.910656995823729],[4.723664497418667,10.910554036939288],[4.714682578738064,10.952121377299761],[4.679501129073913,10.94587514861928],[4.693509910853777,10.919057848141222]]]}},{"type":"Feature","properties":{"state_code":"18","state_name":"KADUNA","lga_code":"14","lga_name":"KAURU"},"geometry":{"type":"MultiPolygon","coordinates":[[[[8.434238179048748,9.99397275883581],[8.420198892265091,9.918015598840839],[8.433199742674049,9.886898039812763],[8.509620541854588,9.865081823367518],[8.511959611946565,9.8119112851777],[8.48427979957313,9.754568774029735],[8.515484339230909,9.73315724081408],[8.52831692558567,9.755057586138719],[8.598860068837155,9.727923997694404],[8.64394792315818,9.775360122171946],[8.63469241092605,9.8668341083075],[8.679643830898101,10.011051521210788],[8.610724678900851,10.00124625521056],[8.538451388420867,10.032331952157904],[8.487828938055088,10.01854135040304],[8.476863763352071,9.98511200941175],[8.434238179048748,9.99397275883581]]],[[[8.416218360688845,10.444203809957912],[8.349323540349133,10.492822040205056],[8.320273237619858,10.493764353442202],[8.313711130164563,10.564832512810256],[8.250447908044578,10.596574634811589],[8.234868807449573,10.666158607034163],[8.212389523557704,10.651109270976121],[8.182203797966963,10.679694956956723],[8.091268315080697,10.674396366399264],[7.976918363092011,10.712654695357969],[7.954139790219187,10.692154346246127],[7.945053883829701,10.714651596793829],[7.864183108763484,10.66739272419494],[7.857515720374238,10.579769248352193],[7.888817200653364,10.588682629699633],[7.869681828153887,10.526706689961827],[7.931657930669019,10.466156977862283],[8.01135844583564,10.475080676232267],[8.000226790434056,10.449674071201457],[8.039373744003115,10.343156665647655],[8.035306633794164,10.298727360579278],[8.059350884635649,10.317834556419712],[8.09769075512429,10.31229736762947],[8.144460785037268,10.282039016387557],[8.144558740093828,10.250270814946191],[8.193875210272779,10.218518908321016],[8.16939437455079,10.189962893672657],[8.240058476617435,10.119460523884129],[8.221110623556456,10.104036243378005],[8.271633153847006,10.05475313444964],[8.272103749288647,10.022265417814822],[8.334911171613328,10.016729740784967],[8.369818802895509,10.042979079820725],[8.38254718930142,10.013537043200017],[8.434284414094464,9.99801654962414],[8.45527474623259,10.017792851858701],[8.451285549688407,10.044928575293568],[8.50090140057921,10.092172843801734],[8.486242437738383,10.130754604041783],[8.450046097749237,10.141505927156857],[8.439529932060736,10.176066507363487],[8.415336616791478,10.188561097017043],[8.424289951420178,10.209245258561907],[8.395889937670518,10.29442260092236],[8.327987702170788,10.246044279220143],[8.319850224408356,10.296889681413688],[8.33045208829327,10.353879670910146],[8.36302052357837,10.393939004681386],[8.407109146569894,10.403067306910714],[8.416218360688845,10.444203809957912]]]]}},{"type":"Feature","properties":{"state_code":"02","state_name":"ADAMAWA","lga_code":"01","lga_name":"DEMSA"},"geometry":{"type":"Polygon","coordinates":[[[12.272093773209122,9.522192000860173],[12.229839175437633,9.59106691610532],[12.227250326741228,9.655853703085995],[12.106713504025038,9.647310191312329],[12.093220995152876,9.618177079908378],[12.065460430854273,9.617871909361156],[12.027958600808802,9.427460305148998],[11.98869446287921,9.430398337213546],[11.939876861028381,9.406245546294997],[11.862025819635903,9.446525985585822],[11.833047552602523,9.42715581718727],[11.827824419661283,9.389135036952439],[11.777630070871112,9.355241503692469],[11.755389241320472,9.361205103332907],[11.69659321080809,9.32191188942221],[11.636432873678245,9.348498273676455],[11.623784204077822,9.335358570641574],[11.687405585699253,9.229547500716649],[11.782979084617125,9.197654910445806],[11.826404248956976,9.208600429566218],[11.847768594744878,9.166983070712206],[11.9007597667499,9.188715652905103],[11.951078866796308,9.2517595312774],[12.077229826095675,9.315255525821897],[12.10459893619202,9.364433262984733],[12.2316561603036,9.369380763611389],[12.26614743155875,9.433261130197025],[12.31314441438326,9.43973470839012],[12.355129829777866,9.390783208278492],[12.37284394519196,9.394248371665071],[12.272093773209122,9.522192000860173]]]}},{"type":"Feature","properties":{"state_code":"01","state_name":"ABIA","lga_code":"16","lga_name":"UMUAHIA SOUTH"},"geometry":{"type":"Polygon","coordinates":[[[7.529511593285463,5.480034616104717],[7.510494135396073,5.502916200022639],[7.463332655777492,5.503474998272623],[7.459587939931509,5.543629424558333],[7.415176421654564,5.571039861200688],[7.36286886660497,5.460214031252576],[7.51003959375231,5.431183117906642],[7.529511593285463,5.480034616104717]]]}},{"type":"Feature","properties":{"state_code":"29","state_name":"OSUN","lga_code":"24","lga_name":"OBOKUN"},"geometry":{"type":"Polygon","coordinates":[[[4.747988296222957,7.678936394698894],[4.786531852363169,7.736636869296149],[4.887211030964352,7.689585579111224],[4.921879231241576,7.861858931444601],[4.865482987649784,7.841731218221184],[4.843560593646544,7.863239260383637],[4.815801759643534,7.850288214429611],[4.744599964616725,7.885211168360797],[4.721026278639897,7.877137323029103],[4.719029418572859,7.837299718007614],[4.671853605559477,7.859054704111372],[4.66016372927271,7.784391492273585],[4.60973727715367,7.789909948185596],[4.610299643014173,7.752269564988467],[4.646277479222363,7.73654159871586],[4.636305862025949,7.706928509243369],[4.66289489118634,7.688552672667754],[4.747988296222957,7.678936394698894]]]}},{"type":"Feature","properties":{"state_code":"16","state_name":"IMO","lga_code":"27","lga_name":"OWERRI WEST (UMUGUMA)"},"geometry":{"type":"MultiPolygon","coordinates":[[[[7.006343999875753,5.264618000020732],[7.017200999626482,5.279872000192711],[6.986197999837884,5.28845999962931],[6.988046999669336,5.260088999807522],[7.006343999875753,5.264618000020732]]],[[[7.035314000340918,5.328476999613883],[7.03514699983424,5.376572999844143],[7.063301042708986,5.380091648610744],[7.078684451726133,5.425441236224117],[7.041858898369526,5.446937623172801],[7.002435772892682,5.426559811186394],[6.97465002308013,5.484328922941472],[7.007966990184514,5.521110667623248],[7.00667917540369,5.559031307448947],[6.989818202747927,5.567100490695111],[6.981318631849433,5.541000759277665],[6.969173998081601,5.56058101020551],[6.937996797814037,5.556206333655439],[6.929053901616328,5.525356060333991],[6.88562325590857,5.503223475882749],[6.930190063720488,5.44269163061432],[6.869743121647787,5.384755738686465],[6.976391368666782,5.393971424441759],[6.982314961965983,5.341690960569451],[7.026573000143912,5.28869899985898],[7.035314000340918,5.328476999613883]]]]}},{"type":"Feature","properties":{"state_code":"04","state_name":"ANAMBRA","lga_code":"11","lga_name":"IDEMILI-SOUTH"},"geometry":{"type":"Polygon","coordinates":[[[6.971863828952564,6.028657254728557],[6.957530999855805,6.040109999576885],[6.975376799399839,6.049807900014628],[6.969922475941587,6.097079358625535],[6.926171388298997,6.086013606442805],[6.904139384025427,6.099188067375451],[6.846621130061123,6.073818841766183],[6.845293013062133,6.097004698707906],[6.826227195928425,6.097949309712931],[6.782313036917174,6.076571270847523],[6.777519322159037,6.056487647786753],[6.834460626856469,6.041071575392948],[6.891386659266971,6.071137539166159],[6.931010846173649,6.017628070778869],[6.971863828952564,6.028657254728557]]]}},{"type":"Feature","properties":{"state_code":"01","state_name":"ABIA","lga_code":"01","lga_name":"ABA NORTH"},"geometry":{"type":"Polygon","coordinates":[[[7.39317599617533,5.076375101030123],[7.394652429366147,5.119321558043509],[7.366843357435073,5.141309580073084],[7.319703237614362,5.113550871975235],[7.317112478757963,5.088170154828845],[7.365573530893812,5.113574212979586],[7.39317599617533,5.076375101030123]]]}},{"type":"Feature","properties":{"state_code":"27","state_name":"OGUN","lga_code":"16","lga_name":"ODEDA"},"geometry":{"type":"Polygon","coordinates":[[[3.169426096437235,7.373187399079256],[3.171666986642151,7.336044271725825],[3.215999147842467,7.277936257652243],[3.262122027409703,7.253003037760038],[3.314110430152255,7.252936996944925],[3.316563882317382,7.221274341737512],[3.372128461659202,7.225353412929735],[3.384268292148022,7.210470851648552],[3.371175365550755,7.195276710351948],[3.424649746888349,7.155315455743732],[3.446719056839072,7.185167737001507],[3.482944202113288,7.192944831239004],[3.557536527588752,7.180626565363752],[3.628643519682726,7.198433759710269],[3.662910759923705,7.175003586646255],[3.712171024273403,7.225612443759303],[3.762270794961239,7.243215137668528],[3.762294529868711,7.300916194127126],[3.714346646180843,7.30479431090879],[3.719827180380094,7.387421748814688],[3.693458774702719,7.38797476082658],[3.707092998742951,7.447305200874382],[3.540519713214223,7.439661023737301],[3.474449634143355,7.388873574755735],[3.482859610982302,7.417232035330187],[3.453482626821824,7.494930742359941],[3.393082855989064,7.455832003244382],[3.385816812296071,7.401284692934269],[3.32402849092216,7.31515216534018],[3.291601418270886,7.321035381777506],[3.249144314758382,7.367492196707587],[3.169426096437235,7.373187399079256]]]}},{"type":"Feature","properties":{"state_code":"27","state_name":"OGUN","lga_code":"08","lga_name":"IJEBU EAST"},"geometry":{"type":"Polygon","coordinates":[[[4.34278244005759,7.067955254631329],[4.304244870704281,7.027249906358122],[4.155078716109927,6.995056250045934],[4.086173435255887,6.891708560801476],[4.072112667265856,6.815079040665239],[4.042196758073999,6.849996445779425],[4.009531755386263,6.853597497626481],[3.949236698015227,6.816856218839462],[3.940783943124529,6.796533714259567],[3.976617802369731,6.760538641645041],[3.997151930916914,6.773049635832081],[4.043513823304352,6.75639049442583],[4.096914880217582,6.671539591578949],[4.093292661027533,6.646229449629459],[4.054730320747751,6.622011111623578],[4.07172972964338,6.571265101603217],[4.116797345621023,6.555774723624666],[4.177784630956012,6.604107106158096],[4.235895857407968,6.578183962919582],[4.257287058750819,6.639709467318085],[4.298064954434153,6.6660431375808],[4.378476802762293,6.642235538839088],[4.389735221203523,6.715917110086593],[4.421871776861053,6.762031765353754],[4.546685124119222,6.841302612325762],[4.561608789813874,6.988337516663137],[4.609585762073323,7.031077861654069],[4.516273497823704,7.022613047754021],[4.488862037752881,6.991775513329344],[4.424521445808125,7.002435207219094],[4.390379905608199,6.980854988167209],[4.370260714360541,7.056211471182507],[4.34278244005759,7.067955254631329]]]}},{"type":"Feature","properties":{"state_code":"07","state_name":"BENUE","lga_code":"18","lga_name":"OKPOKWU"},"geometry":{"type":"Polygon","coordinates":[[[7.889743210081122,6.834539936269096],[7.96405145411137,6.914423966193112],[7.938155000053257,6.965910999593007],[7.988497999583046,6.983488999917483],[8.053436000371164,6.973432000186733],[7.97191178959747,7.07461656180493],[7.972146188895522,7.105242447081309],[7.934814103188387,7.113212971101802],[7.935037565831067,7.149942910337074],[7.843375903774984,7.159417610734181],[7.824522054149554,7.279891938662104],[7.801155285088385,7.292601656041654],[7.789968967094183,7.216886044055741],[7.710073687550675,7.183112262720783],[7.74030512927834,7.164117438968674],[7.772387536755446,7.100071875916399],[7.767004372154076,7.075001359225382],[7.740962959073329,7.064657999167366],[7.773697610656257,7.029179637430389],[7.685858361374301,6.903469837862758],[7.712426707026964,6.887181675793727],[7.711925623668662,6.860918930564253],[7.785626410730345,6.872848033709829],[7.791776023444754,6.889339760921303],[7.863614081624632,6.879937649303145],[7.889743210081122,6.834539936269096]]]}},{"type":"Feature","properties":{"state_code":"15","state_name":"GOMBE","lga_code":"10","lga_name":"SHONGOM"},"geometry":{"type":"Polygon","coordinates":[[[10.969134278724027,9.615353467688408],[10.99238205039137,9.559283257116647],[11.076408086064362,9.551371838339719],[11.11423819293833,9.525595789114448],[11.222452164136087,9.5692615508799],[11.269281387426133,9.548886299263359],[11.373851776038691,9.546802520619906],[11.412031174199399,9.657654178197788],[11.292412758042417,9.77494832530499],[11.295139312729134,9.83834743498619],[11.26274840991124,9.918722983079249],[11.240375766728278,9.929543517119669],[11.231717110256454,9.792212485617767],[11.164881808848463,9.75118680512702],[11.13778362581371,9.699579582731587],[11.101294837087096,9.680440435777541],[11.019483208383406,9.69857983788927],[10.9600655062182,9.679245557836282],[10.989894507625479,9.640553670215752],[10.969134278724027,9.615353467688408]]]}},{"type":"Feature","properties":{"state_code":"13","state_name":"EKITI","lga_code":"01","lga_name":"ADO EKITI"},"geometry":{"type":"Polygon","coordinates":[[[5.171855788114158,7.54019476307792],[5.207050319316807,7.566895470949248],[5.221300280383673,7.542076547694592],[5.250066857799311,7.588444757819389],[5.298962322952889,7.585777775124257],[5.36593117818137,7.548540251331588],[5.347138435690283,7.658162312640684],[5.367171016828991,7.678816730907442],[5.283085747309428,7.668022761041641],[5.270192939652475,7.681183242912368],[5.25438864162254,7.666696294298617],[5.234954469373292,7.700854246226527],[5.173402174171031,7.64010872203994],[5.113286150235695,7.636679488367747],[5.171855788114158,7.54019476307792]]]}},{"type":"Feature","properties":{"state_code":"16","state_name":"IMO","lga_code":"02","lga_name":"AHIAZU MBAISE"},"geometry":{"type":"Polygon","coordinates":[[[7.210201176443206,5.511822174553743],[7.263056022917169,5.522387638378859],[7.284427583965851,5.490829917866449],[7.328744013325604,5.525878827246117],[7.301185045553439,5.569452464259882],[7.304000083636993,5.600927425560315],[7.254315011029007,5.587150736317483],[7.219664105614015,5.61047336665257],[7.212830726656762,5.587687250266413],[7.254351358028771,5.570615954063101],[7.216627915246136,5.551611423028817],[7.210201176443206,5.511822174553743]]]}},{"type":"Feature","properties":{"state_code":"22","state_name":"KOGI","lga_code":"03","lga_name":"ANKPA"},"geometry":{"type":"Polygon","coordinates":[[[7.450301833662763,7.513271760783198],[7.461122653687539,7.401062801407193],[7.368140411850561,7.360449791924395],[7.408923626124476,7.298598289579445],[7.552655036400836,7.291162022209619],[7.62551493756439,7.319617469270838],[7.629448116237597,7.347226749614833],[7.76869506882241,7.301886573406705],[7.802608319718217,7.36428830705978],[7.792887211375728,7.414913176601885],[7.76412105574218,7.433673383419944],[7.755783081324182,7.530394076425523],[7.737407710597438,7.539083313444223],[7.72425571113223,7.620496190846552],[7.752448081313958,7.63973120463146],[7.752635479343951,7.708192348098407],[7.651889880413705,7.695717410430177],[7.595030876273995,7.641063263358944],[7.588388388313547,7.656249871034788],[7.555988631670061,7.643477344104213],[7.565808773356252,7.587264537928149],[7.524367331787005,7.528838634195665],[7.450301833662763,7.513271760783198]]]}},{"type":"Feature","properties":{"state_code":"16","state_name":"IMO","lga_code":"14","lga_name":"NKWERRE"},"geometry":{"type":"MultiPolygon","coordinates":[[[[7.079628889161938,5.71870242757501],[7.132094311203559,5.719656387032671],[7.111925466587081,5.734609067554459],[7.079628889161938,5.71870242757501]]],[[[7.113509361567822,5.811065712812422],[7.069624515059388,5.785766299774991],[7.092179127964414,5.752711272807062],[7.076384440989216,5.734413940750812],[7.162410838689311,5.746024947393437],[7.116941411916685,5.774878936214009],[7.129796192640242,5.794114537256121],[7.113509361567822,5.811065712812422]]]]}},{"type":"Feature","properties":{"state_code":"07","state_name":"BENUE","lga_code":"03","lga_name":"APA"},"geometry":{"type":"Polygon","coordinates":[[[7.752635479343951,7.708192348098407],[7.752448081313958,7.63973120463146],[7.72425571113223,7.620496190846552],[7.737407710597438,7.539083313444223],[7.755783081324182,7.530394076425523],[7.76412105574218,7.433673383419944],[7.79218887971308,7.409864057979917],[7.815919345401539,7.408826814106249],[8.076825999820073,7.611871999992843],[8.062683999666888,7.690540999967197],[7.999545000001774,7.709120999734409],[7.97101798759013,7.753115332406708],[7.977583151841031,7.785532175269736],[7.80559356259289,7.789543672302671],[7.792123024158286,7.764951371908353],[7.750169633621738,7.751789612100993],[7.752635479343951,7.708192348098407]]]}},{"type":"Feature","properties":{"state_code":"07","state_name":"BENUE","lga_code":"11","lga_name":"KWANDE"},"geometry":{"type":"Polygon","coordinates":[[[9.737985610947248,7.078073026049367],[9.641301163318076,7.050701467998408],[9.599184703211506,7.000732786988578],[9.523610351336686,6.989547228022218],[9.526327848951098,7.033620331413204],[9.48296211630867,7.029275008734714],[9.47238226692815,7.079985082745395],[9.40000145260501,7.048990116600635],[9.354361668156514,7.083548284825554],[9.32795098804769,7.032020101146827],[9.207479312220528,7.004207181915945],[9.196235567117753,6.957544758583765],[9.162464371333726,6.943060578083248],[9.18764300002448,6.871875999677684],[9.157689275239932,6.827692991038759],[9.193466223587393,6.77027729486133],[9.172706754613102,6.725508441761235],[9.184833526945738,6.693329811321803],[9.303669930422984,6.717770100210032],[9.471092223627295,6.524884223628078],[9.458027683231023,6.40473021532722],[9.525276184448387,6.429721832696487],[9.59801375982721,6.499882084190858],[9.64602947218242,6.738594055071644],[9.645699501031174,6.894820213282287],[9.737985610947248,7.078073026049367]]]}},{"type":"Feature","properties":{"state_code":"09","state_name":"CROSS RIVER","lga_code":"11","lga_name":"IKOM"},"geometry":{"type":"Polygon","coordinates":[[[8.598862147170394,5.826440536901316],[8.703018467228503,5.847942192078563],[8.714308427591902,5.927536753618313],[8.77947122201931,5.93397178686854],[8.79890951586151,6.064733448889626],[8.779182624178816,6.090881463109099],[8.787485756162766,6.153708144415361],[8.753246831076467,6.201191218000361],[8.796546450058656,6.282227262378285],[8.737507396649107,6.322362303777368],[8.717040854851632,6.377235072440669],[8.66575621387824,6.369752197705793],[8.636499557208822,6.385011589313422],[8.626519177917771,6.360203572137209],[8.585778131055974,6.356662775766551],[8.527637733294796,6.38547272028984],[8.495343189236849,6.338198883871428],[8.508726042872638,6.321615003129921],[8.458011992059824,6.273494793150235],[8.476848903853863,6.256919502732899],[8.441776934058282,6.249172935982244],[8.426118952127979,6.219285037974146],[8.447017778247925,6.170950543832589],[8.420663881333098,6.143424566790372],[8.466402582213448,6.13690707380249],[8.45118576001488,6.111389709167781],[8.495090510318846,6.054157069093492],[8.473335437880223,5.932941618860696],[8.497488960846908,5.894374370980472],[8.598862147170394,5.826440536901316]]]}},{"type":"Feature","properties":{"state_code":"13","state_name":"EKITI","lga_code":"08","lga_name":"IDO / OSI"},"geometry":{"type":"Polygon","coordinates":[[[5.249961065151069,7.882437023350008],[5.222156999745778,7.883358000171597],[5.218372256874204,7.906449723276182],[5.177464663663329,7.898235206889353],[5.155520999794362,7.942321999760509],[5.139610999947763,7.928534999790429],[5.100238530583795,7.937572454305382],[5.113808063691238,7.893478366133763],[5.084834861639592,7.925500743864291],[5.069443695070504,7.90988619109487],[5.137007747709447,7.882406158617357],[5.097581789368121,7.84829131659103],[5.140089081346048,7.8219963243709],[5.148681080067831,7.770717894115592],[5.178538818411766,7.764224746674756],[5.258408467276979,7.792366602836523],[5.241356000179337,7.843860999885294],[5.249961065151069,7.882437023350008]]]}},{"type":"Feature","properties":{"state_code":"01","state_name":"ABIA","lga_code":"13","lga_name":"UKWA EAST"},"geometry":{"type":"Polygon","coordinates":[[[7.538560256051028,5.101324383713404],[7.490339208687601,5.071578068672977],[7.483162084562593,5.028068839305547],[7.426401078646904,5.029659165338273],[7.412004287068214,4.979026255857093],[7.351992158211601,4.995103186962581],[7.298029999884648,4.957137000072521],[7.334140184821706,4.917140422792329],[7.305335686592684,4.875463879554445],[7.416359900688917,4.866746902047964],[7.488712310824553,4.821804522960406],[7.499338149735877,4.855082989188645],[7.477023125217102,4.907999992305861],[7.49141883940797,4.959482192749022],[7.460275173060836,4.977698802557768],[7.533027171766605,5.0423498152918],[7.518901825259093,5.053178786771639],[7.540215969091776,5.068956851577468],[7.538560256051028,5.101324383713404]]]}},{"type":"Feature","properties":{"state_code":"01","state_name":"ABIA","lga_code":"14","lga_name":"UKWA WEST"},"geometry":{"type":"Polygon","coordinates":[[[7.183692103307976,4.949898768813171],[7.141855510423511,4.901298027681889],[7.198855971625846,4.86169199988592],[7.305335686592684,4.875463879554445],[7.325102508174268,4.895590998325986],[7.330434522934922,4.926855946344915],[7.270446519291454,5.003499171249814],[7.307349884689472,5.065130277640264],[7.295792921006523,5.081671098842207],[7.256077815338983,5.07795710473664],[7.235092163272782,4.981004238255025],[7.183692103307976,4.949898768813171]]]}},{"type":"Feature","properties":{"state_code":"04","state_name":"ANAMBRA","lga_code":"15","lga_name":"NNEWI SOUTH"},"geometry":{"type":"Polygon","coordinates":[[[6.943684939608318,6.017576075575448],[6.951417174762867,5.969497441253964],[6.878001473689096,5.977393943875484],[6.867840529416924,5.933865456425735],[6.942083168803265,5.895292417810879],[7.036722700192513,5.916715022580263],[7.028969168192589,5.931314806433193],[7.05709489231549,5.956408350265178],[7.04590324583819,5.983115032332933],[6.998269642829825,5.996005790434936],[6.992905195818196,6.036860136586085],[6.943684939608318,6.017576075575448]]]}},{"type":"Feature","properties":{"state_code":"01","state_name":"ABIA","lga_code":"04","lga_name":"BENDE"},"geometry":{"type":"Polygon","coordinates":[[[7.73414993267329,5.51781177539317],[7.660502999713742,5.529082000134224],[7.641508999740608,5.513375999802577],[7.614676999843709,5.565147000433797],[7.648908488436064,5.6141939392989],[7.706956168792203,5.64239176296951],[7.657896000000449,5.627088999757575],[7.633247000049039,5.643636000201298],[7.688304000229493,5.738556999605919],[7.728859552026734,5.761426392314206],[7.725003441655531,5.816395604273794],[7.566697597616098,5.843938827614863],[7.527677999739922,5.83413699972283],[7.555393013376943,5.748995683304202],[7.546555999759619,5.674827999712477],[7.482710174335125,5.663979080370325],[7.490165310380803,5.689512111195029],[7.478683299794511,5.685683922075384],[7.470852580782037,5.648480342294022],[7.515443953575641,5.633023774327796],[7.534702383907927,5.59377156140846],[7.57472632486008,5.584963886374283],[7.575978638003789,5.495165449625858],[7.642403084135083,5.472880725065465],[7.658100858367959,5.446245655112932],[7.700029850297426,5.431540966242665],[7.691780090378927,5.511697768637134],[7.73414993267329,5.51781177539317]]]}},{"type":"Feature","properties":{"state_code":"16","state_name":"IMO","lga_code":"19","lga_name":"OKIGWE (OKIGWE)"},"geometry":{"type":"Polygon","coordinates":[[[7.381607532861381,5.705608845371955],[7.400300980306042,5.71271181140105],[7.395909785907918,5.907576560709742],[7.22879743595297,5.932837963001646],[7.225027917704267,5.894108671677884],[7.259313999641392,5.85780600034667],[7.223933000307738,5.838130000399246],[7.251947999900324,5.830280999968238],[7.285848000185126,5.772564000328373],[7.24733931615657,5.736035114429058],[7.308876000027453,5.75506500004974],[7.364037999653988,5.70050000007501],[7.381607532861381,5.705608845371955]]]}},{"type":"Feature","properties":{"state_code":"05","state_name":"BAUCHI","lga_code":"11","lga_name":"JAMA'ARE"},"geometry":{"type":"Polygon","coordinates":[[[10.074787495346698,11.683852590924403],[10.06543311884343,11.720246291633089],[9.982753186610296,11.706980455983285],[9.98003220142499,11.741568393566581],[9.935347850423,11.770024266906432],[9.911544400253945,11.738247084835166],[9.820462416007729,11.712194429329486],[9.828206061760397,11.634650231223247],[9.810854059267456,11.622456142836768],[9.834908586661982,11.598879487298575],[9.819567964689895,11.579875789036464],[9.847984802956319,11.57460292088814],[9.85764491298238,11.552815841577853],[9.904334762939015,11.552858675387597],[9.919635046720089,11.532216755898617],[9.923929236644994,11.562889006622413],[9.895518161234179,11.58603883942095],[9.937764445672656,11.612079856799994],[9.94739520812243,11.646826011211488],[9.997875331781188,11.669996154299156],[10.007965867231064,11.649894169780168],[10.060673723113894,11.64251949158131],[10.074787495346698,11.683852590924403]]]}},{"type":"Feature","properties":{"state_code":"25","state_name":"NASARAWA","lga_code":"07","lga_name":"KOKONA"},"geometry":{"type":"Polygon","coordinates":[[[8.070797604026268,9.154648191660783],[7.973758999778056,9.063896001399371],[7.946564999375255,9.061478001408659],[7.911865012560327,9.01181302595046],[7.892461720332165,9.017338748384589],[7.862968420556228,8.923111638891044],[7.90987265989537,8.868917465368781],[7.91257394722993,8.846843270300724],[7.889232807947792,8.84005327463899],[7.892803618292419,8.797341616222639],[7.924919849271703,8.76762197777208],[7.935263790291742,8.7231043745673],[7.900131352779738,8.643599372912774],[7.942021369890369,8.604336431980812],[7.996314526394315,8.587209894021441],[8.015164377633994,8.557392142233653],[8.101229825695953,8.526478309326535],[8.147382592432734,8.468988937989138],[8.170431630115672,8.486617557554268],[8.222607930012032,8.484412446876945],[8.240638768664269,8.507919950845121],[8.188597000151503,8.543487000125026],[8.157108999580714,8.539247999795407],[8.15516900004934,8.55903100018054],[8.190569729609365,8.624417137640819],[8.172708653281745,8.711917095197862],[8.193604882159605,8.731969115182551],[8.18839242686903,8.757615837401033],[8.234541315729189,8.788827841431782],[8.214524857636093,8.82157074699245],[8.23877762978384,8.894125691647389],[8.186539922379552,8.952760459327806],[8.178406415124016,9.019273416734848],[8.15532115634636,9.041472116644911],[8.0616469347583,9.052055201786175],[8.070797604026268,9.154648191660783]]]}},{"type":"Feature","properties":{"state_code":"08","state_name":"BORNO","lga_code":"19","lga_name":"MAFA"},"geometry":{"type":"Polygon","coordinates":[[[13.90978702794905,12.121152376680868],[13.869942248136283,12.17393206681146],[13.70145261344743,12.214597056209243],[13.678677683728154,12.240777694235248],[13.653938835209146,12.21023429657555],[13.653582435680903,12.137090226732653],[13.470253626603608,12.256980235449532],[13.402521548230936,12.218881374276066],[13.359097887557539,12.257840052976121],[13.28150131293529,12.257641059087632],[13.266655512342084,12.198144169817624],[13.286284557786189,12.09455185868137],[13.263422327278647,12.086638051305044],[13.224650158977681,12.127871009339685],[13.19558239681021,12.083346011009667],[13.236910576861703,11.999299327801793],[13.247382991431948,12.038381585042146],[13.259884910560231,12.033790930906775],[13.290743079929257,11.879993108595158],[13.26875770640305,11.85498866059828],[13.19558061705186,11.846956202966453],[13.191209757224556,11.827533732695656],[13.313196882430248,11.784856222436758],[13.310867794812907,11.747537728183659],[13.335569370030441,11.725606146706355],[13.505485514744748,11.797357563300977],[13.553746852635186,11.771103462354972],[13.585499130680375,11.650679786043327],[13.709243767685791,11.74785131188861],[13.786353631914608,11.749324394205473],[13.85210665769614,11.901589242949228],[13.85968233437228,12.01877569084553],[13.90978702794905,12.121152376680868]]]}},{"type":"Feature","properties":{"state_code":"15","state_name":"GOMBE","lga_code":"01","lga_name":"AKKO"},"geometry":{"type":"Polygon","coordinates":[[[10.97760075187324,9.810182376315652],[11.044015883726104,9.836581230339561],[11.084824562303766,9.937875747567773],[11.165097236947986,9.954819679084949],[11.186289020821675,9.985980618710641],[11.282877589029567,10.00515935831777],[11.303758674223502,10.027910506364833],[11.463835133184887,9.987284133855724],[11.48656113978484,10.019735179734823],[11.533511161810736,10.006290435655103],[11.539426804203686,10.021604539318105],[11.417178586922319,10.070508968014508],[11.330722808810606,10.078731536930945],[11.304016113253056,10.10769367192546],[11.2657625866741,10.225022310731106],[11.199983800711891,10.20798250788647],[11.190793877835233,10.238172644651854],[11.20820797132086,10.293100469810895],[11.168844288333275,10.263614509402146],[11.124304762354939,10.27965365639119],[11.121348350845778,10.31095073538819],[11.005092189552954,10.334621139853766],[10.992133482274426,10.367436163847913],[10.931242936112653,10.355582214347749],[10.83507251668334,10.395102500779842],[10.819189562148608,10.312951689169154],[10.8628708318235,10.26827002714009],[10.857159615224134,10.235681534275443],[10.80744270481705,10.137963781803137],[10.73838875523694,10.120955921078917],[10.715902847838208,10.094543903678243],[10.717475890699859,10.049853324871094],[10.945419806578855,9.880443018230778],[10.97760075187324,9.810182376315652]]]}},{"type":"Feature","properties":{"state_code":"07","state_name":"BENUE","lga_code":"22","lga_name":"USHONGO"},"geometry":{"type":"Polygon","coordinates":[[[9.354361668156514,7.083548284825554],[9.313416196400397,7.098064899375629],[9.274486787934961,7.049673708374996],[9.253423694348044,7.092314379704931],[9.143484986243152,7.051725972975305],[9.10881136305403,7.068484484071746],[9.068190579831423,7.042483523395958],[9.039531330206785,7.047273789254007],[9.016688936944945,7.072885580904881],[9.048432921442213,7.118636301224399],[9.075385928717708,7.125169017036569],[9.0607930003967,7.15656699996714],[9.074191999561208,7.173522000340085],[9.106461671968646,7.155304019065284],[9.128598532696174,7.173366012031863],[9.103903343564525,7.209391214632888],[9.036261342187231,7.247286821829391],[9.005278278569733,7.242507010590089],[8.984371774038209,7.284223177957358],[8.90367106976413,7.276280573389784],[8.869585124753769,7.256249584051091],[8.841577424058926,7.187137687554298],[8.776371087156008,7.180372303638933],[8.835173375151214,7.12168460276223],[8.839451592217245,7.065697300689919],[8.97669074987823,6.960110025257507],[9.142115164982954,6.96671342328591],[9.162464371333726,6.943060578083248],[9.196235567117753,6.957544758583765],[9.207479312220528,7.004207181915945],[9.32795098804769,7.032020101146827],[9.354361668156514,7.083548284825554]]]}},{"type":"Feature","properties":{"state_code":"16","state_name":"IMO","lga_code":"03","lga_name":"EHIME MBANO"},"geometry":{"type":"Polygon","coordinates":[[[7.302718001134906,5.600979729231142],[7.3524341749972,5.636367659639802],[7.36851700025943,5.692128999853537],[7.308876000027453,5.75506500004974],[7.25743823868379,5.730489444132616],[7.246374038730949,5.670605957898658],[7.213770609026426,5.671337711965862],[7.23536537371308,5.594751345798045],[7.302718001134906,5.600979729231142]]]}},{"type":"Feature","properties":{"state_code":"16","state_name":"IMO","lga_code":"06","lga_name":"IDEATO SOUTH"},"geometry":{"type":"MultiPolygon","coordinates":[[[[7.046609008598921,5.846234875039499],[7.046649174120148,5.821163784581017],[7.068684138961885,5.817777903627416],[7.076567802861859,5.832908533901787],[7.046609008598921,5.846234875039499]]],[[[7.162410838689311,5.746024947393437],[7.189436212611156,5.732404300418182],[7.205212000333574,5.76471299980517],[7.183423215908761,5.85100752317868],[7.109775244232196,5.829699165584088],[7.129796192640242,5.794114537256121],[7.116941411916685,5.774878936214009],[7.162410838689311,5.746024947393437]]]]}},{"type":"Feature","properties":{"state_code":"29","state_name":"OSUN","lga_code":"16","lga_name":"IFE SOUTH"},"geometry":{"type":"Polygon","coordinates":[[[4.42391833616233,7.190768351378381],[4.410297494034182,7.127719288414482],[4.350731141129302,7.065693835602076],[4.370260714360541,7.056211471182507],[4.390379905608199,6.980854988167209],[4.424521445808125,7.002435207219094],[4.488862037752881,6.991775513329344],[4.516273497823704,7.022613047754021],[4.609585762073323,7.031077861654069],[4.626796722091115,7.104118824224429],[4.672955513386285,7.140385627894489],[4.671884535942638,7.166234015887198],[4.708982467866633,7.164592743260528],[4.746673106978335,7.222973347242203],[4.745480867647984,7.313828535058917],[4.712247748834614,7.315739796754258],[4.682258701378032,7.344053686028815],[4.670220999699438,7.404220000052987],[4.614565906291602,7.41031405894671],[4.618677481680493,7.385336033930855],[4.590647085694513,7.385451255071416],[4.623477956642432,7.321492506274183],[4.593807200841695,7.303718412374906],[4.595468255855394,7.273568021147298],[4.54410603216769,7.288814368987971],[4.550397092052208,7.318505936000179],[4.512861173204612,7.353445890715307],[4.489916947908853,7.29624032203327],[4.518738339902541,7.249763992714122],[4.470135363056613,7.248514810110464],[4.42391833616233,7.190768351378381]]]}},{"type":"Feature","properties":{"state_code":"04","state_name":"ANAMBRA","lga_code":"21","lga_name":"OYI"},"geometry":{"type":"Polygon","coordinates":[[[6.808351040668015,6.205097954806831],[6.810410391926098,6.173613899561872],[6.901832512360613,6.159643102447262],[6.929858025927217,6.211905151801375],[6.959201976190286,6.219947573022125],[6.966719614218846,6.282925907904371],[6.930836621412993,6.29557936909265],[6.878622445669407,6.250248199594807],[6.820547273937564,6.231961841965472],[6.808351040668015,6.205097954806831]]]}},{"type":"Feature","properties":{"state_code":"13","state_name":"EKITI","lga_code":"05","lga_name":"EKITI SOUTH WEST"},"geometry":{"type":"Polygon","coordinates":[[[5.086197840857722,7.456308112429497],[5.110541476008336,7.498544378420377],[5.171855788114158,7.54019476307792],[5.113286150235695,7.636679488367747],[5.082793339441139,7.615762697390608],[5.075525656284071,7.540501427399022],[4.974850691006623,7.56093876641097],[4.919433890961329,7.521453978018712],[4.952418804084573,7.447825909238361],[4.99702024478853,7.415041924445291],[5.048568248625827,7.457332611111156],[5.086197840857722,7.456308112429497]]]}},{"type":"Feature","properties":{"state_code":"04","state_name":"ANAMBRA","lga_code":"02","lga_name":"AYAMELUM"},"geometry":{"type":"Polygon","coordinates":[[[6.939323224986879,6.703344310891282],[6.942338158978885,6.622537024364249],[6.914972051718848,6.586350092183068],[6.923591980685387,6.573568013553029],[6.905052591603862,6.570934905621471],[6.910677340187135,6.515916546611379],[6.893297501878237,6.492584898774112],[6.891808676928918,6.4119826711634],[6.908695597723693,6.396589410972581],[7.031846694769172,6.450784071927444],[7.055431365964807,6.545300007689264],[7.10946846030123,6.593236445705429],[7.13256549839906,6.652067661293586],[7.007494450408615,6.708719731430506],[6.939323224986879,6.703344310891282]]]}},{"type":"Feature","properties":{"state_code":"16","state_name":"IMO","lga_code":"01","lga_name":"ABOH MBAISE"},"geometry":{"type":"Polygon","coordinates":[[[7.210201176443206,5.511822174553743],[7.154286816583351,5.476858758325079],[7.180320931665733,5.446164345608111],[7.240855902078295,5.436572916806711],[7.19944147344529,5.374437116279921],[7.24574900001636,5.361486000178786],[7.2357886216476,5.337127147599858],[7.259479548642332,5.32456882569079],[7.284790580021308,5.349659307331194],[7.300154970175754,5.341230620996384],[7.322649002049843,5.395452975674345],[7.291599980354874,5.402842955837798],[7.285486545567665,5.448280882956453],[7.261082494861284,5.458742103665202],[7.284875723336029,5.488118621976867],[7.271014291876099,5.514322403156427],[7.210201176443206,5.511822174553743]]]}},{"type":"Feature","properties":{"state_code":"13","state_name":"EKITI","lga_code":"12","lga_name":"ILEJEMEJE"},"geometry":{"type":"Polygon","coordinates":[[[5.250177692046918,8.002367894562724],[5.23965058970299,7.978733914438635],[5.19726459468535,7.973076874797982],[5.161178832637063,7.939386993914695],[5.177464663663329,7.898235206889353],[5.218372256874204,7.906449723276182],[5.228331000275489,7.880026000299722],[5.266414750140655,7.883227675816613],[5.271652365764112,7.951544261358606],[5.250177692046918,8.002367894562724]]]}},{"type":"Feature","properties":{"state_code":"16","state_name":"IMO","lga_code":"11","lga_name":"MBAITOLI (NWAORIEUBI)"},"geometry":{"type":"Polygon","coordinates":[[[7.006188422557727,5.5415736508034],[7.031778018041166,5.520470662391233],[7.044220444318114,5.541395322436244],[7.07848819537395,5.523976499415937],[7.081678274133083,5.600112486901821],[7.111164063670628,5.57264304843801],[7.125437999763903,5.610530999705929],[7.162094206282632,5.626989552725718],[7.105798055435969,5.629720494305388],[7.088976657446835,5.648845681982664],[7.074327929790172,5.626658998813809],[7.020382245244491,5.652618660822611],[6.955163000372238,5.626615000382003],[6.956775000066273,5.565692000385582],[6.981318631849433,5.541000759277665],[6.998560890972385,5.568906679199927],[7.006188422557727,5.5415736508034]]]}},{"type":"Feature","properties":{"state_code":"09","state_name":"CROSS RIVER","lga_code":"02","lga_name":"AKAMKPA"},"geometry":{"type":"Polygon","coordinates":[[[8.70059503713128,5.014321504833617],[8.746937908857433,5.097688107220392],[8.815553665569269,5.159721374242054],[8.859998703377528,5.497499467326577],[8.921665191795228,5.595276832260026],[8.853062039981182,5.744858530296995],[8.808631884154181,5.745438040832994],[8.677240114839492,5.653043864782603],[8.574395668225577,5.642699413846913],[8.489604361652027,5.610013437170437],[8.296345204367753,5.736927928980776],[8.144489853823757,5.666914749016485],[8.190808077830582,5.543493067551083],[8.26022694441798,5.44580374085001],[8.244667099207334,5.391571883036022],[8.171347496090107,5.352666649246487],[8.162090133053255,5.307948043967087],[8.18147837962357,5.228070294008887],[8.22680887373059,5.211638076735881],[8.265244748646296,5.244314204936643],[8.334231474802777,5.207207908418297],[8.413327109558509,5.196244142952878],[8.396803800854798,5.126478810748551],[8.466365819726832,5.064415471297025],[8.471919492190864,5.034528882701807],[8.514381802778018,5.022460509644873],[8.60370887696314,5.041811135775333],[8.70059503713128,5.014321504833617]]]}},{"type":"Feature","properties":{"state_code":"01","state_name":"ABIA","lga_code":"09","lga_name":"OBINGWA"},"geometry":{"type":"Polygon","coordinates":[[[7.53245536212529,5.172527276812446],[7.5530991549021,5.272792815835828],[7.509970848675778,5.304297436777347],[7.483503474405893,5.24236044487867],[7.379701024982353,5.200363233076814],[7.367988573014259,5.140304674920856],[7.400140007955031,5.103549715646921],[7.383781812980317,5.046665525093943],[7.483162084562593,5.028068839305547],[7.490339208687601,5.071578068672977],[7.538560256051028,5.101324383713404],[7.53245536212529,5.172527276812446]]]}},{"type":"Feature","properties":{"state_code":"07","state_name":"BENUE","lga_code":"12","lga_name":"LOGO"},"geometry":{"type":"Polygon","coordinates":[[[9.179125786226109,7.90808343889961],[9.134352826821555,7.988639704858542],[8.960449543211894,7.932264454141318],[8.930366319649977,7.835306769991519],[8.94896553433199,7.806773958751251],[9.016905376781779,7.802840611005422],[9.145568058918855,7.664464873055522],[9.20175833168173,7.650785154111645],[9.236443942833716,7.591468782158643],[9.187595853965547,7.574007268320827],[9.152705504955122,7.597180037428814],[9.15823774297752,7.547508665992211],[9.183309865857666,7.518828464861826],[9.223474386134058,7.511967732125186],[9.267313760221896,7.458837951210512],[9.467458305156697,7.48480934307679],[9.48554642432805,7.533177793820187],[9.52101586568972,7.547470729890335],[9.504252979391538,7.544638934739112],[9.483389677391756,7.613916504343251],[9.459880525865628,7.627141143848746],[9.446892167939268,7.733240065176915],[9.377987938392664,7.717688078242247],[9.386640548722369,7.844702721253611],[9.130218505779453,7.788012981214138],[9.115716934189209,7.808447360557295],[9.179125786226109,7.90808343889961]]]}},{"type":"Feature","properties":{"state_code":"07","state_name":"BENUE","lga_code":"06","lga_name":"GUMA"},"geometry":{"type":"Polygon","coordinates":[[[9.134352826821555,7.988639704858542],[9.057020187032037,8.077641487065023],[8.910846710007718,8.056263923941003],[8.780536652444596,8.075201987881485],[8.503683090002653,8.158167838874704],[8.390913337680445,8.078293828297603],[8.360296248672967,7.962283598309455],[8.344406738979842,7.973415652110702],[8.339716166567882,7.960989481979084],[8.347916116635531,7.928151386777131],[8.39110648507625,7.890456929144023],[8.415759319736878,7.79995769119455],[8.449971911774355,7.84628160611129],[8.49451520771072,7.851383087759359],[8.681339757124135,7.824439642075845],[8.715610195354259,7.766674347043534],[8.693264768354425,7.753142857956561],[8.696588999882465,7.661138000218557],[8.767846999839207,7.653304999626073],[8.818897753228782,7.730040916754945],[8.898562431311177,7.690912034163091],[8.983824818960272,7.705222349631754],[8.99688515772391,7.598633513625828],[9.022163307190908,7.561629538372529],[9.13177220602256,7.63081057115096],[9.187595853965547,7.574007268320827],[9.236443942833716,7.591468782158643],[9.20175833168173,7.650785154111645],[9.145568058918855,7.664464873055522],[9.016905376781779,7.802840611005422],[8.94896553433199,7.806773958751251],[8.930366319649977,7.835306769991519],[8.960449543211894,7.932264454141318],[9.134352826821555,7.988639704858542]]]}},{"type":"Feature","properties":{"state_code":"09","state_name":"CROSS RIVER","lga_code":"16","lga_name":"OGOJA"},"geometry":{"type":"Polygon","coordinates":[[[8.717040854851632,6.377235072440669],[8.72432782127197,6.433320575084508],[8.763495016781633,6.465427123063307],[8.80052540692202,6.562319001121068],[8.826137783132253,6.530628398581769],[8.930084976640387,6.481473452937564],[8.91938274481788,6.526167370028134],[9.012876498551634,6.545360578827683],[8.960793561773528,6.632641671076328],[8.919202375888972,6.620257639578426],[8.9403518079896,6.607380129389526],[8.923823483766796,6.591973364978855],[8.854455400996017,6.570465880396114],[8.825719673923857,6.684551166403253],[8.78407094311956,6.687959407200935],[8.711868226937156,6.608649026031799],[8.644858225027122,6.573908191110206],[8.62209980775998,6.526520333246822],[8.51890371903147,6.541832142739224],[8.513707570248243,6.518916614809996],[8.544500677264466,6.505615555413613],[8.525172855243113,6.458562748971758],[8.545118603241008,6.450004207728057],[8.520348926861516,6.437005494108291],[8.431208515960293,6.456778694581146],[8.43230438214158,6.433218956189933],[8.456825255681053,6.428223609831775],[8.444204949798632,6.389262063193712],[8.471808698412758,6.374117538393705],[8.49181962207797,6.38582705587396],[8.500219171277763,6.353281155800744],[8.527637733294796,6.38547272028984],[8.585778131055974,6.356662775766551],[8.626519177917771,6.360203572137209],[8.636499557208822,6.385011589313422],[8.66575621387824,6.369752197705793],[8.717040854851632,6.377235072440669]]]}},{"type":"Feature","properties":{"state_code":"01","state_name":"ABIA","lga_code":"10","lga_name":"OHAFIA"},"geometry":{"type":"Polygon","coordinates":[[[7.890100001713733,5.684799670868188],[7.803929806015788,5.744953156063332],[7.786321639731909,5.804915428304412],[7.725003441655531,5.816395604273794],[7.728859552026734,5.761426392314206],[7.688304000229493,5.738556999605919],[7.633247000049039,5.643636000201298],[7.657896000000449,5.627088999757575],[7.695335999856582,5.645579999917118],[7.741237522993345,5.606058455333482],[7.767643946610917,5.614874005730826],[7.774191487747032,5.580618551105317],[7.805284721912415,5.574080227120817],[7.75659600010539,5.553756000339206],[7.760380187195949,5.535091338394579],[7.811812652432025,5.499533517058239],[7.86706799988832,5.509488000370993],[7.887265999626209,5.558384999767952],[7.90083400028891,5.513385000217625],[7.917696953251834,5.649620055820947],[7.890100001713733,5.684799670868188]]]}},{"type":"Feature","properties":{"state_code":"04","state_name":"ANAMBRA","lga_code":"19","lga_name":"ORUMBA NORTH"},"geometry":{"type":"Polygon","coordinates":[[[7.150612371963462,6.228644272615156],[7.150109854186496,6.176410313585166],[7.076700087738914,6.116878682605147],[7.073646818346049,6.066867153396458],[7.032442289679977,6.037434806970793],[7.07392588697013,6.025456299568646],[7.067809155268321,6.043211564362252],[7.095369145569634,6.049248734841285],[7.103093955022075,6.0298291639848],[7.13056884157885,6.032144543236143],[7.138503970082184,6.005180479695412],[7.167343510394744,6.033332516182725],[7.188503999659929,6.029516000263243],[7.187185786894588,6.046684889995731],[7.264390469344733,6.054168700924834],[7.270818552634125,6.078984653718862],[7.229471683771237,6.127632140710773],[7.199536799783516,6.234766961426203],[7.150612371963462,6.228644272615156]]]}},{"type":"Feature","properties":{"state_code":"07","state_name":"BENUE","lga_code":"01","lga_name":"ADO"},"geometry":{"type":"Polygon","coordinates":[[[7.817716096420781,6.637506170573374],[7.878084183238514,6.561727046665908],[7.944760342415918,6.540019822656745],[7.959155246317607,6.590753583011519],[7.987066268993146,6.611223221174782],[7.984430910957826,6.720462039991219],[8.019998760634337,6.733300205739965],[8.098546028376575,6.707036972178571],[8.136236190847569,6.71611881363242],[8.160303116295836,6.761074065615674],[8.11863699979773,6.800176000022418],[8.109941999923421,6.861615000431982],[8.085300828570439,6.862186771402435],[8.12348484025324,6.896064500876037],[8.192671956045956,6.901074902784558],[8.164571182713985,6.986170790849371],[8.086767999643541,6.96915099971892],[7.988497999583046,6.983488999917483],[7.938155000053257,6.965910999593007],[7.96405145411137,6.914423966193112],[7.889743210081122,6.834539936269096],[7.887640476426895,6.789345740713429],[7.903395652587335,6.781468390953535],[7.817716096420781,6.637506170573374]]]}},{"type":"Feature","properties":{"state_code":"25","state_name":"NASARAWA","lga_code":"12","lga_name":"TOTO"},"geometry":{"type":"Polygon","coordinates":[[[6.980814908980904,8.443727660703019],[6.934631347658637,8.31042194431734],[7.002655506046835,8.167018890009842],[6.952556610399313,7.91790342320445],[6.966546535194482,7.879061221997858],[7.072845458551114,7.942744732383517],[7.317159083424997,8.041762033990722],[7.320804248817069,8.084794618177114],[7.373569122616971,8.122327145681254],[7.435621197160572,8.24248204161296],[7.466184193745619,8.418030232908961],[7.462861016222973,8.554151319228026],[7.435716040562852,8.586414717065566],[7.365309516021398,8.487671284202463],[7.133418982899798,8.449494384358388],[7.124194216689773,8.42278890198628],[7.083543498633617,8.41933623467952],[7.079858211787098,8.44308110480921],[6.980814908980904,8.443727660703019]]]}},{"type":"Feature","properties":{"state_code":"29","state_name":"OSUN","lga_code":"09","lga_name":"EGBEDORE"},"geometry":{"type":"Polygon","coordinates":[[[4.397185326441729,7.896511077024627],[4.325954611016527,7.806443439013549],[4.341695788330014,7.752685249624619],[4.320443446807644,7.70106193565988],[4.337130368271914,7.668445054795484],[4.38955462744417,7.701470725193872],[4.391064698876789,7.740708709039723],[4.417220142395706,7.770480484786617],[4.450102630831793,7.775756662440074],[4.455745370352588,7.753552932621801],[4.48112405503116,7.746019488108914],[4.506076592360898,7.774675823030861],[4.532276464187532,7.774971948196878],[4.526558901971782,7.794338495924876],[4.549640085021963,7.820117978761743],[4.535564680565585,7.860060433042577],[4.502154872849133,7.831295279253766],[4.455290795433882,7.828035267413725],[4.437010991164357,7.852987386558709],[4.44764909502976,7.884288892018787],[4.397185326441729,7.896511077024627]]]}},{"type":"Feature","properties":{"state_code":"16","state_name":"IMO","lga_code":"26","lga_name":"OWERRI NORTH (ORIE URATTA)"},"geometry":{"type":"Polygon","coordinates":[[[7.009473146868288,5.525469538588368],[7.063973749089314,5.492868432732052],[7.074844969819537,5.463350362928963],[7.041858898369526,5.446937623172801],[7.080608765282363,5.418008579632271],[7.063301042708986,5.380091648610744],[7.03514699983424,5.376572999844143],[7.035314000340918,5.328476999613883],[7.099818000000766,5.395755000393024],[7.161534999740468,5.403464999809955],[7.173018999627175,5.428848000334995],[7.146690398842907,5.44023044517894],[7.171347910877444,5.46733506556086],[7.154286816583351,5.476858758325079],[7.161987874041188,5.496826185380201],[7.144929451632947,5.490038946140487],[7.05411501119886,5.541685455419497],[7.031778018041166,5.520470662391233],[7.006188422557727,5.5415736508034],[7.009473146868288,5.525469538588368]]]}},{"type":"Feature","properties":{"state_code":"04","state_name":"ANAMBRA","lga_code":"10","lga_name":"IDEMILI NORTH"},"geometry":{"type":"Polygon","coordinates":[[[6.963529497688228,6.093192342152918],[6.97931495042468,6.131984781172775],[6.962357701746612,6.158844240069698],[6.90083981820311,6.140896743390044],[6.848384018907382,6.179557572024351],[6.820305535272269,6.169213904398191],[6.83430331834353,6.132374478999054],[6.792909600197959,6.111199742674046],[6.813771162908893,6.092881886290058],[6.845293013062133,6.097004698707906],[6.846621130061123,6.073818841766183],[6.904139384025427,6.099188067375451],[6.963529497688228,6.093192342152918]]]}},{"type":"Feature","properties":{"state_code":"01","state_name":"ABIA","lga_code":"07","lga_name":"ISIALA NGWA SOUTH"},"geometry":{"type":"Polygon","coordinates":[[[7.271048931063376,5.211805561977144],[7.306863840693723,5.229193484291898],[7.30760226143525,5.253905085151587],[7.332959377673205,5.246095939076383],[7.33464146423222,5.275053000095909],[7.363081555369547,5.280526319933756],[7.398204628241047,5.255542124669375],[7.382387667756689,5.205021217655144],[7.46536293465175,5.231764690088426],[7.500010885793813,5.27770684279659],[7.509970848675778,5.304297436777347],[7.492640831908886,5.325299916058327],[7.511941208420069,5.341507937741198],[7.496137318682372,5.353962542637305],[7.479327221574067,5.333533399147086],[7.379494250159553,5.323802533160404],[7.370674175272995,5.345766134999167],[7.327973889683335,5.32854025882591],[7.300609582866002,5.342437317828001],[7.271048931063376,5.211805561977144]]]}},{"type":"Feature","properties":{"state_code":"15","state_name":"GOMBE","lga_code":"05","lga_name":"FUNAKAYE"},"geometry":{"type":"Polygon","coordinates":[[[11.47341557676748,11.017535932437397],[11.394354820418698,11.091974258005678],[11.378472035855793,11.039523856440894],[11.326512045394622,11.000035102937716],[11.36313226823961,10.830213628955846],[11.326871872239167,10.790934563179576],[11.245492780567417,10.800977135086782],[11.172103149041163,10.660447060383603],[11.192481714659436,10.57894384518238],[11.251647558987713,10.531518205900511],[11.31425480031885,10.52831860242162],[11.345399862413785,10.61616910312165],[11.376298226082326,10.648872954723117],[11.415474742165657,10.665789953343733],[11.522719382693424,10.661479949739942],[11.53036212900912,10.934866905383444],[11.47341557676748,11.017535932437397]]]}},{"type":"Feature","properties":{"state_code":"07","state_name":"BENUE","lga_code":"09","lga_name":"KATSINA-ALA"},"geometry":{"type":"Polygon","coordinates":[[[9.830075192016523,7.587598206192297],[9.780509999936612,7.539254000271967],[9.845772287261298,7.486312796398465],[9.76506890120885,7.320377116710631],[9.63833923986408,7.399774472214176],[9.598621000059154,7.400251999630143],[9.53075395503106,7.537778167828208],[9.48554642432805,7.533177793820187],[9.467458305156697,7.48480934307679],[9.408525777342788,7.450603920434617],[9.37286871941592,7.396147690763371],[9.347334103086439,7.394756696764205],[9.371407566605967,7.357015865589801],[9.257055560565732,7.273345706938869],[9.251249205586419,7.237911178158413],[9.31563200001682,7.238861999881465],[9.316698999759069,7.219097000326371],[9.273830999600989,7.178529000113315],[9.296436991673886,7.109058304697044],[9.385615532031238,7.074035295792328],[9.394773608115543,7.049633579725992],[9.467797463781949,7.082507647809734],[9.48296211630867,7.029275008734714],[9.526327848951098,7.033620331413204],[9.523610351336686,6.989547228022218],[9.599184703211506,7.000732786988578],[9.641301163318076,7.050701467998408],[9.737985610947248,7.078073026049367],[9.824008941959164,7.172336103028783],[9.824958801407604,7.254598140991448],[9.882676124803368,7.414256095942108],[9.884653090967447,7.507860184799711],[9.830075192016523,7.587598206192297]]]}},{"type":"Feature","properties":{"state_code":"26","state_name":"NIGER","lga_code":"17","lga_name":"MOKWA"},"geometry":{"type":"Polygon","coordinates":[[[4.764554977430294,9.14993190763147],[4.828239917738074,9.134222031221839],[5.016323089039361,9.20533180222094],[5.159452914920109,9.10697269373486],[5.237801074559968,9.018788337711669],[5.37007761039348,8.996402739794632],[5.52541780508767,8.940100669610274],[5.642038344693901,8.835411073162561],[5.728248118655813,8.819958687043822],[5.760780333745458,8.773600579003585],[5.801509274833222,8.810333235090752],[5.811742459846698,8.851100090696661],[5.777059938765206,8.865539976888499],[5.788653512049962,8.882715550382386],[5.759827613553568,8.902132033866337],[5.527214372645233,8.97974136717039],[5.491895675644969,9.025050163334413],[5.47171984509481,9.013089291637527],[5.407071589682175,9.067208289930704],[5.432722091751202,9.102763175879886],[5.51195907565085,9.11343002297724],[5.499950154975693,9.16080524356721],[5.466391411434529,9.178280046686837],[5.507367677776131,9.235214707193052],[5.441339178860062,9.263222958272934],[5.411129791206974,9.355441648713168],[5.350448240294099,9.436625691822258],[5.329684728867164,9.517046609813235],[5.22102665265794,9.508577483663998],[5.185956881704783,9.46938511702956],[4.919206617891177,9.355203628744505],[4.847080707408793,9.37856864862431],[4.827157612433894,9.407861365409758],[4.827047334866677,9.45484373784825],[4.84994097419667,9.493684393120304],[4.822979980941398,9.553872968962423],[4.697919446025651,9.614911461694646],[4.567862329982574,9.599223661842586],[4.547557515966616,9.559668058134434],[4.611859321050872,9.427962303117852],[4.617050171028609,9.3304395677319],[4.737516879900113,9.268896102972803],[4.764554977430294,9.14993190763147]]]}},{"type":"Feature","properties":{"state_code":"01","state_name":"ABIA","lga_code":"02","lga_name":"ABA SOUTH"},"geometry":{"type":"Polygon","coordinates":[[[7.324683657025219,5.090662347988996],[7.321893109279642,5.058066379060222],[7.359532932199102,5.040493574119182],[7.389040952977666,5.099982532268086],[7.361532221334983,5.113776087396559],[7.324683657025219,5.090662347988996]]]}},{"type":"Feature","properties":{"state_code":"26","state_name":"NIGER","lga_code":"07","lga_name":"EDATTI"},"geometry":{"type":"Polygon","coordinates":[[[5.837449074215442,9.131628989885996],[5.830348761186428,9.171737745000996],[5.677220479641448,9.200528242584369],[5.500276565710976,9.13882637034078],[5.515006541718549,9.119524956911278],[5.502816199907727,9.105302810976013],[5.432722091751202,9.102763175879886],[5.407071589682175,9.067208289930704],[5.47171984509481,9.013089291637527],[5.491895675644969,9.025050163334413],[5.527214372645233,8.97974136717039],[5.759827613553568,8.902132033866337],[5.788653512049962,8.882715550382386],[5.777059938765206,8.865539976888499],[5.811742459846698,8.851100090696661],[5.838103790557511,8.967737244378384],[5.809889789881936,9.046335535156857],[5.837449074215442,9.131628989885996]]]}},{"type":"Feature","properties":{"state_code":"27","state_name":"OGUN","lga_code":"17","lga_name":"ODOGBOLU"},"geometry":{"type":"MultiPolygon","coordinates":[[[[3.911564411368545,6.874408711792682],[3.911265224910267,6.853178954045518],[3.935039109867091,6.851953857984199],[3.937477060418075,6.880765613742142],[3.911564411368545,6.874408711792682]]],[[[3.692374775975168,6.682786340417351],[3.903000777264083,6.68157065576122],[3.903848796584725,6.721390664647515],[3.956163397822593,6.754815524317053],[3.921408119788964,6.816841737955883],[3.888123007570812,6.821655038149515],[3.873578497849451,6.790072388430019],[3.838076337353129,6.777543867355632],[3.842082387192477,6.803681178743432],[3.908484272930878,6.840020982182637],[3.88066880682004,6.849843284939709],[3.89253106785452,6.89584750076159],[3.828612140138205,6.867545939393665],[3.73321800021057,6.893357000125491],[3.681440000155931,6.758515999813596],[3.692374775975168,6.682786340417351]]]]}},{"type":"Feature","properties":{"state_code":"15","state_name":"GOMBE","lga_code":"02","lga_name":"BALANGA"},"geometry":{"type":"Polygon","coordinates":[[[11.776087387323116,9.707141013247224],[11.854544455762095,9.793490165938465],[11.85180331676969,9.814048709280542],[11.801160789039216,9.840684685749693],[11.834728303668328,9.92965402761132],[11.822669510189769,9.969896652208774],[11.835776250373726,10.033885796292509],[11.789934078894646,10.039304656784509],[11.735533010939776,10.095933522614018],[11.591233295680127,10.064981196025428],[11.539426804203686,10.021604539318105],[11.52318572973769,9.972988130198075],[11.527162360954264,9.931107171958445],[11.554792380563981,9.929160548020945],[11.538483097916696,9.897289922791742],[11.574211121346195,9.862804412593619],[11.566921233927872,9.739665031016443],[11.504538536224516,9.699355126338048],[11.436270713722536,9.690811156809502],[11.373851776038691,9.546802520619906],[11.429598808038634,9.549625397194347],[11.48427867931764,9.604154587064613],[11.5629872143885,9.605118869839998],[11.613612785401756,9.656329749318502],[11.634469729194677,9.627462758099853],[11.756587981849918,9.718674660207455],[11.776087387323116,9.707141013247224]]]}},{"type":"Feature","properties":{"state_code":"27","state_name":"OGUN","lga_code":"10","lga_name":"IJEBU NORTH EAST"},"geometry":{"type":"Polygon","coordinates":[[[4.091471502407956,6.897551680965364],[4.077928983136133,6.929952661586128],[4.041462432845037,6.943069604578625],[3.96852158370416,6.915489894842835],[3.933124534169963,6.870927996429941],[3.977723401913522,6.835006204173055],[4.042196758073999,6.849996445779425],[4.072112667265856,6.815079040665239],[4.091471502407956,6.897551680965364]]]}},{"type":"Feature","properties":{"state_code":"07","state_name":"BENUE","lga_code":"19","lga_name":"OTUKPO"},"geometry":{"type":"Polygon","coordinates":[[[8.053436000371164,6.973432000186733],[8.211251999879948,7.006674999851384],[8.240513581236826,7.047840399914548],[8.256124131123784,7.126036978823549],[8.219945605805094,7.271304569650226],[8.158782167563004,7.360916425852395],[8.115996867261686,7.369994766245497],[8.06805498205182,7.415252501601742],[8.11100771723244,7.422088690041051],[8.076825999820073,7.611871999992843],[7.815919345401539,7.408826814106249],[7.866942623603222,7.396163222954442],[7.85463054056703,7.377397550956232],[7.867933003805149,7.350075850420183],[7.904701059906017,7.357355758961148],[8.014477075256877,7.329847467986326],[8.04469605597825,7.348208939690835],[8.037234672342322,7.316315394340052],[8.059572331897641,7.263403089281212],[8.104581769832862,7.224688364276631],[8.068512125434268,7.196506479290633],[8.074839713981646,7.153758342573497],[7.969512267976825,7.106286491628339],[7.969154307225551,7.091552128727812],[8.053436000371164,6.973432000186733]]]}},{"type":"Feature","properties":{"state_code":"09","state_name":"CROSS RIVER","lga_code":"01","lga_name":"ABI"},"geometry":{"type":"Polygon","coordinates":[[[7.970076084443804,5.76832675907275],[7.999238064085432,5.785740855256336],[8.000641805075304,5.813040939687653],[8.031891439438425,5.798446937576159],[8.113847733086459,5.93814992917595],[8.100927067130499,5.960931769285764],[8.050390608140106,5.950947864652278],[8.04101881806406,5.998460275021728],[7.980422020160177,5.974874020119955],[7.982346057624511,5.926640986592304],[8.00613307987777,5.903514861721533],[7.932170746582756,5.829515097743638],[7.970076084443804,5.76832675907275]]]}},{"type":"Feature","properties":{"state_code":"16","state_name":"IMO","lga_code":"05","lga_name":"IDEATO NORTH"},"geometry":{"type":"Polygon","coordinates":[[[7.22879743595297,5.932837963001646],[7.188812733321015,5.899531364181144],[7.047820091424114,5.927196026575416],[7.035313759322605,5.901900164061374],[7.046609008598921,5.846234875039499],[7.08963043129944,5.817508521601042],[7.137322787916389,5.849124619805423],[7.190184790295859,5.853922930998522],[7.193368517143426,5.872348943449026],[7.202309192914981,5.841674227683484],[7.179225188691532,5.831996401912477],[7.205781999639612,5.771705000285579],[7.223933000307738,5.838130000399246],[7.259313999641392,5.85780600034667],[7.225027917704267,5.894108671677884],[7.22879743595297,5.932837963001646]]]}},{"type":"Feature","properties":{"state_code":"29","state_name":"OSUN","lga_code":"28","lga_name":"ORIADE"},"geometry":{"type":"Polygon","coordinates":[[[5.006279945163385,7.392001629071956],[5.004573458198593,7.413932547748914],[4.947844028379279,7.454688071897067],[4.9022479060161,7.576392650800244],[4.86386156126207,7.622681618062245],[4.887211030964352,7.689585579111224],[4.801185940878497,7.737191824742979],[4.769705695161747,7.732938421770768],[4.772626848750122,7.706516805006572],[4.747988296222957,7.678936394698894],[4.795715778560407,7.670043581745972],[4.784061415601911,7.639679209428039],[4.813721950607601,7.616519031727989],[4.813145552625201,7.574644446983712],[4.851815371782038,7.486196870189474],[4.827139712327892,7.399952546972486],[4.844862303852267,7.375388281144296],[4.943352222327235,7.369954108795127],[5.006279945163385,7.392001629071956]]]}},{"type":"Feature","properties":{"state_code":"33","state_name":"SOKOTO","lga_code":"08","lga_name":"ILLELA"},"geometry":{"type":"Polygon","coordinates":[[[5.183990283824585,13.520001595996916],[5.285951910052631,13.520388220839777],[5.299641263433614,13.535842372327693],[5.282099998616104,13.549199998181393],[5.283651099818428,13.585237269684285],[5.34031957718679,13.632353009783628],[5.336108980145355,13.599947867100411],[5.372299998845904,13.568],[5.363586481930668,13.536285072598048],[5.331778105075557,13.528633635234144],[5.328060466017746,13.484947300577517],[5.37130000129406,13.503600000639551],[5.486696844184053,13.48881181871053],[5.488844307418901,13.570596450665732],[5.536123360804481,13.570686259663205],[5.514300724099201,13.652032588133466],[5.52724504492295,13.654823303152966],[5.451877927424448,13.687703230319869],[5.450343868374887,13.725718465334978],[5.490477085049463,13.7745460991232],[5.445300001793669,13.759399998711046],[5.419892269013076,13.859696172240604],[5.350397653429013,13.834135462081974],[5.281272459556419,13.756080685575228],[5.204739586862502,13.735994803417498],[5.158419948222104,13.74324727903877],[5.152791412593672,13.630971979373385],[5.183990283824585,13.520001595996916]]]}},{"type":"Feature","properties":{"state_code":"16","state_name":"IMO","lga_code":"15","lga_name":"NWANGELE (ONU-NWANGELE AMAIGBO)"},"geometry":{"type":"Polygon","coordinates":[[[7.079628889161938,5.71870242757501],[7.072677973309851,5.67608663688884],[7.12107311143501,5.680108869129072],[7.148362136003811,5.654597620783647],[7.170324790856455,5.668694358058247],[7.157946639126124,5.717774468417019],[7.183252121688099,5.71329883217544],[7.189436212611156,5.732404300418182],[7.173823621263182,5.749031210122325],[7.106322008553889,5.748497708902164],[7.098791728755316,5.729500491154795],[7.131663922651967,5.717437446580959],[7.079628889161938,5.71870242757501]]]}},{"type":"Feature","properties":{"state_code":"29","state_name":"OSUN","lga_code":"13","lga_name":"IFE EAST"},"geometry":{"type":"Polygon","coordinates":[[[4.512861173204612,7.353445890715307],[4.550397092052208,7.318505936000179],[4.54410603216769,7.288814368987971],[4.595468255855394,7.273568021147298],[4.593807200841695,7.303718412374906],[4.623477956642432,7.321492506274183],[4.590647085694513,7.385451255071416],[4.618677481680493,7.385336033930855],[4.614565906291602,7.41031405894671],[4.670220999699438,7.404220000052987],[4.637964999685039,7.444199872426225],[4.62638194397158,7.501785071024244],[4.5705572941838,7.489535322697009],[4.563984590916164,7.470856142996638],[4.53962783105959,7.498034124675144],[4.475570450016278,7.475795523644535],[4.466242963242223,7.458948940141511],[4.502991585893028,7.439758262933537],[4.509343746616651,7.416345026801594],[4.547517321667101,7.413567528218891],[4.512861173204612,7.353445890715307]]]}},{"type":"Feature","properties":{"state_code":"09","state_name":"CROSS RIVER","lga_code":"12","lga_name":"OBANLIKU"},"geometry":{"type":"Polygon","coordinates":[[[9.184833526945738,6.693329811321803],[9.171102524162222,6.687684059072126],[9.20792273284792,6.635599973859769],[9.196565960051089,6.602857130352334],[9.148664190899751,6.558676540889678],[9.111902160256534,6.56139252494512],[9.107919612400224,6.507687492683715],[9.174011188865336,6.49007672735911],[9.193312855903628,6.509837924580609],[9.232054066841783,6.48456135702105],[9.292987175218002,6.501654076874217],[9.346320053627608,6.465369107798153],[9.29710563042056,6.374304369850847],[9.247057160659494,6.332820282430134],[9.282251379797401,6.219915416863046],[9.363332748207824,6.325833320851132],[9.43499946575281,6.327776908677436],[9.467408519587536,6.401266129328462],[9.474411963941009,6.511083125885591],[9.300264358813138,6.720088958938334],[9.184833526945738,6.693329811321803]]]}},{"type":"Feature","properties":{"state_code":"16","state_name":"IMO","lga_code":"20","lga_name":"ONUIMO (OKWE)"},"geometry":{"type":"MultiPolygon","coordinates":[[[[7.233997000361342,5.839176000072371],[7.18743012370129,5.711009106085442],[7.219193044323561,5.707343890308323],[7.285848000185126,5.772564000328373],[7.233997000361342,5.839176000072371]]],[[[7.184810714243099,5.83090100967388],[7.202309192914981,5.841674227683484],[7.193368517143426,5.872348943449026],[7.184810714243099,5.83090100967388]]]]}},{"type":"Feature","properties":{"state_code":"31","state_name":"PLATEAU","lga_code":"14","lga_name":"QUA'AN PAN"},"geometry":{"type":"Polygon","coordinates":[[[8.996002859844168,8.518417300018427],[9.049360275356491,8.519665718198382],[9.10141277278126,8.473614692664],[9.09715843181624,8.440607070759768],[9.132393837205882,8.428657532319335],[9.174925803882786,8.46722602755915],[9.288908005100382,8.460703850002744],[9.355316161811459,8.482957840232189],[9.401791375071923,8.61784117073347],[9.345642089810667,8.650482177710387],[9.345162314089578,8.787975282333434],[9.403000831922895,8.826773643389004],[9.357974052360703,8.842148781341223],[9.331065924852624,8.886937433915477],[9.354729651851983,8.953973769773711],[9.319279670920139,9.012246132253267],[9.319434100703234,9.120339195897202],[9.265618449132148,9.111258655762413],[9.218568557393041,9.033874240204057],[9.156139228043003,9.025700916364258],[9.131177780230416,9.042603773145686],[9.093318639643542,9.018679991888177],[9.054117000099552,9.02490813070574],[9.073461533323155,8.953068734334693],[9.023541450777373,8.865909575766352],[8.95878982459078,8.84952163661427],[8.945146560565377,8.799559592601156],[8.900554657171767,8.775506972668722],[8.892136573843857,8.73293018288166],[8.951176642588052,8.621312141042552],[8.98343181612546,8.596580505086308],[8.975144386304407,8.53750610382366],[8.996002859844168,8.518417300018427]]]}},{"type":"Feature","properties":{"state_code":"16","state_name":"IMO","lga_code":"12","lga_name":"NGOR OKPALA (UMUNEKE)"},"geometry":{"type":"Polygon","coordinates":[[[7.264343654236313,5.215610503621917],[7.300154970175754,5.341230620996384],[7.284790580021308,5.349659307331194],[7.259479548642332,5.32456882569079],[7.2357886216476,5.337127147599858],[7.24574900001636,5.361486000178786],[7.19944147344529,5.374437116279921],[7.240855902078295,5.436572916806711],[7.180320931665733,5.446164345608111],[7.171347910877444,5.46733506556086],[7.146690398842907,5.44023044517894],[7.173018999627175,5.428848000334995],[7.161534999740468,5.403464999809955],[7.099818000000766,5.395755000393024],[7.035314000340918,5.328476999613883],[7.040154999653566,5.301140999857296],[7.003581383274252,5.239958220795302],[7.045132159921309,5.248737812699972],[7.227855728858856,5.194829440126625],[7.264343654236313,5.215610503621917]]]}},{"type":"Feature","properties":{"state_code":"30","state_name":"OYO","lga_code":"26","lga_name":"ONA-ARA"},"geometry":{"type":"Polygon","coordinates":[[[4.125745426410333,7.311768290774069],[4.090084521183769,7.293947858406966],[4.072424831840578,7.304135022413391],[4.102586227172708,7.344562024218078],[4.072711416099025,7.35977777262616],[3.954692144726721,7.35344173135087],[3.957671012307401,7.369895865102137],[3.937558163078791,7.376967119237236],[3.925956839436651,7.337504497334749],[3.959766035174425,7.336591284360338],[3.954138725321968,7.307237952369633],[3.968747976338079,7.312336557086496],[3.974006896900846,7.276348785168352],[3.996063339351679,7.266875536277041],[3.984718737080073,7.226887948620003],[3.998963493770248,7.126570828081299],[4.088356017915942,7.13344621617],[4.071053027575203,7.138991831607768],[4.085450649228108,7.151198386396459],[4.072618008014729,7.167474270021614],[4.125375748392116,7.257791517564556],[4.125745426410333,7.311768290774069]]]}},{"type":"Feature","properties":{"state_code":"14","state_name":"ENUGU","lga_code":"08","lga_name":"IGBO EZE NORTH"},"geometry":{"type":"Polygon","coordinates":[[[7.555215137368748,6.980562781347317],[7.470391429121207,7.093908550339393],[7.394412447976151,7.092895961379554],[7.384659289594595,7.05166816815148],[7.351371635892349,7.033356743718798],[7.405937188950134,7.019671396817557],[7.375218398310494,7.012884824874789],[7.375726492783485,6.980287408936817],[7.423952594336811,6.952130510714539],[7.443387450970135,6.915889924080773],[7.502063621638854,6.926163440090761],[7.519929377139078,6.964865722075444],[7.543472756862286,6.960661724259239],[7.555215137368748,6.980562781347317]]]}},{"type":"Feature","properties":{"state_code":"07","state_name":"BENUE","lga_code":"16","lga_name":"OJU"},"geometry":{"type":"Polygon","coordinates":[[[8.160303116295836,6.761074065615674],[8.234319686804156,6.79921770133592],[8.26608981279469,6.741573250005558],[8.25157546993205,6.735644816555066],[8.294514655926662,6.678709030097707],[8.321065902769249,6.678613185749953],[8.361105919102954,6.693262099566311],[8.40832328798939,6.752637862747235],[8.578411101591087,6.765244007005379],[8.62074089077953,6.781025886735335],[8.641556740051556,6.818769932086752],[8.53175300040067,6.883270999956721],[8.54408632722226,6.955126391669694],[8.51410144812337,7.064411300740971],[8.493545129704046,7.071607503983159],[8.415392400838698,7.045225100358152],[8.43245641343276,7.006127978223674],[8.406335000260128,6.987704000039628],[8.401747000024102,6.946536000036417],[8.341991999930883,6.889023999957658],[8.26788248988504,6.898583001004738],[8.271708946011074,6.920732675272802],[8.12348484025324,6.896064500876037],[8.088091573267548,6.870434347767002],[8.096561299264579,6.850855360386618],[8.109941999923421,6.861615000431982],[8.11863699979773,6.800176000022418],[8.160303116295836,6.761074065615674]]]}},{"type":"Feature","properties":{"state_code":"29","state_name":"OSUN","lga_code":"05","lga_name":"BOLUWADURO"},"geometry":{"type":"Polygon","coordinates":[[[4.843560593646544,7.863239260383637],[4.893586982353384,7.93449505520266],[4.846036873303092,7.986576678071287],[4.809453000155884,7.99680200031213],[4.783671000116613,7.957376000601982],[4.744899741030281,7.954339142037838],[4.744599964616725,7.885211168360797],[4.815801759643534,7.850288214429611],[4.843560593646544,7.863239260383637]]]}},{"type":"Feature","properties":{"state_code":"36","state_name":"ZAMFARA","lga_code":"11","lga_name":"SHINKAFI"},"geometry":{"type":"Polygon","coordinates":[[[6.40500438804213,12.94767604511344],[6.403986359982582,12.960745020965987],[6.437142682089132,12.964566797020098],[6.464665994440168,12.924886953769942],[6.527189808363005,12.916677347681514],[6.562512251039607,12.890397408313788],[6.747409632448637,12.935282506882231],[6.736624806889381,13.005731911998168],[6.606790565332346,13.046604267073292],[6.58126297001013,13.022535604134873],[6.551296491040262,13.032534530144517],[6.521867597111964,13.066608898182153],[6.520486953410227,13.121819284032767],[6.452365363370859,13.11693458036666],[6.466248142038182,13.130642136025813],[6.45182098305196,13.158092409037522],[6.391735743809591,13.129825654130684],[6.300037315669613,13.18245069324496],[6.258309332110059,13.160332855876675],[6.261105669690949,13.13579691059897],[6.229355021217316,13.13545889681069],[6.144388405300731,13.079048209207542],[6.219635663854831,13.015240503346604],[6.436381735129032,13.032980267425444],[6.455038796903011,12.997958266660703],[6.364534348281609,12.977383985182826],[6.370259033127923,12.954368807874232],[6.40500438804213,12.94767604511344]]]}},{"type":"Feature","properties":{"state_code":"16","state_name":"IMO","lga_code":"22","lga_name":"ORSU (AWO IDEMILI)"},"geometry":{"type":"Polygon","coordinates":[[[6.99373183825378,5.895229012908658],[6.92757607987221,5.806637234320931],[6.957195255956321,5.817256140358666],[6.961917161647762,5.792429579161819],[6.998218074804356,5.809262307709389],[7.001043100758523,5.847688761327333],[7.018442866245323,5.845230694740792],[7.012182754730418,5.880085720179864],[7.04677409265031,5.922900929234572],[6.99373183825378,5.895229012908658]]]}},{"type":"Feature","properties":{"state_code":"04","state_name":"ANAMBRA","lga_code":"05","lga_name":"ANAOCHA"},"geometry":{"type":"Polygon","coordinates":[[[6.971863828952564,6.028657254728557],[7.073646818346049,6.066867153396458],[7.076700087738914,6.116878682605147],[7.012441170423699,6.140777108376881],[7.014307412956782,6.169406216323864],[6.999378238015311,6.13252234103328],[6.969397163948031,6.123437603762454],[6.975376799399839,6.049807900014628],[6.957530999855805,6.040109999576885],[6.971863828952564,6.028657254728557]]]}},{"type":"Feature","properties":{"state_code":"09","state_name":"CROSS RIVER","lga_code":"05","lga_name":"BEKWARRA"},"geometry":{"type":"Polygon","coordinates":[[[8.95625639032022,6.63646281310838],[8.990170391250615,6.692373993864749],[8.968091964872315,6.697119236063941],[8.994800567891957,6.760079860597159],[8.92340373959098,6.824865818402827],[8.865224590042828,6.780031223062565],[8.865221886680786,6.740727713713056],[8.830220564027854,6.723348402406884],[8.808747241991682,6.737754719604652],[8.810002943780887,6.692034122077132],[8.825719673923857,6.684551166403253],[8.854455400996017,6.570465880396114],[8.923823483766796,6.591973364978855],[8.9403518079896,6.607380129389526],[8.919202375888972,6.620257639578426],[8.95625639032022,6.63646281310838]]]}},{"type":"Feature","properties":{"state_code":"01","state_name":"ABIA","lga_code":"17","lga_name":"UMU - NNEOCHI"},"geometry":{"type":"Polygon","coordinates":[[[7.339062690590765,6.042149544166193],[7.318281651377163,5.998603343669402],[7.264029979699842,5.991465091840553],[7.254629762053924,5.965185674978954],[7.270840167839538,5.924798964600598],[7.391950606934984,5.911909103122639],[7.390317750164115,5.882975452355311],[7.440935212889826,5.886638248056727],[7.513162188284412,5.924385339411913],[7.529133840254588,5.951950052053292],[7.533384799768726,6.010976791046119],[7.520060062122241,6.020018577595351],[7.415839671663548,6.006217957392892],[7.386810303352888,6.036674976069321],[7.339062690590765,6.042149544166193]]]}},{"type":"Feature","properties":{"state_code":"28","state_name":"ONDO","lga_code":"17","lga_name":"OSE"},"geometry":{"type":"Polygon","coordinates":[[[5.852578163051817,7.093998909721961],[5.842559812585307,7.118010997209808],[5.903481007642426,7.217193126561597],[5.917542933959282,7.333662033276255],[5.95044803584824,7.344475269318252],[5.837967395778719,7.396147727635594],[5.669749259220964,7.300109386239228],[5.726898193097156,7.194239616665016],[5.761337279391967,7.170423030998109],[5.693873881574405,7.130344390581229],[5.699667931130193,7.088825226003451],[5.651526451284724,7.075631617605097],[5.637030602080642,7.014609336951366],[5.587090969172948,6.991248608636454],[5.571213244195917,6.845269680151659],[5.54351091369773,6.824802399111491],[5.576634883593044,6.704025745192041],[5.629253387334018,6.745868206152863],[5.667370796125397,6.727612018979528],[5.702557562581489,6.736117364424899],[5.770835399933787,6.796514034395216],[5.799811840444136,6.921328545376127],[5.792581080752313,7.021655082715938],[5.823740959177997,7.08144092595802],[5.852578163051817,7.093998909721961]]]}},{"type":"Feature","properties":{"state_code":"04","state_name":"ANAMBRA","lga_code":"14","lga_name":"NNEWI NORTH"},"geometry":{"type":"Polygon","coordinates":[[[6.876121833955494,6.055082018220617],[6.863508014883053,5.988823077023426],[6.951417174762867,5.969497441253964],[6.921369871022762,6.049493042869699],[6.891386659266971,6.071137539166159],[6.876121833955494,6.055082018220617]]]}},{"type":"Feature","properties":{"state_code":"28","state_name":"ONDO","lga_code":"02","lga_name":"AKOKO NORTH WEST"},"geometry":{"type":"Polygon","coordinates":[[[5.773028373360773,7.747318744964161],[5.699404240013735,7.682898045008812],[5.688617229101908,7.632442951281234],[5.655056475575918,7.628722667317277],[5.618211745075996,7.563905238635925],[5.786094188995662,7.553754807438452],[5.893457412329781,7.588513850933509],[5.940000534297269,7.645110129828652],[5.92873907075159,7.746604443140598],[5.816439152145222,7.727849007225927],[5.773028373360773,7.747318744964161]]]}},{"type":"Feature","properties":{"state_code":"29","state_name":"OSUN","lga_code":"18","lga_name":"ILESA EAST"},"geometry":{"type":"Polygon","coordinates":[[[4.784061415601911,7.639679209428039],[4.708309542951099,7.587335959387076],[4.727703000193344,7.535045000426464],[4.820941428304309,7.567811080616934],[4.809013069797402,7.626327094619796],[4.784061415601911,7.639679209428039]]]}},{"type":"Feature","properties":{"state_code":"04","state_name":"ANAMBRA","lga_code":"13","lga_name":"NJIKOKA"},"geometry":{"type":"Polygon","coordinates":[[[6.97931495042468,6.131984781172775],[6.999378238015311,6.13252234103328],[7.016513904093472,6.174048503235895],[7.040779426829147,6.172280160001435],[7.022042611377458,6.200915586585097],[7.029457536036489,6.235871684130984],[6.995400369331605,6.230548393693482],[6.986762969235713,6.184498950066541],[6.953143328102158,6.183852431944217],[6.97931495042468,6.131984781172775]]]}},{"type":"Feature","properties":{"state_code":"16","state_name":"IMO","lga_code":"18","lga_name":"OHAJI/EGBEMA (MMAHU-EGBEMA)"},"geometry":{"type":"Polygon","coordinates":[[[6.816560725896807,5.259442008641827],[6.903954983435767,5.219525813665427],[7.003581383274252,5.239958220795302],[6.986197999837884,5.28845999962931],[7.026573000143912,5.28869899985898],[6.982314961965983,5.341690960569451],[6.976391368666782,5.393971424441759],[6.869743121647787,5.384755738686465],[6.930190063720488,5.44269163061432],[6.88562325590857,5.503223475882749],[6.929053901616328,5.525356060333991],[6.92936510031916,5.542488097647663],[6.888824999773988,5.529284999603078],[6.813020999719413,5.606145999838077],[6.65843629759712,5.624850273321499],[6.639080048005837,5.493445873028691],[6.741359711381619,5.494053840812171],[6.762536049399216,5.410212994434175],[6.755795002037758,5.323452949594014],[6.816560725896807,5.259442008641827]]]}},{"type":"Feature","properties":{"state_code":"15","state_name":"GOMBE","lga_code":"06","lga_name":"GOMBE"},"geometry":{"type":"MultiPolygon","coordinates":[[[[11.198706626709509,10.289704323096089],[11.1853011326412,10.312973289086074],[11.121105059950594,10.325015034116575],[11.124304762354939,10.27965365639119],[11.177083654786884,10.263675387209389],[11.198706626709509,10.289704323096089]]],[[[11.223861748920626,10.34083583290743],[11.259593757246137,10.292621745397298],[11.273933959884403,10.340328334684955],[11.223861748920626,10.34083583290743]]]]}},{"type":"Feature","properties":{"state_code":"16","state_name":"IMO","lga_code":"25","lga_name":"OWERRI MUNICIPAL"},"geometry":{"type":"Polygon","coordinates":[[[7.041858898369526,5.446937623172801],[7.074483754421806,5.461721393927235],[7.06897227994682,5.486359423948329],[7.009473146868288,5.525469538588368],[6.97465002308013,5.484328922941472],[6.995814547603345,5.456201043143665],[6.985884513259748,5.443966079670872],[7.002435772892682,5.426559811186394],[7.041858898369526,5.446937623172801]]]}},{"type":"Feature","properties":{"state_code":"25","state_name":"NASARAWA","lga_code":"05","lga_name":"KEANA"},"geometry":{"type":"Polygon","coordinates":[[[9.057020187032037,8.077641487065023],[8.947597503621921,8.222564696903305],[8.959122658284116,8.28141689277544],[8.890952110051899,8.2730798716388],[8.827685356294182,8.289754868092757],[8.74451851311892,8.259262059996104],[8.508656501896098,8.260818480688386],[8.512680054341104,8.157776833434184],[8.588001250657214,8.128858565570397],[8.910846710007718,8.056263923941003],[9.057020187032037,8.077641487065023]]]}},{"type":"Feature","properties":{"state_code":"11","state_name":"EBONYI","lga_code":"12","lga_name":"OHAUKWU"},"geometry":{"type":"Polygon","coordinates":[[[7.919949131747103,6.348033188980537],[8.02590826065773,6.362049197712338],[8.058786915283974,6.45141324482546],[8.101616644792387,6.493743117650808],[8.095245770076303,6.595224175855094],[8.109723014105839,6.61006242304245],[8.062454230978005,6.720163731271214],[8.031993555658119,6.732458244252598],[7.974455105618688,6.711260243365587],[7.988428592605487,6.618034840135806],[7.955248691174233,6.583411748053777],[7.950778277295683,6.543111689153193],[7.878084183238514,6.561727046665908],[7.846200968400012,6.598260794300245],[7.794297431081645,6.552023649571822],[7.818224680124956,6.54199678162621],[7.798461895600042,6.472968735219013],[7.854877980034814,6.440016712101624],[7.868771609921907,6.453640862835584],[7.919820087127391,6.439390283035209],[7.919949131747103,6.348033188980537]],[[7.865128804350888,6.557200388287356],[7.945630229651442,6.481245693334131],[7.890422880811343,6.50328394609727],[7.854371388328957,6.489246460655693],[7.857985397608047,6.522865781630571],[7.836367533834675,6.537715050908901],[7.865128804350888,6.557200388287356]]]}},{"type":"Feature","properties":{"state_code":"13","state_name":"EKITI","lga_code":"07","lga_name":"GBONYIN"},"geometry":{"type":"Polygon","coordinates":[[[5.431814340359551,7.693656862174521],[5.394988069343981,7.653152423345716],[5.367171016828991,7.678816730907442],[5.347138435690283,7.658162312640684],[5.36593117818137,7.548540251331588],[5.430084043843578,7.536140818943693],[5.432593923970444,7.549515253126458],[5.48977011000261,7.552756910702897],[5.498493615687835,7.531923301619145],[5.58068763702488,7.50663168570378],[5.605469696169564,7.473188396227556],[5.638619446929965,7.605000943039158],[5.602541956845869,7.693794254301451],[5.561711334810298,7.701626045305773],[5.516657000020587,7.650025000353537],[5.443691054398698,7.67232341259546],[5.431814340359551,7.693656862174521]]]}},{"type":"Feature","properties":{"state_code":"16","state_name":"IMO","lga_code":"09","lga_name":"ISIALA MBANO (UMUELEMAI)"},"geometry":{"type":"Polygon","coordinates":[[[7.226070168103831,5.612685287895772],[7.213770609026426,5.671337711965862],[7.246374038730949,5.670605957898658],[7.24733931615657,5.736035114429058],[7.219193044323561,5.707343890308323],[7.157946639126124,5.717774468417019],[7.161175132426479,5.659772041046892],[7.103917655775263,5.680701177917058],[7.083397197822478,5.657684659719337],[7.105798055435969,5.629720494305388],[7.162094206282632,5.626989552725718],[7.162940521388009,5.598450644981313],[7.182717759816796,5.621498499156473],[7.185379319599974,5.605008024700624],[7.226070168103831,5.612685287895772]]]}},{"type":"Feature","properties":{"state_code":"13","state_name":"EKITI","lga_code":"13","lga_name":"IREPODUN / IFELODUN"},"geometry":{"type":"Polygon","coordinates":[[[5.258408467276979,7.792366602836523],[5.195412930162661,7.764247388006595],[5.148681080067831,7.770717894115592],[5.102802502233715,7.736937339986298],[5.115530935404422,7.698335003257853],[5.101893425241428,7.636013029577725],[5.173402174171031,7.64010872203994],[5.234954469373292,7.700854246226527],[5.25438864162254,7.666696294298617],[5.270192939652475,7.681183242912368],[5.283085747309428,7.668022761041641],[5.367171016828991,7.678816730907442],[5.394988069343981,7.653152423345716],[5.415459710297455,7.66194741074446],[5.436180422988173,7.729757510700608],[5.335832515957918,7.720410478061183],[5.263259840269484,7.768732977045318],[5.258408467276979,7.792366602836523]]]}},{"type":"Feature","properties":{"state_code":"16","state_name":"IMO","lga_code":"16","lga_name":"OBOWO (OTOKO)"},"geometry":{"type":"Polygon","coordinates":[[[7.415176421654564,5.571039861200688],[7.424949241914021,5.588254840288698],[7.388294476109252,5.583727531700276],[7.348733656333195,5.60605568272365],[7.346068495664611,5.588983709330762],[7.299632337262608,5.57677257699288],[7.385482618927767,5.503355615968928],[7.415176421654564,5.571039861200688]]]}},{"type":"Feature","properties":{"state_code":"01","state_name":"ABIA","lga_code":"08","lga_name":"ISUIKWUATO"},"geometry":{"type":"Polygon","coordinates":[[[7.534576807973338,5.834697727917842],[7.5051529619397,5.882827331316321],[7.513162188284412,5.924385339411913],[7.45521028033022,5.890590207272282],[7.390317750164115,5.882975452355311],[7.392855769178482,5.688793144587976],[7.460142050015634,5.703474984383092],[7.490165310380803,5.689512111195029],[7.482710174335125,5.663979080370325],[7.546555999759619,5.674827999712477],[7.555393013376943,5.748995683304202],[7.534576807973338,5.834697727917842]]]}},{"type":"Feature","properties":{"state_code":"07","state_name":"BENUE","lga_code":"13","lga_name":"MAKURDI"},"geometry":{"type":"Polygon","coordinates":[[[8.415759319736878,7.79995769119455],[8.420590565901932,7.77424471142433],[8.385478019594984,7.768043518093918],[8.39164231374184,7.684548341432844],[8.41157736610262,7.674430721100919],[8.412132999638288,7.631163000172364],[8.474492000205714,7.564436999667862],[8.52364000038574,7.550930000019548],[8.601682000224173,7.569656000224256],[8.696588999882465,7.661138000218557],[8.693264768354425,7.753142857956561],[8.715610195354259,7.766674347043534],[8.681339757124135,7.824439642075845],[8.49451520771072,7.851383087759359],[8.449971911774355,7.84628160611129],[8.415759319736878,7.79995769119455]]]}},{"type":"Feature","properties":{"state_code":"07","state_name":"BENUE","lga_code":"05","lga_name":"GBOKO"},"geometry":{"type":"Polygon","coordinates":[[[9.103903343564525,7.209391214632888],[9.106763739854784,7.239399611902627],[9.151761369691485,7.279606085552473],[9.187193891185188,7.28116540655833],[9.191521840760402,7.349965009877337],[9.139611873289368,7.413303613171252],[9.11206181600005,7.41671698460118],[9.115967378291941,7.449352151380708],[9.076972291438153,7.48191562240811],[8.97287846976559,7.495430194348046],[8.950398901688004,7.518446667579667],[8.907491777423616,7.44946338133002],[8.878712738102422,7.450718056992798],[8.845952490015463,7.500829918166232],[8.821349335703303,7.507933925610246],[8.81470078721162,7.537515222249738],[8.755886325093854,7.558618380633789],[8.68746058164055,7.500499762653988],[8.646814825144133,7.489037079397747],[8.639310963829985,7.356526185635005],[8.73345856785869,7.178889866574139],[8.841577424058926,7.187137687554298],[8.869585124753769,7.256249584051091],[8.942149630101369,7.286963684726345],[8.984371774038209,7.284223177957358],[9.005278278569733,7.242507010590089],[9.036261342187231,7.247286821829391],[9.103903343564525,7.209391214632888]]]}},{"type":"Feature","properties":{"state_code":"29","state_name":"OSUN","lga_code":"11","lga_name":"IFE CENTRAL"},"geometry":{"type":"Polygon","coordinates":[[[4.475570450016278,7.475795523644535],[4.500698631236901,7.496381166257891],[4.54729052433828,7.4963364087983],[4.557424080656858,7.470328759864401],[4.5705572941838,7.489535322697009],[4.607365524799206,7.492207165328466],[4.586061382326989,7.573736790020916],[4.527190756648167,7.613978601631231],[4.48414348563341,7.581901855386377],[4.475570450016278,7.475795523644535]]]}},{"type":"Feature","properties":{"state_code":"01","state_name":"ABIA","lga_code":"06","lga_name":"ISIALA NGWA NORTH"},"geometry":{"type":"Polygon","coordinates":[[[7.36286886660497,5.460214031252576],[7.321908474196789,5.404929638392161],[7.305262033915767,5.335988235368802],[7.370674175272995,5.345766134999167],[7.379494250159553,5.323802533160404],[7.421928671870774,5.325692161663994],[7.479327221574067,5.333533399147086],[7.497700092185539,5.354015885025149],[7.511941208420069,5.341507937741198],[7.492402912664318,5.318554497991727],[7.526863082665159,5.303542585422008],[7.51003959375231,5.431183117906642],[7.36286886660497,5.460214031252576]]]}},{"type":"Feature","properties":{"state_code":"09","state_name":"CROSS RIVER","lga_code":"17","lga_name":"YAKURR"},"geometry":{"type":"Polygon","coordinates":[[[8.144489853823757,5.666914749016485],[8.296345204367753,5.736927928980776],[8.328209440813112,5.7291703131595],[8.29808465238483,5.855269350100457],[8.241880852019733,5.892811376244083],[8.242006659080118,5.925394490263557],[8.21358255698948,5.949692392190173],[8.175172791191414,5.948271198057398],[8.173255729768186,5.974019111992448],[8.102163294100762,5.929265869324468],[8.031376788907721,5.793415263103952],[8.070962088229862,5.722755332992278],[8.144489853823757,5.666914749016485]]]}},{"type":"Feature","properties":{"state_code":"15","state_name":"GOMBE","lga_code":"03","lga_name":"BILLIRI"},"geometry":{"type":"Polygon","coordinates":[[[10.9600655062182,9.679245557836282],[11.019483208383406,9.69857983788927],[11.101294837087096,9.680440435777541],[11.13778362581371,9.699579582731587],[11.164881808848463,9.75118680512702],[11.231717110256454,9.792212485617767],[11.240375766728278,9.929543517119669],[11.29114341713506,9.968338012889035],[11.272867929611323,10.002300069992259],[11.186289020821675,9.985980618710641],[11.165097236947986,9.954819679084949],[11.084824562303766,9.937875747567773],[11.044015883726104,9.836581230339561],[10.97760075187324,9.810182376315652],[10.9600655062182,9.679245557836282]]]}},{"type":"Feature","properties":{"state_code":"04","state_name":"ANAMBRA","lga_code":"08","lga_name":"DUNUKOFIA"},"geometry":{"type":"Polygon","coordinates":[[[6.889259730252377,6.157016353621884],[6.911094050949714,6.14018783480077],[6.953446351068294,6.15905892982579],[6.953143328102158,6.183852431944217],[6.999276558866143,6.197669463874718],[7.010397961996375,6.25613893616304],[6.987814674207925,6.304861711698663],[6.961201631350264,6.267914527733296],[6.959201976190286,6.219947573022125],[6.929858025927217,6.211905151801375],[6.889259730252377,6.157016353621884]]]}},{"type":"Feature","properties":{"state_code":"01","state_name":"ABIA","lga_code":"11","lga_name":"OSISIOMA"},"geometry":{"type":"Polygon","coordinates":[[[7.256077815338983,5.07795710473664],[7.284161856784294,5.089867186321612],[7.315904440137842,5.062581682598648],[7.319703237614362,5.113550871975235],[7.371191382576285,5.142907449619145],[7.381285332751929,5.23638344893709],[7.398712768579458,5.253357680412648],[7.37670209442615,5.257870810289717],[7.380664040613055,5.281714391805792],[7.33464146423222,5.275053000095909],[7.332959377673205,5.246095939076383],[7.30760226143525,5.253905085151587],[7.306863840693723,5.229193484291898],[7.271048931063376,5.211805561977144],[7.292564869273349,5.172623158032366],[7.256077815338983,5.07795710473664]]]}},{"type":"Feature","properties":{"state_code":"29","state_name":"OSUN","lga_code":"26","lga_name":"OLA-OLUWA"},"geometry":{"type":"Polygon","coordinates":[[[4.32956207143252,7.63514709036599],[4.337130368271914,7.668445054795484],[4.297676091178687,7.743046944560888],[4.299250502808491,7.784363621384045],[4.273997486694725,7.787975397646505],[4.249871001845293,7.835380821967419],[4.239674000155048,7.812211000837067],[4.133719000031874,7.793497000286379],[4.130432710900948,7.817794896817077],[4.075077019788694,7.820000628026605],[4.061783479623955,7.750076281295378],[4.092895210145855,7.757338151234762],[4.128782145579578,7.738184219426216],[4.143910408838337,7.750839430695237],[4.203898914303522,7.674038569924107],[4.244429276090273,7.665799163000997],[4.247944763739895,7.640800306089318],[4.285412531962834,7.656150153306953],[4.305541765040459,7.620481270194489],[4.32956207143252,7.63514709036599]]]}},{"type":"Feature","properties":{"state_code":"25","state_name":"NASARAWA","lga_code":"13","lga_name":"WAMBA"},"geometry":{"type":"Polygon","coordinates":[[[8.504345893947914,9.001431465389885],[8.530006011568219,8.880568410903493],[8.500179245875529,8.845342624662464],[8.509936157127981,8.826252062682613],[8.579692848646118,8.800369518438572],[8.666047143660819,8.832114798858925],[8.760943240837946,8.835582243825513],[8.809891444034974,8.82459591436998],[8.828954528129032,8.793975160625223],[8.841229694894537,8.877403985305705],[8.89998057944024,8.921621382221076],[8.91817678183304,9.017146484122975],[8.798154830880776,9.031578064176358],[8.799438477303909,9.071156501671283],[8.76006889296508,9.105176925674641],[8.764998435929101,9.165241241290289],[8.667521476934667,9.18986988059055],[8.657807350029202,9.207689285931849],[8.62071514139069,9.114884376912528],[8.566833496668607,9.060831069598237],[8.5763475136269,9.034392360319202],[8.504345893947914,9.001431465389885]]]}},{"type":"Feature","properties":{"state_code":"29","state_name":"OSUN","lga_code":"06","lga_name":"BORIPE"},"geometry":{"type":"Polygon","coordinates":[[[4.744599964616725,7.885211168360797],[4.747885489323949,7.949765694631139],[4.69155785411175,7.947495731143135],[4.69370892542662,7.930341093866446],[4.659171459595257,7.909425900085296],[4.674633763437498,7.888744948220847],[4.661001517905788,7.875312333297586],[4.700352424225059,7.838054538785968],[4.719029418572859,7.837299718007614],[4.721026278639897,7.877137323029103],[4.744599964616725,7.885211168360797]]]}},{"type":"Feature","properties":{"state_code":"09","state_name":"CROSS RIVER","lga_code":"18","lga_name":"YALA"},"geometry":{"type":"Polygon","coordinates":[[[8.810002943780887,6.692034122077132],[8.808747241991682,6.737754719604652],[8.830220564027854,6.723348402406884],[8.865221886680786,6.740727713713056],[8.865224590042828,6.780031223062565],[8.92340373959098,6.824865818402827],[8.839305877764104,6.869072915382787],[8.70374202667324,6.896412848773991],[8.600760460426955,6.855791091585672],[8.641556740051556,6.818769932086752],[8.62074089077953,6.781025886735335],[8.468745231607215,6.746480942141829],[8.419765472098902,6.757152080803962],[8.361105919102954,6.693262099566311],[8.294514655926662,6.678709030097707],[8.322414398405783,6.634381771101914],[8.324751854214753,6.589499474820968],[8.419136047390737,6.514501573089149],[8.408691405683896,6.47771978434065],[8.520348926861516,6.437005494108291],[8.545118603241008,6.450004207728057],[8.524885638761248,6.464144861596139],[8.544500677264466,6.505615555413613],[8.513707570248243,6.518916614809996],[8.51890371903147,6.541832142739224],[8.62209980775998,6.526520333246822],[8.666798709792658,6.59576822702212],[8.711868226937156,6.608649026031799],[8.78407094311956,6.687959407200935],[8.810002943780887,6.692034122077132]]]}},{"type":"Feature","properties":{"state_code":"04","state_name":"ANAMBRA","lga_code":"01","lga_name":"AGUATA"},"geometry":{"type":"Polygon","coordinates":[[[7.036722700192513,5.916715022580263],[7.107727528402734,5.926209449606461],[7.188812733321015,5.899531364181144],[7.202844619583573,5.920961856904228],[7.155483914051445,5.94649757220526],[7.158103094182479,5.988817372623714],[7.128064402350333,6.012916241991036],[7.13056884157885,6.032144543236143],[7.103093955022075,6.0298291639848],[7.095369145569634,6.049248734841285],[7.067809155268321,6.043211564362252],[7.07392588697013,6.025456299568646],[7.053839351005308,6.029872693869777],[7.032442289679977,6.037434806970793],[7.038080623422104,6.059162952808094],[7.00042363873996,6.03696890509093],[6.995627994036738,6.009465133209403],[7.054124534119978,5.967171254849575],[7.028969168192589,5.931314806433193],[7.036722700192513,5.916715022580263]]]}},{"type":"Feature","properties":{"state_code":"09","state_name":"CROSS RIVER","lga_code":"08","lga_name":"CALABAR MUNICIPALITY"},"geometry":{"type":"Polygon","coordinates":[[[8.362356995678851,5.034614510751112],[8.335160909748254,5.0492333251579],[8.294038053913084,5.040550342924007],[8.307984726713812,4.951941021261177],[8.34850320665771,4.962278327083197],[8.362356995678851,5.034614510751112]]]}},{"type":"Feature","properties":{"state_code":"04","state_name":"ANAMBRA","lga_code":"17","lga_name":"ONITSHA-NORTH"},"geometry":{"type":"Polygon","coordinates":[[[6.790597504371362,6.131723850974993],[6.808937376159008,6.118225018070177],[6.83430331834353,6.132374478999054],[6.837276912299728,6.152333336414415],[6.798474516885506,6.180208066948751],[6.808351040668015,6.205097954806831],[6.76258828472163,6.185627974251645],[6.790597504371362,6.131723850974993]]]}},{"type":"Feature","properties":{"state_code":"07","state_name":"BENUE","lga_code":"21","lga_name":"UKUM"},"geometry":{"type":"Polygon","coordinates":[[[9.797699928409031,7.614686011949914],[9.60153484305863,7.829541205562236],[9.386640548722369,7.844702721253611],[9.377987938392664,7.717688078242247],[9.446892167939268,7.733240065176915],[9.459880525865628,7.627141143848746],[9.483389677391756,7.613916504343251],[9.504252979391538,7.544638934739112],[9.53075395503106,7.537778167828208],[9.598621000059154,7.400251999630143],[9.63833923986408,7.399774472214176],[9.76506890120885,7.320377116710631],[9.845772287261298,7.486312796398465],[9.780509999936612,7.539254000271967],[9.830075192016523,7.587598206192297],[9.797699928409031,7.614686011949914]]]}},{"type":"Feature","properties":{"state_code":"33","state_name":"SOKOTO","lga_code":"09","lga_name":"ISA"},"geometry":{"type":"Polygon","coordinates":[[[6.144388405300731,13.079048209207542],[6.229355021217316,13.13545889681069],[6.261105669690949,13.13579691059897],[6.258309332110059,13.160332855876675],[6.327321070211269,13.17955000283041],[6.369346605261683,13.14902604671471],[6.359030961409815,13.137130268846875],[6.402601602781772,13.129135537774914],[6.448754913608411,13.1583701358731],[6.466248142038182,13.130642136025813],[6.452365363370859,13.11693458036666],[6.50871287989554,13.131519960677679],[6.528943141013201,13.052912881724183],[6.58126297001013,13.022535604134873],[6.683200001578882,13.107200000179887],[6.687695734070928,13.132893988966487],[6.743458595038192,13.11846701613996],[6.792771964354699,13.132260001997565],[6.73537079042967,13.281849305601042],[6.65305311321066,13.37092340858851],[6.55214517406057,13.308632868911843],[6.494005423811302,13.31984013121712],[6.416680359011423,13.291478747845986],[6.406403160277648,13.309302716347304],[6.21149616621517,13.30451823672729],[6.20993362923366,13.359340575007593],[6.160363377567876,13.337961843664175],[6.116300002143419,13.366900001833642],[6.099859256599473,13.355875413419653],[6.056517777773252,13.394157678733961],[5.991798693554927,13.31545138207565],[5.983187407073217,13.254462513933902],[6.011100001763737,13.10790000188365],[6.046889104448667,13.031196431570095],[6.144388405300731,13.079048209207542]]]}},{"type":"Feature","properties":{"state_code":"27","state_name":"OGUN","lga_code":"18","lga_name":"OGUN WATER SIDE"},"geometry":{"type":"Polygon","coordinates":[[[4.605220794604008,6.492155074996788],[4.586719511596243,6.6412930484355],[4.537799834894486,6.601317405573866],[4.496610640568633,6.505059718631173],[4.454317092260055,6.607318399924281],[4.298064954434153,6.6660431375808],[4.257287058750819,6.639709467318085],[4.232702014986046,6.54692713937601],[4.163622323211712,6.506966422562414],[4.173446655738644,6.48443061897791],[4.260086784077885,6.444175170048084],[4.353724428439648,6.451056359663312],[4.3686295177381,6.438459141176452],[4.359663678935704,6.367825533321763],[4.571975492674881,6.297284947742185],[4.596821469335396,6.36807175690609],[4.514828203658737,6.397127150697486],[4.473125457773733,6.393202781782975],[4.503599166968002,6.415532111817527],[4.535164832091368,6.408320426746343],[4.564331054734453,6.498971462163297],[4.605220794604008,6.492155074996788]]]}},{"type":"Feature","properties":{"state_code":"01","state_name":"ABIA","lga_code":"03","lga_name":"AROCHUKWU"},"geometry":{"type":"Polygon","coordinates":[[[7.880370140269804,5.366795539982206],[7.987501144262467,5.362585067946554],[7.887265999626209,5.558384999767952],[7.86706799988832,5.509488000370993],[7.811812652432025,5.499533517058239],[7.760380187195949,5.535091338394579],[7.75659600010539,5.553756000339206],[7.805284721912415,5.574080227120817],[7.774191487747032,5.580618551105317],[7.767643946610917,5.614874005730826],[7.741237522993345,5.606058455333482],[7.706956168792203,5.64239176296951],[7.648908488436064,5.6141939392989],[7.637309000310154,5.580890999819815],[7.614557999751923,5.572062000061294],[7.641508999740608,5.513375999802577],[7.67366999987064,5.52954900008632],[7.748500823754057,5.516195773716049],[7.792839049982206,5.439794064444584],[7.865297794157925,5.418447971296871],[7.880370140269804,5.366795539982206]]]}},{"type":"Feature","properties":{"state_code":"27","state_name":"OGUN","lga_code":"11","lga_name":"IJEBU ODE"},"geometry":{"type":"Polygon","coordinates":[[[3.977723401913522,6.835006204173055],[3.943787366693641,6.863843533951979],[3.911265224910267,6.853178954045518],[3.893872397693031,6.886774746057711],[3.88066880682004,6.849843284939709],[3.908484272930878,6.840020982182637],[3.842082387192477,6.803681178743432],[3.838076337353129,6.777543867355632],[3.873578497849451,6.790072388430019],[3.888123007570812,6.821655038149515],[3.921408119788964,6.816841737955883],[3.956163397822593,6.754815524317053],[3.903848796584725,6.721390664647515],[3.903000777264083,6.68157065576122],[4.085006975891247,6.679777243025399],[4.043513823304352,6.75639049442583],[3.997151930916914,6.773049635832081],[3.976617802369731,6.760538641645041],[3.942472948168074,6.793348106030294],[3.954086644682945,6.825695780236117],[3.977723401913522,6.835006204173055]]]}},{"type":"Feature","properties":{"state_code":"08","state_name":"BORNO","lga_code":"20","lga_name":"MAGUMERI"},"geometry":{"type":"Polygon","coordinates":[[[12.418808687071305,12.524414570376166],[12.376953432355094,12.519854223393736],[12.353099855773792,12.459763706929607],[12.286791860156256,12.424610842216623],[12.286157437915449,12.329891546357828],[12.268436659424367,12.323458506904615],[12.284636287734543,12.315216255425923],[12.28485845085686,12.26623331681418],[12.2502719126187,12.212718507353259],[12.263557584614887,12.178513286159273],[12.236437327720523,12.137348869055131],[12.274086475710362,11.977355681019901],[12.467742572162024,11.916176710586797],[12.561798508294544,11.98967719344779],[12.714923965968296,12.010810658085461],[12.75200342671684,12.001612722249376],[12.770536600583682,11.950230203561091],[12.839825407216836,11.91009965967163],[12.908203720425433,11.891559671641573],[12.954850328280088,11.904885755573218],[12.98415577406979,11.969982500192259],[12.953248491824468,12.002556679447252],[12.99691673032288,12.067980672969725],[13.066988119805956,12.039346393021674],[13.059551766101151,12.091097968296651],[13.091257735356237,12.1491221259854],[13.109599003791061,12.176608474401633],[13.15457931178588,12.18925461420912],[13.137878842934299,12.242701827927078],[13.110807089175864,12.254995905636576],[13.133885369214454,12.289247841214944],[13.140498821663357,12.361668457733174],[12.869766481238173,12.30814059461278],[12.753208952631098,12.412645365990898],[12.633438628390024,12.416489893993457],[12.602540262922844,12.444923100820517],[12.575286188706684,12.438767011188645],[12.54683032705799,12.518272252962163],[12.467139350100979,12.511501001869817],[12.464222322602154,12.539649448263503],[12.418808687071305,12.524414570376166]]]}},{"type":"Feature","properties":{"state_code":"09","state_name":"CROSS RIVER","lga_code":"07","lga_name":"BOKI"},"geometry":{"type":"Polygon","coordinates":[[[8.79890951586151,6.064733448889626],[8.947885191348576,6.018450552950696],[8.991571122209564,5.934950435414294],[9.282251379797401,6.219915416863046],[9.247057160659494,6.332820282430134],[9.29710563042056,6.374304369850847],[9.346320053627608,6.465369107798153],[9.292987175218002,6.501654076874217],[9.232054066841783,6.48456135702105],[9.193312855903628,6.509837924580609],[9.174011188865336,6.49007672735911],[9.107919612400224,6.507687492683715],[9.077081911600999,6.47400358689606],[9.072460112144483,6.396088803355667],[8.986499198579224,6.397193242773994],[9.014442895423315,6.460018941121291],[9.001772425357217,6.536992648891669],[8.91938274481788,6.526167370028134],[8.930084976640387,6.481473452937564],[8.826137783132253,6.530628398581769],[8.80052540692202,6.562319001121068],[8.763495016781633,6.465427123063307],[8.72432782127197,6.433320575084508],[8.717040854851632,6.377235072440669],[8.737507396649107,6.322362303777368],[8.796546450058656,6.282227262378285],[8.753369235102184,6.184629646740859],[8.787485756162766,6.153708144415361],[8.779182624178816,6.090881463109099],[8.79890951586151,6.064733448889626]]]}},{"type":"Feature","properties":{"state_code":"15","state_name":"GOMBE","lga_code":"08","lga_name":"KWAMI"},"geometry":{"type":"Polygon","coordinates":[[[11.522719382693424,10.661479949739942],[11.415474742165657,10.665789953343733],[11.376298226082326,10.648872954723117],[11.345399862413785,10.61616910312165],[11.31425480031885,10.52831860242162],[11.286425630338613,10.527672765985415],[11.251647558987713,10.531518205900511],[11.192481714659436,10.57894384518238],[11.181871939438508,10.65649223323004],[11.136774063072608,10.67225647095944],[10.996145248204698,10.656811713789637],[10.970848018721142,10.614879061619433],[10.931358337117615,10.620506286935665],[10.911634359238349,10.50459934498383],[10.923059091104221,10.423811453235999],[10.872872411732487,10.384474377590493],[10.931242936112653,10.355582214347749],[10.992133482274426,10.367436163847913],[11.005092189552954,10.334621139853766],[11.078435573443016,10.309976428769232],[11.121348350845778,10.31095073538819],[11.12742065693783,10.33209434797584],[11.175771113146425,10.310882421986207],[11.214626056847067,10.34091735465222],[11.273933959884403,10.340328334684955],[11.35169837408074,10.395093305211901],[11.399471999733066,10.390067023074721],[11.455656051885342,10.456917763144304],[11.407166581172817,10.465309917218974],[11.425013361877177,10.512976661144023],[11.480042457893148,10.483585357977915],[11.50945091202999,10.519650459001525],[11.522719382693424,10.661479949739942]]]}},{"type":"Feature","properties":{"state_code":"13","state_name":"EKITI","lga_code":"03","lga_name":"EKITI EAST"},"geometry":{"type":"Polygon","coordinates":[[[5.658213346868536,7.827865851327999],[5.614155958230924,7.746385149754929],[5.561711334810298,7.701626045305773],[5.602541956845869,7.693794254301451],[5.638619446929965,7.605000943039158],[5.655056475575918,7.628722667317277],[5.688617229101908,7.632442951281234],[5.699404240013735,7.682898045008812],[5.767605781581608,7.737181187561816],[5.791615485866032,7.782068728688898],[5.728981495099958,7.828348637080012],[5.658213346868536,7.827865851327999]]]}},{"type":"Feature","properties":{"state_code":"23","state_name":"KWARA","lga_code":"12","lga_name":"MORO"},"geometry":{"type":"Polygon","coordinates":[[[4.334852218255321,8.98080062914579],[4.334852218255321,8.957744597435294],[4.257997035734661,8.900871276088594],[4.194975852653499,8.816330910043519],[4.234586174712263,8.804730208732224],[4.25787466678247,8.734192900282153],[4.301136498050994,8.74659313576467],[4.340947851861927,8.71781485816922],[4.342456339588466,8.690199850942406],[4.394794464393044,8.656154631730942],[4.428131719303451,8.583445753718593],[4.479101180275279,8.561439514122355],[4.54855793709919,8.580247929997995],[4.585962742886295,8.572226123037183],[4.602087997263311,8.536491101982847],[4.637809539278862,8.551774428147382],[4.880776405107042,8.746441841018225],[4.781302247001122,8.921640051247437],[4.812878608660924,8.974744796834955],[4.877555369884476,9.021179198860978],[4.900326729295159,9.086622238225743],[4.876071453434861,9.157646178828145],[4.815155235225973,9.131622475197105],[4.768706321739387,9.153530120318862],[4.748791934899941,9.087962692124563],[4.721105679783363,9.065513096652126],[4.683135417165829,9.073378354127783],[4.679488123977762,9.05893497406987],[4.603514194324646,9.084342001782034],[4.524136066326435,9.074151992320651],[4.334852218255321,8.98080062914579]]]}},{"type":"Feature","properties":{"state_code":"16","state_name":"IMO","lga_code":"04","lga_name":"EZINIHITTE MBAISE"},"geometry":{"type":"Polygon","coordinates":[[[7.385482618927767,5.503355615968928],[7.357454168175366,5.51995226888215],[7.364401690885359,5.533858402043677],[7.315625868838822,5.540971764235564],[7.328744013325604,5.525878827246117],[7.261082494861284,5.458742103665202],[7.285486545567665,5.448280882956453],[7.291599980354874,5.402842955837798],[7.322649002049843,5.395452975674345],[7.385482618927767,5.503355615968928]]]}},{"type":"Feature","properties":{"state_code":"08","state_name":"BORNO","lga_code":"15","lga_name":"KALA BALGE"},"geometry":{"type":"Polygon","coordinates":[[[14.264987808440651,11.786492249317917],[14.23445253165903,11.620969923223413],[14.466550868427873,11.478780349333704],[14.49926602091017,11.435142978265901],[14.617776871605372,11.505554196369133],[14.646387100983986,11.57583236427223],[14.641109467328079,11.646944041834104],[14.588609696580306,11.692220683637686],[14.588609696580306,11.754999156785686],[14.612220763777259,11.825277324688841],[14.604653817719566,11.869464343404786],[14.643207261905673,11.912113709380208],[14.63401856480499,11.932536480274393],[14.65640900377258,11.962279396776808],[14.622300270840867,12.042286119408914],[14.65338596688889,12.06385007961751],[14.63591005130786,12.092633163189987],[14.677967754208566,12.164082546971997],[14.659298010195073,12.198032716836451],[14.613604083861446,12.185777888238988],[14.593223046006813,12.228464058969223],[14.550024757236827,12.23597940282724],[14.547753147090134,12.280734397374601],[14.511610617136341,12.296184467739067],[14.520345062174954,12.327376130004438],[14.46388749021554,12.360520929097675],[14.320981365297826,12.371143666247235],[14.322662349288066,12.31288435203129],[14.381970606658228,12.289057623810322],[14.396234586357139,12.269815827338618],[14.376530282046929,12.241381729283432],[14.426735015308736,12.200281408660146],[14.397283266009993,12.134821455745623],[14.315946769827633,12.090886893815139],[14.264987808440651,11.786492249317917]]]}},{"type":"Feature","properties":{"state_code":"25","state_name":"NASARAWA","lga_code":"02","lga_name":"AWE"},"geometry":{"type":"Polygon","coordinates":[[[9.335517882844044,7.985507965120519],[9.415376663402355,8.061924934088495],[9.386946677946867,8.148825644587873],[9.411823272925744,8.176929473816188],[9.323423386280297,8.253451346902182],[9.363276482123979,8.34053707132881],[9.389717101563008,8.349109650090327],[9.483206748992302,8.306058884310119],[9.609673499832184,8.291272162880034],[9.61683597220241,8.371847741779902],[9.601553986927001,8.392717346228608],[9.355316161811459,8.482957840232189],[9.288908005100382,8.460703850002744],[9.174925803882786,8.46722602755915],[9.132393837205882,8.428657532319335],[9.09715843181624,8.440607070759768],[9.10141277278126,8.473614692664],[9.049360275356491,8.519665718198382],[8.996002859844168,8.518417300018427],[8.955657004767033,8.40620994593229],[9.008576392886255,8.400403975862844],[9.012825965645845,8.320652007783963],[8.959122658284116,8.28141689277544],[8.947597503621921,8.222564696903305],[9.008656501796168,8.160769463340102],[9.179125786226109,7.90808343889961],[9.335517882844044,7.985507965120519]]]}},{"type":"Feature","properties":{"state_code":"29","state_name":"OSUN","lga_code":"29","lga_name":"OROLU"},"geometry":{"type":"Polygon","coordinates":[[[4.428970964838186,7.889347074907619],[4.45099465667812,7.876967634448818],[4.438088398760669,7.84847744028167],[4.475352555975746,7.828149269972869],[4.522222518554429,7.955598829622318],[4.44979238361168,7.938063144198793],[4.428970964838186,7.889347074907619]]]}},{"type":"Feature","properties":{"state_code":"09","state_name":"CROSS RIVER","lga_code":"13","lga_name":"OBUBRA"},"geometry":{"type":"Polygon","coordinates":[[[8.400745391786472,6.216616630752981],[8.302002906808752,6.108136176943049],[8.282233237973628,6.00473976063148],[8.214842795858374,6.012228012412891],[8.173255729768186,5.974019111992448],[8.174346394270742,5.94929153737462],[8.21358255698948,5.949692392190173],[8.242006659080118,5.925394490263557],[8.241880852019733,5.892811376244083],[8.29808465238483,5.855269350100457],[8.328209440813112,5.7291703131595],[8.371627049948472,5.680376593704864],[8.489604361652027,5.610013437170437],[8.574395668225577,5.642699413846913],[8.598862147170394,5.826440536901316],[8.497488960846908,5.894374370980472],[8.473335437880223,5.932941618860696],[8.495090510318846,6.054157069093492],[8.45118576001488,6.111389709167781],[8.466402582213448,6.13690707380249],[8.420663881333098,6.143424566790372],[8.447017778247925,6.170950543832589],[8.426118952127979,6.219285037974146],[8.441776934058282,6.249172935982244],[8.474625901164472,6.25410866358402],[8.458011992059824,6.273494793150235],[8.508726042872638,6.321615003129921],[8.495343189236849,6.338198883871428],[8.513799138319598,6.354068988892777],[8.49181962207797,6.38582705587396],[8.471808698412758,6.374117538393705],[8.453146907104156,6.392868468704933],[8.403697014405736,6.366013049562639],[8.391663551231943,6.306527138316824],[8.418000220733632,6.261117458004321],[8.400745391786472,6.216616630752981]]]}},{"type":"Feature","properties":{"state_code":"12","state_name":"EDO","lga_code":"01","lga_name":"AKOKO EDO"},"geometry":{"type":"Polygon","coordinates":[[[6.256732941072414,7.207706928332129],[6.268043995034418,7.358391761770463],[6.29524183284434,7.36049699823792],[6.340692997084204,7.325822830059622],[6.428203108886407,7.415325460901329],[6.379771711895046,7.398233711416708],[6.292051954634076,7.500369628955241],[6.182785033802304,7.429427147145191],[6.112411976631449,7.448655128231621],[6.110102176774092,7.494141101630589],[6.166984081250405,7.54524647714328],[6.133570670849849,7.552076817291322],[6.118761062573014,7.59141683641792],[6.048503875853214,7.580123900197862],[6.012996197116877,7.53340578095208],[5.954218864409086,7.515233040972134],[5.948134898606725,7.487301826717953],[5.986714840417619,7.450263977600514],[5.968483924193777,7.414854050673966],[5.986694813414942,7.355247973814983],[5.919308186223873,7.337144852153244],[5.909392834211985,7.277768134791643],[5.987348080049912,7.226404190700862],[6.075263022570482,7.241093159421837],[6.100776196364393,7.202536106256332],[6.161640166660391,7.168931961341002],[6.18031787956653,7.112758159661382],[6.256732941072414,7.207706928332129]]]}},{"type":"Feature","properties":{"state_code":"29","state_name":"OSUN","lga_code":"30","lga_name":"OSOGBO"},"geometry":{"type":"Polygon","coordinates":[[[4.606645449328084,7.787261279284678],[4.526558901971782,7.794338495924876],[4.532276464187532,7.774971948196878],[4.506076592360898,7.774675823030861],[4.48112405503116,7.746019488108914],[4.554772652635847,7.708309375976967],[4.578119946878076,7.714567925369522],[4.599747981084533,7.729978085620189],[4.596685650122708,7.755050322714283],[4.610299643014173,7.752269564988467],[4.606645449328084,7.787261279284678]]]}},{"type":"Feature","properties":{"state_code":"13","state_name":"EKITI","lga_code":"14","lga_name":"ISE / ORUN"},"geometry":{"type":"Polygon","coordinates":[[[5.388226031805971,7.28318691344532],[5.467468635569105,7.301758715892049],[5.432180775422523,7.384233417438338],[5.438505308972879,7.43973972161092],[5.459016892415718,7.437288347779088],[5.459936111062746,7.46316173512605],[5.49849873912558,7.470222165920291],[5.540538449290068,7.515193826933626],[5.48977011000261,7.552756910702897],[5.432593923970444,7.549515253126458],[5.430084043843578,7.536140818943693],[5.35219311212245,7.547043759661847],[5.327875765054557,7.567046193726924],[5.30728117058959,7.524800557699621],[5.307515507834466,7.463110760653137],[5.348521709009731,7.374045372096305],[5.358230114428295,7.295613290421045],[5.388226031805971,7.28318691344532]]]}},{"type":"Feature","properties":{"state_code":"16","state_name":"IMO","lga_code":"13","lga_name":"NJABA (NNENASA)"},"geometry":{"type":"MultiPolygon","coordinates":[[[[7.029497949770587,5.65007411542814],[7.03153685044532,5.689014784304902],[6.979258179821215,5.676493974017717],[6.987938616973622,5.657914710795296],[7.029497949770587,5.65007411542814]]],[[[7.002816234681518,5.69789211183155],[7.011506631825625,5.71991617868872],[7.063343309046502,5.736378414432352],[7.01502596497636,5.73498824960808],[6.999322619443376,5.743682612762427],[7.00776834433367,5.762707103350181],[6.965164883352713,5.771760472268056],[6.977753215638415,5.726993953807948],[6.960790312922654,5.695319480609612],[7.002816234681518,5.69789211183155]]]]}},{"type":"Feature","properties":{"state_code":"07","state_name":"BENUE","lga_code":"04","lga_name":"BURUKU"},"geometry":{"type":"Polygon","coordinates":[[[9.313416196400397,7.098064899375629],[9.273830999600989,7.178529000113315],[9.316698999759069,7.219097000326371],[9.31563200001682,7.238861999881465],[9.246346972334948,7.243282581426058],[9.292425921818904,7.309744596735811],[9.371407566605967,7.357015865589801],[9.347334103086439,7.394756696764205],[9.37286871941592,7.396147690763371],[9.438139989169201,7.472535802285506],[9.37749779258911,7.483911319651725],[9.267313760221896,7.458837951210512],[9.223474386134058,7.511967732125186],[9.163982005165451,7.5356969486553],[9.13177220602256,7.63081057115096],[9.022163307190908,7.561629538372529],[8.99688515772391,7.598633513625828],[8.99262087835092,7.663908708919848],[8.966726113219579,7.677620762088566],[8.950398901688004,7.518446667579667],[8.97287846976559,7.495430194348046],[9.076972291438153,7.48191562240811],[9.115967378291941,7.449352151380708],[9.11206181600005,7.41671698460118],[9.139611873289368,7.413303613171252],[9.191521840760402,7.349965009877337],[9.187193891185188,7.28116540655833],[9.151761369691485,7.279606085552473],[9.106763739854784,7.239399611902627],[9.129114140105514,7.165012220337758],[9.106461671968646,7.155304019065284],[9.074191999561208,7.173522000340085],[9.0607930003967,7.15656699996714],[9.075385928717708,7.125169017036569],[9.048432921442213,7.118636301224399],[9.019970598164605,7.065270254019083],[9.060289442104136,7.040637012887885],[9.10881136305403,7.068484484071746],[9.143484986243152,7.051725972975305],[9.253423694348044,7.092314379704931],[9.274486787934961,7.049673708374996],[9.313416196400397,7.098064899375629]]]}},{"type":"Feature","properties":{"state_code":"09","state_name":"CROSS RIVER","lga_code":"14","lga_name":"OBUDU"},"geometry":{"type":"Polygon","coordinates":[[[9.001772425357217,6.536992648891669],[9.014442895423315,6.460018941121291],[8.986499198579224,6.397193242773994],[9.072460112144483,6.396088803355667],[9.077081911600999,6.47400358689606],[9.107919612400224,6.507687492683715],[9.111902160256534,6.56139252494512],[9.148664190899751,6.558676540889678],[9.196565960051089,6.602857130352334],[9.204366478030579,6.658884073641161],[9.171102524162222,6.687684059072126],[9.04755973819141,6.643758773648528],[8.990170391250615,6.692373993864749],[8.952533983056924,6.641835139979776],[9.016060877407597,6.552737949596747],[9.001772425357217,6.536992648891669]]]}},{"type":"Feature","properties":{"state_code":"16","state_name":"IMO","lga_code":"21","lga_name":"ORLU"},"geometry":{"type":"Polygon","coordinates":[[[7.113509361567822,5.811065712812422],[7.108473239948125,5.83030657219058],[7.046649174120148,5.821163784581017],[7.035313759322605,5.901900164061374],[7.012182754730418,5.880085720179864],[7.018442866245323,5.845230694740792],[7.001043100758523,5.847688761327333],[6.980762823845282,5.77683417026077],[7.01502596497636,5.73498824960808],[7.076126119724677,5.733405290821565],[7.092179127964414,5.752711272807062],[7.069624515059388,5.785766299774991],[7.113509361567822,5.811065712812422]]]}},{"type":"Feature","properties":{"state_code":"29","state_name":"OSUN","lga_code":"23","lga_name":"IWO"},"geometry":{"type":"Polygon","coordinates":[[[4.247944763739895,7.640800306089318],[4.244429276090273,7.665799163000997],[4.203898914303522,7.674038569924107],[4.143910408838337,7.750839430695237],[4.128782145579578,7.738184219426216],[4.092895210145855,7.757338151234762],[4.061783479623955,7.750076281295378],[4.07824659310586,7.708062172131577],[4.074169636219779,7.681563377348027],[4.052928923830791,7.674966810569913],[4.093373298738811,7.621484278676576],[4.141589255040117,7.593246460355886],[4.186461266674144,7.617909243317001],[4.212934908319426,7.609939263386366],[4.247944763739895,7.640800306089318]]]}},{"type":"Feature","properties":{"state_code":"04","state_name":"ANAMBRA","lga_code":"06","lga_name":"AWKA NORTH"},"geometry":{"type":"Polygon","coordinates":[[[7.160240612714176,6.303374831982978],[7.143867590616878,6.388251376300047],[7.089444361568098,6.426258469752611],[7.031846694769172,6.450784071927444],[6.953254024753505,6.419793099671836],[7.010330231355169,6.241082079074715],[7.056180188265103,6.244606395368919],[7.087460217914781,6.271098554954392],[7.138696553603097,6.211103954783709],[7.142588615272416,6.289057255388059],[7.160240612714176,6.303374831982978]]]}},{"type":"Feature","properties":{"state_code":"07","state_name":"BENUE","lga_code":"20","lga_name":"TARKA"},"geometry":{"type":"Polygon","coordinates":[[[8.767846999839207,7.653304999626073],[8.755886325093854,7.558618380633789],[8.81470078721162,7.537515222249738],[8.821349335703303,7.507933925610246],[8.845952490015463,7.500829918166232],[8.878712738102422,7.450718056992798],[8.907491777423616,7.44946338133002],[8.950398901688004,7.518446667579667],[8.942889398926695,7.559059078113989],[8.983824818960272,7.705222349631754],[8.898562431311177,7.690912034163091],[8.818897753228782,7.730040916754945],[8.767846999839207,7.653304999626073]]]}},{"type":"Feature","properties":{"state_code":"01","state_name":"ABIA","lga_code":"15","lga_name":"UMUAHIA NORTH"},"geometry":{"type":"Polygon","coordinates":[[[7.529511593285463,5.480034616104717],[7.57128331267478,5.503224618021761],[7.585627642301915,5.570533005094148],[7.534702383907927,5.59377156140846],[7.515443953575641,5.633023774327796],[7.470852580782037,5.648480342294022],[7.472430551928483,5.698939429910808],[7.392855769178482,5.688793144587976],[7.432285786160151,5.609393119896595],[7.415176421654564,5.571039861200688],[7.459587939931509,5.543629424558333],[7.463332655777492,5.503474998272623],[7.510494135396073,5.502916200022639],[7.529511593285463,5.480034616104717]]]}},{"type":"Feature","properties":{"state_code":"29","state_name":"OSUN","lga_code":"25","lga_name":"ODO-OTIN"},"geometry":{"type":"Polygon","coordinates":[[[4.568998335604761,8.05475616466532],[4.553082568405841,7.975284208599419],[4.576766779263494,7.964056010976151],[4.594057886862061,7.977068546276428],[4.682444335837488,7.963409611564373],[4.700816227087273,8.006884319555752],[4.741450365242201,7.996650051758536],[4.761188110842681,8.01614899138292],[4.783671000116613,7.957376000601982],[4.804792000150712,7.97959900019373],[4.799294949002729,8.065057754811562],[4.665557383566465,8.043276787293962],[4.621718406978971,8.075679778798815],[4.568998335604761,8.05475616466532]]]}},{"type":"Feature","properties":{"state_code":"04","state_name":"ANAMBRA","lga_code":"12","lga_name":"IHALA"},"geometry":{"type":"Polygon","coordinates":[[[6.867840529416924,5.933865456425735],[6.82640151331924,5.906276854193493],[6.800986571573048,5.927222839862225],[6.742227328728291,5.873753733947694],[6.800801804060086,5.784558646064738],[6.876645564940929,5.744104384909463],[6.889758110248636,5.806298733100107],[6.948365687826254,5.838615894208203],[6.99373183825378,5.895229012908658],[6.942083168803265,5.895292417810879],[6.867840529416924,5.933865456425735]]]}},{"type":"Feature","properties":{"state_code":"29","state_name":"OSUN","lga_code":"19","lga_name":"ILESA WEST"},"geometry":{"type":"Polygon","coordinates":[[[4.66289489118634,7.688552672667754],[4.662181998600431,7.634545000551384],[4.708309542951099,7.587335959387076],[4.782866999912187,7.636877000173456],[4.795715778560407,7.670043581745972],[4.66289489118634,7.688552672667754]]]}},{"type":"Feature","properties":{"state_code":"15","state_name":"GOMBE","lga_code":"07","lga_name":"KALTUNGO"},"geometry":{"type":"Polygon","coordinates":[[[11.412031174199399,9.657654178197788],[11.446573257150135,9.697430611333687],[11.504538536224516,9.699355126338048],[11.566921233927872,9.739665031016443],[11.574211121346195,9.862804412593619],[11.538483097916696,9.897289922791742],[11.55194878900545,9.933343134777886],[11.523356438149165,9.937029838955937],[11.533511161810736,10.006290435655103],[11.48656113978484,10.019735179734823],[11.463835133184887,9.987284133855724],[11.303758674223502,10.027910506364833],[11.272867929611323,10.002300069992259],[11.29114341713506,9.968338012889035],[11.247502017104466,9.929790229035916],[11.295139312729134,9.83834743498619],[11.292412758042417,9.77494832530499],[11.412031174199399,9.657654178197788]]]}},{"type":"Feature","properties":{"state_code":"11","state_name":"EBONYI","lga_code":"04","lga_name":"EBONYI"},"geometry":{"type":"Polygon","coordinates":[[[8.13681256274964,6.357062415598023],[8.154585912909624,6.415189882906816],[8.130875214319758,6.441372483253531],[8.149050074901083,6.444205157042404],[8.14020843427187,6.477538690558163],[8.169778779866874,6.508532467799171],[8.144930616055149,6.550559973264228],[8.163893977025452,6.595700250865946],[8.145475131272349,6.621309801406255],[8.191923301918905,6.663589259137041],[8.173017502056098,6.77333450328473],[8.127608299283622,6.711577892006176],[8.062454230978005,6.720163731271214],[8.109723014105839,6.61006242304245],[8.095245770076303,6.595224175855094],[8.101616644792387,6.493743117650808],[8.058786915283974,6.45141324482546],[8.034541367390261,6.373240274918828],[8.102299734745031,6.309614099910846],[8.13681256274964,6.357062415598023]]]}},{"type":"Feature","properties":{"state_code":"25","state_name":"NASARAWA","lga_code":"08","lga_name":"LAFIA"},"geometry":{"type":"Polygon","coordinates":[[[8.240638768664269,8.507919950845121],[8.411907000008114,8.472653999982185],[8.466126287098518,8.416379740432717],[8.53101825698701,8.39713382686466],[8.589858074590495,8.41288854796818],[8.623173714295547,8.475629807169923],[8.706057548916817,8.482006073321656],[8.829401969625224,8.404026031376304],[8.955657004767033,8.40620994593229],[8.996002859844168,8.518417300018427],[8.975144386304407,8.53750610382366],[8.98343181612546,8.596580505086308],[8.951176642588052,8.621312141042552],[8.891933441275341,8.740353583651029],[8.900554657171767,8.775506972668722],[8.945146560565377,8.799559592601156],[8.95878982459078,8.84952163661427],[9.023541450777373,8.865909575766352],[9.071894646320914,8.945277214072235],[9.062741279986142,9.01822853132171],[8.91817678183304,9.017146484122975],[8.89998057944024,8.921621382221076],[8.841229694894537,8.877403985305705],[8.828954528129032,8.793975160625223],[8.809891444034974,8.82459591436998],[8.760943240837946,8.835582243825513],[8.617539788130784,8.817042012978561],[8.610975962970372,8.769775128319566],[8.678283930958685,8.707723167090535],[8.607414892283487,8.652371224352578],[8.466275999937523,8.653533000047958],[8.403068999834545,8.610824000027606],[8.350971998558919,8.613090000203385],[8.283567000017058,8.581739999701256],[8.261205998558012,8.554239999576396],[8.16829700020645,8.58622799982237],[8.157108999580714,8.539247999795407],[8.188597000151503,8.543487000125026],[8.240638768664269,8.507919950845121]]]}},{"type":"Feature","properties":{"state_code":"27","state_name":"OGUN","lga_code":"09","lga_name":"IJEBU NORTH"},"geometry":{"type":"Polygon","coordinates":[[[4.088356017915942,7.13344621617],[3.998963493770248,7.126570828081299],[3.938920974123732,7.083908081093114],[3.825619785424806,7.082826042887632],[3.784312445363128,7.029598207091624],[3.793998629433247,6.988631648931516],[3.763399640181319,6.956099006663862],[3.773302848647575,6.87790075681454],[3.790356008223227,6.888380335384227],[3.828612140138205,6.867545939393665],[3.885230988419437,6.902250288819801],[3.918991032610109,6.873764728859214],[4.041462432845037,6.943069604578625],[4.103687875095432,6.899447602025248],[4.155078716109927,6.995056250045934],[4.304244870704281,7.027249906358122],[4.34278244005759,7.067955254631329],[4.284764289840155,7.091783045850946],[4.197892666113717,7.049162387134515],[4.168871879133974,7.174137114136556],[4.088356017915942,7.13344621617]]]}},{"type":"Feature","properties":{"state_code":"10","state_name":"DELTA","lga_code":"12","lga_name":"NDOKWA WEST"},"geometry":{"type":"Polygon","coordinates":[[[6.21146297493641,5.621732234754859],[6.353500843089478,5.6423311225833],[6.470458507953822,5.691389561079404],[6.473159313251756,5.714345931719436],[6.438742161421658,5.74290180157692],[6.436487197726024,5.791427134554681],[6.476984977974382,5.860417842909158],[6.44280576697264,5.900355815868238],[6.479153156193263,5.985262870585075],[6.411818981061174,5.987476826094678],[6.38306808512408,6.030232907422771],[6.360808849149123,5.989132880877776],[6.319196224326333,6.018606186026716],[6.25663995656879,6.016697884000223],[6.243769646352121,5.967384815057244],[6.328780651006298,5.913917066219653],[6.377026080789051,5.815291404974403],[6.296907424937785,5.767223358371325],[6.208510177802509,5.762431155373577],[6.166832446560193,5.726475715881634],[6.21146297493641,5.621732234754859]]]}},{"type":"Feature","properties":{"state_code":"16","state_name":"IMO","lga_code":"08","lga_name":"IKEDURU (IHO)"},"geometry":{"type":"Polygon","coordinates":[[[7.210866786273243,5.599906063713945],[7.182717759816796,5.621498499156473],[7.162940521388009,5.598450644981313],[7.160886319648,5.620423514333766],[7.142872999789176,5.618760999720394],[7.111164063670628,5.57264304843801],[7.087769160218613,5.604952889963954],[7.07848819537395,5.523976499415937],[7.144929451632947,5.490038946140487],[7.199151846780353,5.495455345188077],[7.216627915246136,5.551611423028817],[7.254351358028771,5.570615954063101],[7.210866786273243,5.599906063713945]]]}},{"type":"Feature","properties":{"state_code":"22","state_name":"KOGI","lga_code":"16","lga_name":"OKEHI"},"geometry":{"type":"Polygon","coordinates":[[[6.122308219848492,7.682329482819398],[6.098731040904852,7.588197231117363],[6.118761062573014,7.59141683641792],[6.133570670849849,7.552076817291322],[6.178531177571813,7.566752102827309],[6.1773522464091,7.586688371970865],[6.20455326062455,7.588076369428961],[6.225466850015152,7.620806500119954],[6.258292366399644,7.602209132645385],[6.258337175120573,7.578937552326238],[6.36135912092675,7.640029296614784],[6.425368309100236,7.723942280312031],[6.616351499921848,7.859216055976276],[6.540822472978789,7.901481753180406],[6.386759758056428,7.811270713772444],[6.344474316236756,7.807593346355873],[6.315334797163189,7.833265781090972],[6.268177031744642,7.782773971641518],[6.268177031744642,7.706476212307393],[6.186364173667755,7.718426704029241],[6.122308219848492,7.682329482819398]]]}},{"type":"Feature","properties":{"state_code":"15","state_name":"GOMBE","lga_code":"11","lga_name":"YALMALTU/ DEBA"},"geometry":{"type":"Polygon","coordinates":[[[11.521849964004673,10.569004900355935],[11.480042457893148,10.483585357977915],[11.425013361877177,10.512976661144023],[11.407166581172817,10.465309917218974],[11.455656051885342,10.456917763144304],[11.399471999733066,10.390067023074721],[11.35169837408074,10.395093305211901],[11.293949268643871,10.360311710317205],[11.259593757246137,10.292621745397298],[11.223861748920626,10.34083583290743],[11.1853011326412,10.312973289086074],[11.211506729551957,10.274035567287626],[11.190793877835233,10.238172644651854],[11.199983800711891,10.20798250788647],[11.2657625866741,10.225022310731106],[11.304016113253056,10.10769367192546],[11.330722808810606,10.078731536930945],[11.417178586922319,10.070508968014508],[11.539426804203686,10.021604539318105],[11.597635437125746,10.067195972616105],[11.754647547946036,10.091636331651443],[11.71089200686066,10.173268616653388],[11.623104179914037,10.209670941860509],[11.589769665237895,10.282574223621566],[11.529335622141275,10.313622265954848],[11.552433174651355,10.368514793622865],[11.597003859440633,10.395011619790466],[11.602510642152481,10.427255061671815],[11.65520817112025,10.45644259375075],[11.662756957167915,10.49681982257681],[11.599836275124062,10.534209644759358],[11.572779010343083,10.572588160914961],[11.583307265617862,10.593869208797003],[11.521849964004673,10.569004900355935]]]}},{"type":"Feature","properties":{"state_code":"13","state_name":"EKITI","lga_code":"06","lga_name":"EMURE"},"geometry":{"type":"Polygon","coordinates":[[[5.540538449290068,7.515193826933626],[5.49849873912558,7.470222165920291],[5.459936111062746,7.46316173512605],[5.459016892415718,7.437288347779088],[5.438505308972879,7.43973972161092],[5.432180775422523,7.384233417438338],[5.467468635569105,7.301758715892049],[5.521214485360247,7.332527637440592],[5.599372863766689,7.450227260979375],[5.605469696169564,7.473188396227556],[5.58068763702488,7.50663168570378],[5.540538449290068,7.515193826933626]]]}},{"type":"Feature","properties":{"state_code":"13","state_name":"EKITI","lga_code":"10","lga_name":"IKERE"},"geometry":{"type":"Polygon","coordinates":[[[5.322150367045879,7.436415695128289],[5.304219066256962,7.484523408128837],[5.327875765054557,7.567046193726924],[5.298962322952889,7.585777775124257],[5.250066857799311,7.588444757819389],[5.219441755832406,7.541541619250381],[5.21087009977532,7.566985361785044],[5.188297781917129,7.56000239229661],[5.110541476008336,7.498544378420377],[5.086197840857722,7.456308112429497],[5.322150367045879,7.436415695128289]]]}},{"type":"Feature","properties":{"state_code":"16","state_name":"IMO","lga_code":"17","lga_name":"OGUTA (OGUTA)"},"geometry":{"type":"Polygon","coordinates":[[[6.969173998081601,5.56058101020551],[6.955163000372238,5.626615000382003],[6.904272999899092,5.657135000380038],[6.85954211527644,5.728235028124118],[6.840402649962357,5.719998528709198],[6.828398237588658,5.741887218820125],[6.846529961288752,5.765839100294272],[6.81068086572941,5.787612914604381],[6.751369688260581,5.749550841997802],[6.714305400873627,5.761296272105312],[6.694906234735015,5.746217728765203],[6.65843629759712,5.624850273321499],[6.826098000222601,5.601776999808749],[6.888824999773988,5.529284999603078],[6.969173998081601,5.56058101020551]]]}},{"type":"Feature","properties":{"state_code":"07","state_name":"BENUE","lga_code":"10","lga_name":"KONSHISHA"},"geometry":{"type":"Polygon","coordinates":[[[8.776371087156008,7.180372303638933],[8.731623964374478,7.180074994965082],[8.639310963829985,7.356526185635005],[8.51349174195036,7.306903690552929],[8.481620658066959,7.236882004800748],[8.52383502556603,7.180525653336304],[8.51410144812337,7.064411300740971],[8.547121861085088,6.919934732002332],[8.53175300040067,6.883270999956721],[8.59914599928851,6.847951641055431],[8.70374202667324,6.896412848773991],[8.817680358961468,6.876111031299104],[8.974477768334395,6.788922786857199],[8.995684046581516,6.736562550421411],[9.01447023121625,6.813123265226579],[8.979405744679411,6.860447996977541],[9.005758834902338,6.887008562595156],[8.99654491541554,6.962310098832063],[8.947395470924278,6.972082768005407],[8.890885758970626,7.01281422000028],[8.839451592217245,7.065697300689919],[8.827248935090324,7.134199642999192],[8.776371087156008,7.180372303638933]]]}},{"type":"Feature","properties":{"state_code":"29","state_name":"OSUN","lga_code":"10","lga_name":"EJIGBO"},"geometry":{"type":"Polygon","coordinates":[[[4.371104130051606,7.848700920910801],[4.328186034957582,7.935013293129032],[4.276341437407439,7.971228599820051],[4.191331386933996,7.910234449959944],[4.202767847758025,7.868682860325805],[4.147110938618994,7.849622249367371],[4.093563924435614,7.863616561954814],[4.075077019788694,7.820000628026605],[4.130432710900948,7.817794896817077],[4.133719000031874,7.793497000286379],[4.239674000155048,7.812211000837067],[4.249871001845293,7.835380821967419],[4.273997486694725,7.787975397646505],[4.299250502808491,7.784363621384045],[4.2930442561875,7.759524963406363],[4.320443446807644,7.70106193565988],[4.341695788330014,7.752685249624619],[4.325954611016527,7.806443439013549],[4.371104130051606,7.848700920910801]]]}},{"type":"Feature","properties":{"state_code":"07","state_name":"BENUE","lga_code":"08","lga_name":"GWER WEST"},"geometry":{"type":"Polygon","coordinates":[[[8.026496214928443,7.702723336912527],[8.062683999666888,7.690540999967197],[8.11100771723244,7.422088690041051],[8.06805498205182,7.415252501601742],[8.115996867261686,7.369994766245497],[8.195591192279721,7.434069631008697],[8.24886389884989,7.43902611406395],[8.27155453961035,7.460237067886396],[8.257807644007642,7.487097477366717],[8.268711000212534,7.506861000235006],[8.32564000038576,7.560737999958803],[8.347946000207799,7.613356000079364],[8.398138515280323,7.621229471063316],[8.41157736610262,7.674430721100919],[8.39164231374184,7.684548341432844],[8.385478019594984,7.768043518093918],[8.215219497581813,7.834565163851266],[8.089342490663455,7.748644801616365],[8.038216704137653,7.736705169208221],[8.026496214928443,7.702723336912527]]]}},{"type":"Feature","properties":{"state_code":"09","state_name":"CROSS RIVER","lga_code":"10","lga_name":"ETUNG"},"geometry":{"type":"Polygon","coordinates":[[[8.598862147170394,5.826440536901316],[8.574395668225577,5.642699413846913],[8.598213908644993,5.638235160324427],[8.677240114839492,5.653043864782603],[8.808631884154181,5.745438040832994],[8.853062039981182,5.744858530296995],[8.868055343779133,5.8458328250249],[8.991571122209564,5.934950435414294],[8.947885191348576,6.018450552950696],[8.79890951586151,6.064733448889626],[8.77947122201931,5.93397178686854],[8.714308427591902,5.927536753618313],[8.703018467228503,5.847942192078563],[8.598862147170394,5.826440536901316]]]}},{"type":"Feature","properties":{"state_code":"04","state_name":"ANAMBRA","lga_code":"09","lga_name":"EKWUSIGO"},"geometry":{"type":"Polygon","coordinates":[[[6.777519322159037,6.056487647786753],[6.776531999652093,6.017137999619024],[6.802801111182362,5.990836837150368],[6.800986571573048,5.927222839862225],[6.82640151331924,5.906276854193493],[6.868550316643848,5.934584163128648],[6.876121833955494,6.055082018220617],[6.834460626856469,6.041071575392948],[6.777519322159037,6.056487647786753]]]}},{"type":"Feature","properties":{"state_code":"13","state_name":"EKITI","lga_code":"09","lga_name":"IJERO"},"geometry":{"type":"Polygon","coordinates":[[[4.947042175755882,7.902162896100833],[4.958476507884598,7.87247296765338],[4.942339099170113,7.859560309260928],[4.982593934762349,7.83149890734876],[4.989815919768944,7.807477000163487],[4.967706681718028,7.79857355812328],[5.004688000350995,7.744872999989013],[5.029347999910328,7.729247999795405],[5.047235892222716,7.753686141102605],[5.102802502233715,7.736937339986298],[5.148681080067831,7.770717894115592],[5.140089081346048,7.8219963243709],[5.097581789368121,7.84829131659103],[5.137007747709447,7.882406158617357],[5.069443695070504,7.90988619109487],[5.084834861639592,7.925500743864291],[5.108746370748463,7.893893649672236],[5.123679356117464,7.899200979841396],[5.100238530583795,7.937572454305382],[5.020274162422709,7.960935592803423],[4.947042175755882,7.902162896100833]]]}},{"type":"Feature","properties":{"state_code":"01","state_name":"ABIA","lga_code":"12","lga_name":"UGWUNAGBO"},"geometry":{"type":"Polygon","coordinates":[[[7.378860797387915,5.081320633040832],[7.359532932199102,5.040493574119182],[7.334789784021382,5.04075394943527],[7.318231658064633,5.065328206731408],[7.292609449566498,5.050262165766412],[7.270446519291454,5.003499171249814],[7.298029999884648,4.957137000072521],[7.351992158211601,4.995103186962581],[7.391578530424908,4.972417305414353],[7.414415908167655,4.980833768163905],[7.426401078646904,5.029659165338273],[7.383781812980317,5.046665525093943],[7.39317599617533,5.076375101030123],[7.378860797387915,5.081320633040832]]]}},{"type":"Feature","properties":{"state_code":"29","state_name":"OSUN","lga_code":"27","lga_name":"OLORUNDA"},"geometry":{"type":"Polygon","coordinates":[[[4.664004802080001,7.841098897696043],[4.623504117021412,7.855743969608568],[4.604034760595766,7.88774186959165],[4.619866638134908,7.917909474742487],[4.568711283698804,7.937773608365376],[4.532550388689515,7.871528745155501],[4.549640085021963,7.820117978761743],[4.532486642944264,7.803696947256356],[4.66016372927271,7.784391492273585],[4.664004802080001,7.841098897696043]]]}},{"type":"Feature","properties":{"state_code":"25","state_name":"NASARAWA","lga_code":"10","lga_name":"NASARAWA EGGON"},"geometry":{"type":"Polygon","coordinates":[[[8.16829700020645,8.58622799982237],[8.261205998558012,8.554239999576396],[8.283567000017058,8.581739999701256],[8.350971998558919,8.613090000203385],[8.403068999834545,8.610824000027606],[8.466275999937523,8.653533000047958],[8.607414892283487,8.652371224352578],[8.678283930958685,8.707723167090535],[8.610975962970372,8.769775128319566],[8.617539788130784,8.817042012978561],[8.557230740006673,8.802189277713069],[8.501146137584215,8.83424934962784],[8.521360236985402,8.870562170707672],[8.381865299044364,8.88073408311152],[8.320613989843821,8.805784463282407],[8.226663712360505,8.838765488636454],[8.214524857636093,8.82157074699245],[8.232152586872417,8.781975701717329],[8.197335773627117,8.769309093340041],[8.172708653281745,8.711917095197862],[8.190569729609365,8.624417137640819],[8.16829700020645,8.58622799982237]]]}},{"type":"Feature","properties":{"state_code":"29","state_name":"OSUN","lga_code":"07","lga_name":"EDE NORTH"},"geometry":{"type":"Polygon","coordinates":[[[4.539893427839445,7.657129932300563],[4.563606386425647,7.668369911941909],[4.578119946878076,7.714567925369522],[4.515107325342854,7.721271330707395],[4.455745370352588,7.753552932621801],[4.450102630831793,7.775756662440074],[4.417220142395706,7.770480484786617],[4.391064698876789,7.740708709039723],[4.539893427839445,7.657129932300563]]]}},{"type":"Feature","properties":{"state_code":"11","state_name":"EBONYI","lga_code":"03","lga_name":"AFIKPO SOUTH"},"geometry":{"type":"Polygon","coordinates":[[[7.853091371569576,5.967550635653367],[7.806865060973848,5.980547322201232],[7.803137048236238,5.956123875816274],[7.777877787230125,5.96924246456814],[7.68395519267807,5.822346209609918],[7.786321639731909,5.804915428304412],[7.803929806015788,5.744953156063332],[7.890100001713733,5.684799670868188],[7.916170380158974,5.748143074743155],[7.889973210795063,5.769572152832609],[7.887279405819982,5.869015893168978],[7.838179475302582,5.944810721037982],[7.853091371569576,5.967550635653367]]]}},{"type":"Feature","properties":{"state_code":"16","state_name":"IMO","lga_code":"24","lga_name":"ORU WEST (MGBIDI)"},"geometry":{"type":"Polygon","coordinates":[[[6.933353423621668,5.830395698602672],[6.889758110248636,5.806298733100107],[6.87953042998538,5.745519638120868],[6.846529961288752,5.765839100294272],[6.828398237588658,5.741887218820125],[6.840402649962357,5.719998528709198],[6.85954211527644,5.728235028124118],[6.911599525697625,5.650160849643555],[6.929590143070698,5.663387810299241],[6.918395472173358,5.689997798159879],[6.9432539296252,5.696253345615446],[6.918196406339121,5.744525225358927],[6.963402547589567,5.771131177961536],[6.917987415586822,5.792409259879491],[6.933353423621668,5.830395698602672]]]}},{"type":"Feature","properties":{"state_code":"04","state_name":"ANAMBRA","lga_code":"03","lga_name":"ANAMBRA EAST"},"geometry":{"type":"Polygon","coordinates":[[[6.808571363777446,6.589365769914423],[6.858206446670238,6.558774819702194],[6.835802284947533,6.489270958188229],[6.854557017592356,6.404768869088059],[6.830181103974837,6.374200479268779],[6.826119584851028,6.29343055417678],[6.784161635651003,6.255777897931694],[6.797733129280516,6.198952949319221],[6.817831841166594,6.202053854002202],[6.820547273937564,6.231961841965472],[6.878622445669407,6.250248199594807],[6.930836621412993,6.29557936909265],[6.966719614218846,6.282925907904371],[6.987814674207925,6.304861711698663],[6.9641234621281,6.407872862942327],[6.953254024753505,6.419793099671836],[6.908695597723693,6.396589410972581],[6.891808676928918,6.4119826711634],[6.893297501878237,6.492584898774112],[6.910677340187135,6.515916546611379],[6.899844918008625,6.554887122442778],[6.942338158978885,6.622537024364249],[6.94233085918188,6.702848046999804],[6.909815110678835,6.696418646203597],[6.860965587392002,6.753429071894175],[6.800278187288541,6.693467139596862],[6.808571363777446,6.589365769914423]]]}},{"type":"Feature","properties":{"state_code":"07","state_name":"BENUE","lga_code":"23","lga_name":"VANDEIKYA"},"geometry":{"type":"Polygon","coordinates":[[[9.162464371333726,6.943060578083248],[9.142115164982954,6.96671342328591],[8.99654491541554,6.962310098832063],[9.005758834902338,6.887008562595156],[8.979405744679411,6.860447996977541],[9.014039805792436,6.815943832342043],[8.998624603043027,6.784099842333887],[9.013856534751312,6.764085021006963],[8.968091964872315,6.697119236063941],[9.027075768432042,6.650787829794581],[9.07036781332397,6.642453194559323],[9.184833526945738,6.693329811321803],[9.172706754613102,6.725508441761235],[9.193466223587393,6.77027729486133],[9.157689275239932,6.827692991038759],[9.18764300002448,6.871875999677684],[9.162464371333726,6.943060578083248]]]}},{"type":"Feature","properties":{"state_code":"29","state_name":"OSUN","lga_code":"02","lga_name":"ATAKUMOSA WEST"},"geometry":{"type":"Polygon","coordinates":[[[4.527190756648167,7.613978601631231],[4.586061382326989,7.573736790020916],[4.586453811394335,7.542602405576588],[4.641920155990476,7.479706326285964],[4.637964999685039,7.444199872426225],[4.679788639634069,7.471031330931226],[4.708714554433186,7.465260509964594],[4.716602025163354,7.504365532643249],[4.765719248744404,7.504206941697078],[4.778482000044335,7.52266500058937],[4.782542999359976,7.556979000180775],[4.723597999747938,7.538110000576125],[4.712570999352181,7.583688000700704],[4.662181998600431,7.634545000551384],[4.66289489118634,7.688552672667754],[4.636305862025949,7.706928509243369],[4.646277479222363,7.73654159871586],[4.610299643014173,7.752269564988467],[4.587731464735384,7.74051057130589],[4.599747981084533,7.729978085620189],[4.539893427839445,7.657129932300563],[4.527190756648167,7.613978601631231]]]}},{"type":"Feature","properties":{"state_code":"04","state_name":"ANAMBRA","lga_code":"16","lga_name":"OGBARU"},"geometry":{"type":"Polygon","coordinates":[[[6.757916736568177,6.134914213020579],[6.704537202230142,6.081095483070158],[6.703152852422249,6.051150246986367],[6.725514463621664,6.040748672013649],[6.715875148619261,5.969895840920344],[6.660915851685274,5.856529237334485],[6.643630027603763,5.747325420132086],[6.601873333187825,5.687458521893291],[6.653137033447365,5.681609277346297],[6.691257999956804,5.699708999570703],[6.694906234735015,5.746217728765203],[6.714305400873627,5.761296272105312],[6.751369688260581,5.749550841997802],[6.800801804060086,5.784558646064738],[6.742227328728291,5.873753733947694],[6.800986571573048,5.927222839862225],[6.802801111182362,5.990836837150368],[6.776531999652093,6.017137999619024],[6.777519322159037,6.056487647786753],[6.812546094726542,6.093683538364644],[6.79685530372933,6.129641297208138],[6.757916736568177,6.134914213020579]]]}},{"type":"Feature","properties":{"state_code":"01","state_name":"ABIA","lga_code":"05","lga_name":"IKWUANO"},"geometry":{"type":"Polygon","coordinates":[[[7.658100858367959,5.446245655112932],[7.642403084135083,5.472880725065465],[7.606227174944195,5.475022816649698],[7.57128331267478,5.503224618021761],[7.538070041898948,5.496086978631183],[7.504961499873389,5.410665651098952],[7.5349561222273,5.295500302696837],[7.572082996133418,5.32431316372157],[7.648910999343173,5.324934006199499],[7.670481371717983,5.351851376939521],[7.619643000424162,5.37174900041606],[7.658100858367959,5.446245655112932]]]}},{"type":"Feature","properties":{"state_code":"25","state_name":"NASARAWA","lga_code":"06","lga_name":"KEFFI"},"geometry":{"type":"Polygon","coordinates":[[[7.862968420556228,8.923111638891044],[7.820948455906546,8.91053332055634],[7.780072263424245,8.8701696687952],[7.776091759726967,8.779932633584224],[7.807414550341264,8.750584800947877],[7.843021271414614,8.750436243737681],[7.903092311261219,8.812164733215923],[7.889232807947792,8.84005327463899],[7.91257394722993,8.846843270300724],[7.90987265989537,8.868917465368781],[7.862968420556228,8.923111638891044]]]}},{"type":"Feature","properties":{"state_code":"22","state_name":"KOGI","lga_code":"01","lga_name":"ADAVI"},"geometry":{"type":"Polygon","coordinates":[[[6.297750181425783,7.533609143747015],[6.32738484023821,7.547727042069369],[6.40882205959042,7.527223110058515],[6.434560776158946,7.609955310888949],[6.503900016772377,7.629621877847455],[6.543032169299238,7.686253071122394],[6.709415912814165,7.783693314395009],[6.702845777110952,7.799832109864042],[6.660695552857533,7.844363689432782],[6.616351499921848,7.859216055976276],[6.425368309100236,7.723942280312031],[6.36135912092675,7.640029296614784],[6.258337175120573,7.578937552326238],[6.258292366399644,7.602209132645385],[6.225466850015152,7.620806500119954],[6.20455326062455,7.588076369428961],[6.1773522464091,7.586688371970865],[6.223361768231086,7.551825020608248],[6.297750181425783,7.533609143747015]]]}},{"type":"Feature","properties":{"state_code":"16","state_name":"IMO","lga_code":"23","lga_name":"ORU-EAST"},"geometry":{"type":"Polygon","coordinates":[[[7.010333765690802,5.649747666921314],[6.97902941297707,5.672219985563913],[7.002816234681518,5.69789211183155],[6.960790312922654,5.695319480609612],[6.977753215638415,5.726993953807948],[6.965164883352713,5.771760472268056],[6.99088607663117,5.791627291266536],[6.961917161647762,5.792429579161819],[6.95009382866732,5.816767782407283],[6.917987415586822,5.792409259879491],[6.963402547589567,5.771131177961536],[6.918196406339121,5.744525225358927],[6.9432539296252,5.696253345615446],[6.918395472173358,5.689997798159879],[6.929590143070698,5.663387810299241],[6.911599525697625,5.650160849643555],[6.955163000372238,5.626615000382003],[7.010333765690802,5.649747666921314]]]}},{"type":"Feature","properties":{"state_code":"27","state_name":"OGUN","lga_code":"19","lga_name":"REMO NORTH"},"geometry":{"type":"Polygon","coordinates":[[[3.825619785424806,7.082826042887632],[3.726004394187498,7.085910469292799],[3.722435191830698,7.06204705322898],[3.696190835938353,7.063335043377606],[3.64621072364605,6.990172453795765],[3.728759597677367,6.918301166565641],[3.793998629433247,6.988631648931516],[3.784312445363128,7.029598207091624],[3.825619785424806,7.082826042887632]]]}},{"type":"Feature","properties":{"state_code":"25","state_name":"NASARAWA","lga_code":"04","lga_name":"KARU"},"geometry":{"type":"Polygon","coordinates":[[[7.553078775365236,8.762289418022249],[7.657480285686688,8.740663462149087],[7.700063218742628,8.694276432811193],[7.783556183071425,8.710610659054737],[7.900131352779738,8.643599372912774],[7.935263790291742,8.7231043745673],[7.924919849271703,8.76762197777208],[7.892803618292419,8.797341616222639],[7.843021271414614,8.750436243737681],[7.783962265646096,8.760450211807893],[7.780072263424245,8.8701696687952],[7.820948455906546,8.91053332055634],[7.862968420556228,8.923111638891044],[7.892461720332165,9.017338748384589],[7.911865012560327,9.01181302595046],[7.946564999375255,9.061478001408659],[7.973758999778056,9.063896001399371],[8.023637998594836,9.12494299991954],[8.069405999387413,9.14927000031031],[8.087242992769973,9.230739065555497],[8.060933895582878,9.265762078057492],[7.919086634240841,9.317365551179307],[7.808387301133109,9.27284627793341],[7.724080473734944,9.329254915981664],[7.667605876709899,9.303650855802402],[7.588679313599471,9.129055977351527],[7.594658851924521,8.856400489790815],[7.553078775365236,8.762289418022249]]]}},{"type":"Feature","properties":{"state_code":"27","state_name":"OGUN","lga_code":"12","lga_name":"IKENNE"},"geometry":{"type":"Polygon","coordinates":[[[3.691427016443697,6.792345766643848],[3.73321800021057,6.893357000125491],[3.763448959901609,6.892212396984576],[3.763015726794379,6.94478147488519],[3.717725999855077,6.919654999678528],[3.64621072364605,6.990172453795765],[3.596523902755962,6.960133966109709],[3.58738968568548,6.905459075276156],[3.61901604425509,6.909988851604282],[3.672486000028925,6.860974999696509],[3.691427016443697,6.792345766643848]]]}},{"type":"Feature","properties":{"state_code":"29","state_name":"OSUN","lga_code":"17","lga_name":"ILA"},"geometry":{"type":"Polygon","coordinates":[[[4.998952800631287,8.030323020890762],[4.97318069043655,8.021380363912726],[4.960805415637481,8.052426337805286],[4.88723135024668,8.090929031449718],[4.854066372165391,8.095502852974334],[4.852541446630482,8.0680561071037],[4.808808985746168,8.061739966026664],[4.809453000155884,7.99680200031213],[4.846036873303092,7.986576678071287],[4.893586982353384,7.93449505520266],[4.872227161054695,7.883654164008533],[4.84512943307692,7.874375353939456],[4.865482987649784,7.841731218221184],[4.923782825317176,7.863490582224642],[4.946279079416058,7.901821934334862],[4.92379079960574,7.956737240031657],[4.937624129050391,7.982263862287482],[4.970878388227106,7.980955108591445],[4.998952800631287,8.030323020890762]]]}},{"type":"Feature","properties":{"state_code":"25","state_name":"NASARAWA","lga_code":"03","lga_name":"DOMA"},"geometry":{"type":"Polygon","coordinates":[[[8.215219497581813,7.834565163851266],[8.372159004334605,7.770002364717413],[8.420590565901932,7.77424471142433],[8.39110648507625,7.890456929144023],[8.347916116635531,7.928151386777131],[8.339716166567882,7.960989481979084],[8.344406738979842,7.973415652110702],[8.360296248672967,7.962283598309455],[8.390913337680445,8.078293828297603],[8.512680054341104,8.157776833434184],[8.520916938665835,8.184801102988558],[8.499649286185672,8.404550862232554],[8.411907000008114,8.472653999982185],[8.240638768664269,8.507919950845121],[8.222607930012032,8.484412446876945],[8.155092409287306,8.481086818701783],[8.182335511774511,8.409426563685031],[8.09699838506748,8.369285847563845],[8.093492979717269,8.343116397104097],[8.07225914714195,8.350284145796763],[8.071948149887248,8.314084328129297],[8.05654509697871,8.309120038958667],[8.07429006993084,8.28105164481758],[8.056243692792236,8.280133195090912],[8.039771551016315,8.24372863686716],[8.053743875179748,8.231816267406884],[8.02481931655825,8.184487363700896],[8.055620444627891,8.129102680244557],[8.029182301921765,8.080520223229769],[8.006933900079446,8.078323410596965],[7.98273949303325,7.996439513272946],[8.040774344560418,7.896435262377508],[8.215219497581813,7.834565163851266]]]}},{"type":"Feature","properties":{"state_code":"15","state_name":"GOMBE","lga_code":"09","lga_name":"NAFADA"},"geometry":{"type":"Polygon","coordinates":[[[10.98171599739544,11.178820010934828],[11.035930394871855,11.134337919259622],[11.015727043268498,11.1079597469448],[11.055441975366932,11.089604051585752],[11.121374834081394,11.005511768253541],[11.10202929271776,10.93334758532285],[11.217765848215379,10.85698530143054],[11.205297041225549,10.812486648739878],[11.340121269181282,10.795302391392283],[11.363843342396365,10.839676819829435],[11.322092640163248,10.964982316580688],[11.326512045394622,11.000035102937716],[11.378472035855793,11.039523856440894],[11.391140170382585,11.090164394870953],[11.341557157336979,11.1637590970048],[11.31938185418926,11.186231233084982],[11.311445166261478,11.168915585685795],[11.200875763605666,11.175090381216194],[11.181895937847287,11.199021082756815],[11.091866404111329,11.226097376292955],[11.077443462945496,11.286717677079196],[10.98171599739544,11.178820010934828]]]}},{"type":"Feature","properties":{"state_code":"07","state_name":"BENUE","lga_code":"07","lga_name":"GWER EAST"},"geometry":{"type":"Polygon","coordinates":[[[8.696588999882465,7.661138000218557],[8.601682000224173,7.569656000224256],[8.546278000229563,7.552851999620145],[8.451425000363542,7.578884000396329],[8.406654919688833,7.642774417805185],[8.396083191186392,7.619365645008543],[8.3621470003838,7.621410000071478],[8.268711000212534,7.506861000235006],[8.257807644007642,7.487097477366717],[8.27155453961035,7.460237067886396],[8.24886389884989,7.43902611406395],[8.195591192279721,7.434069631008697],[8.14455380011782,7.391322851368557],[8.134262187949673,7.375521734240692],[8.219945605805094,7.271304569650226],[8.256124131123784,7.126036978823549],[8.320076947992789,7.130144882280547],[8.405361438279783,7.103203635439456],[8.431762999263071,7.049977916647606],[8.51410144812337,7.064411300740971],[8.52383502556603,7.180525653336304],[8.481620658066959,7.236882004800748],[8.505744706652933,7.294594792915404],[8.639310963829985,7.356526185635005],[8.646814825144133,7.489037079397747],[8.68746058164055,7.500499762653988],[8.768690000043534,7.569132000341597],[8.767846999839207,7.653304999626073],[8.696588999882465,7.661138000218557]]]}},{"type":"Feature","properties":{"state_code":"13","state_name":"EKITI","lga_code":"02","lga_name":"EFON"},"geometry":{"type":"Polygon","coordinates":[[[4.887211030964352,7.689585579111224],[4.86386156126207,7.622681618062245],[4.912629159907851,7.546575685919208],[4.937835943673917,7.617478577774193],[4.985241893198861,7.609482254902218],[5.016643762099989,7.66631327213986],[4.974097543866606,7.707360474306483],[4.977321206908243,7.752967908342328],[4.932273123306061,7.810518310371776],[4.915795803233777,7.802699492987244],[4.887211030964352,7.689585579111224]]]}},{"type":"Feature","properties":{"state_code":"16","state_name":"IMO","lga_code":"07","lga_name":"IHITTE/UBOMA (ISINWEKE)"},"geometry":{"type":"Polygon","coordinates":[[[7.305524463283405,5.585965515296323],[7.346068495664611,5.588983709330762],[7.348733656333195,5.60605568272365],[7.425917416955258,5.585583317815917],[7.416314125196777,5.66145467799106],[7.381607532861381,5.705608845371955],[7.364037999653988,5.70050000007501],[7.336138051230137,5.615677593146472],[7.301053999942212,5.603812000123753],[7.305524463283405,5.585965515296323]]]}},{"type":"Feature","properties":{"state_code":"13","state_name":"EKITI","lga_code":"04","lga_name":"EKITI WEST"},"geometry":{"type":"Polygon","coordinates":[[[4.946279079416058,7.901821934334862],[4.911100863713955,7.850109576695672],[4.915795803233777,7.802699492987244],[4.940110181639625,7.805603608919455],[4.972438112129225,7.763221689629347],[4.974097543866606,7.707360474306483],[5.016643762099989,7.66631327213986],[4.985241893198861,7.609482254902218],[4.937835943673917,7.617478577774193],[4.919433890961329,7.521453978018712],[4.974850691006623,7.56093876641097],[5.075525656284071,7.540501427399022],[5.114948243966353,7.709401605299888],[5.102802502233715,7.736937339986298],[5.062037829282417,7.750554076709307],[5.029347999910328,7.729247999795405],[5.004688000350995,7.744872999989013],[4.967706681718028,7.79857355812328],[4.989815919768944,7.807477000163487],[4.982593934762349,7.83149890734876],[4.942339099170113,7.859560309260928],[4.958476507884598,7.87247296765338],[4.946279079416058,7.901821934334862]]]}},{"type":"Feature","properties":{"state_code":"30","state_name":"OYO","lga_code":"04","lga_name":"ATISBO"},"geometry":{"type":"Polygon","coordinates":[[[2.870219684890571,8.25939366408636],[2.867904471114514,8.312331916384892],[2.928478197810648,8.352656441341765],[3.090407402279823,8.31657405624776],[3.176742575009882,8.333353775156638],[3.172451521020946,8.369356274372592],[3.227965982044509,8.374598079038151],[3.361405758568935,8.309433119043263],[3.478752641920948,8.334128315369526],[3.472418478430086,8.357184061095609],[3.547797022714462,8.397709690649776],[3.652955281061395,8.407834570309205],[3.684000819682126,8.409864402220421],[3.797034623748914,8.342159778351117],[3.856714908166509,8.32711144143991],[3.904285909367275,8.372852886151804],[3.931414353689547,8.468986605147734],[3.874208748135288,8.554249425370756],[3.810453535702152,8.546600335237315],[3.686049728911883,8.431776070908995],[3.672614364761159,8.457701252910567],[3.593552736069967,8.492642106947699],[3.575362787562653,8.519508174962368],[3.583552041093867,8.55484529727272],[3.532136582937028,8.585904091900375],[3.443005358610435,8.55135749974886],[3.390061867761062,8.58074510130541],[3.323883463551056,8.580133205283232],[3.360934201752059,8.550828165087808],[3.33513455971223,8.522689737141718],[3.274802016799697,8.534264170155382],[3.220671885798936,8.515937262095008],[3.211267628398389,8.48451647055873],[3.193071145417093,8.480990664987246],[3.19706624331252,8.443521619726994],[3.145371902691181,8.440378639362791],[3.052824471372276,8.501894108226566],[2.95789821992696,8.508990388695508],[2.720833299817002,8.424444193244994],[2.709999559232301,8.326387399059286],[2.746397693598738,8.228737768433291],[2.870219684890571,8.25939366408636]]]}},{"type":"Feature","properties":{"state_code":"16","state_name":"IMO","lga_code":"10","lga_name":"ISU (UMUNDUGBA)"},"geometry":{"type":"Polygon","coordinates":[[[7.098791728755316,5.729500491154795],[7.011506631825625,5.71991617868872],[7.002079000145784,5.685433000432681],[7.03153685044532,5.689014784304902],[7.043394594185202,5.638706704550827],[7.074327929790172,5.626658998813809],[7.089025279293253,5.669989789197473],[7.068025483589224,5.693613249951568],[7.098791728755316,5.729500491154795]]]}},{"type":"Feature","properties":{"state_code":"07","state_name":"BENUE","lga_code":"15","lga_name":"OGBADIBO"},"geometry":{"type":"Polygon","coordinates":[[[7.688128414794562,6.852689158977569],[7.711925623668662,6.860918930564253],[7.712426707026964,6.887181675793727],[7.685858361374301,6.903469837862758],[7.773697610656257,7.029179637430389],[7.740962959073329,7.064657999167366],[7.772717039359918,7.090683132720471],[7.755890161801574,7.133967598126219],[7.74030512927834,7.164117438968674],[7.691022244281214,7.191829895833052],[7.643081219722546,7.158281663567948],[7.601947784262904,7.09056615790189],[7.607784271027356,7.017608643424182],[7.530513762700025,7.032278060883868],[7.57135725043679,6.939806938839183],[7.620197773308632,6.919325352283238],[7.688128414794562,6.852689158977569]]]}},{"type":"Feature","properties":{"state_code":"29","state_name":"OSUN","lga_code":"01","lga_name":"ATAKUMOSA EAST"},"geometry":{"type":"Polygon","coordinates":[[[4.844862303852267,7.375388281144296],[4.827139712327892,7.399952546972486],[4.851815371782038,7.486196870189474],[4.820941428304309,7.567811080616934],[4.782542999359976,7.556979000180775],[4.765719248744404,7.504206941697078],[4.716602025163354,7.504365532643249],[4.708714554433186,7.465260509964594],[4.679788639634069,7.471031330931226],[4.64573800020861,7.445188000725693],[4.682258701378032,7.344053686028815],[4.733840865063939,7.307331159905175],[4.754682872016986,7.361068429264662],[4.844862303852267,7.375388281144296]]]}},{"type":"Feature","properties":{"state_code":"25","state_name":"NASARAWA","lga_code":"01","lga_name":"AKWANGA"},"geometry":{"type":"Polygon","coordinates":[[[8.15532115634636,9.041472116644911],[8.178406415124016,9.019273416734848],[8.186539922379552,8.952760459327806],[8.23877762978384,8.894125691647389],[8.226663712360505,8.838765488636454],[8.320613989843821,8.805784463282407],[8.381865299044364,8.88073408311152],[8.528062694437835,8.875939309851333],[8.490657805913088,9.037734984781764],[8.387311935097784,9.175717353872813],[8.343294226347496,9.194487277865619],[8.258407754414407,9.182891938312366],[8.232776338657175,9.104816294836212],[8.191895424734128,9.052430753276667],[8.15532115634636,9.041472116644911]]]}},{"type":"Feature","properties":{"state_code":"26","state_name":"NIGER","lga_code":"20","lga_name":"RAFI"},"geometry":{"type":"Polygon","coordinates":[[[6.092243006109868,10.521783838853139],[6.081712246223219,10.468907355590034],[6.047576426610874,10.442401886038283],[6.041000284335723,10.339593888047546],[6.058821201437354,10.297827721072508],[6.018661976369174,10.228754043963988],[6.031737267261121,10.127876054936053],[6.011031628107219,10.117914199880488],[6.060131689026264,10.076897262598663],[6.035657320329108,10.088821940180424],[5.999166489242157,10.070350646864938],[6.004065513712533,10.001879691794386],[5.9814791682291,9.982639312654214],[5.98566150677317,9.950015068140942],[5.849307535614344,9.792747497698883],[5.97229493086644,9.775022925867404],[6.07398995037596,9.817365083431923],[6.137955246237652,9.812912471633297],[6.194258162684093,9.882421076171795],[6.234438290694584,9.893507260951367],[6.236912411978267,9.917025355335909],[6.300855174426829,9.895669037795926],[6.341543198160139,9.91069221527357],[6.431499957856829,9.854468345637713],[6.461217880400909,9.860894203105033],[6.50218057597283,9.901856422036303],[6.50218057597283,9.95004844737798],[6.559608458863352,9.984584807942554],[6.537922382412091,10.098637580759771],[6.478486538223194,10.14361572318711],[6.412777954239232,10.117734489255326],[6.434438882048823,10.17742303214726],[6.415353413829052,10.206197723246362],[6.376431345630124,10.207116305173372],[6.364321806106489,10.255937840658873],[6.428451608654882,10.311369868025054],[6.491066594947426,10.299671550701532],[6.550773620706082,10.390997887942206],[6.558382765652141,10.4625357416312],[6.524268150254954,10.595006942916143],[6.49454360780129,10.615692841951159],[6.397239953561041,10.572697538260854],[6.315423916380666,10.480156502020975],[6.322542867859113,10.446815621943472],[6.303736752449197,10.42397684575485],[6.254453987061879,10.427448306194435],[6.235651125399158,10.384797583142017],[6.169712083845639,10.358468160377356],[6.158331775790884,10.500831663150791],[6.092243006109868,10.521783838853139]]]}},{"type":"Feature","properties":{"state_code":"09","state_name":"CROSS RIVER","lga_code":"15","lga_name":"ODUKPANI"},"geometry":{"type":"Polygon","coordinates":[[[8.396803800854798,5.126478810748551],[8.413327109558509,5.196244142952878],[8.334231474802777,5.207207908418297],[8.265244748646296,5.244314204936643],[8.22680887373059,5.211638076735881],[8.192113840381467,5.217699921913891],[8.162090133053255,5.307948043967087],[8.100193196958514,5.272860016776406],[8.058647782069556,5.27338026288885],[8.042219208849474,5.346110524980816],[8.006666449796853,5.399691127043923],[7.993000674841312,5.555146093217672],[7.913496505959017,5.523813140264281],[7.987501144262467,5.362585067946554],[7.880370140269804,5.366795539982206],[7.901671886048746,5.33563280081313],[7.840874194888215,5.337450980878089],[7.912880898434764,5.303979873572359],[7.976094245952766,5.208294391972686],[7.992694854983597,5.206701755581605],[8.016752243121573,5.24695110261132],[8.041580780128925,5.234612912256125],[8.065328598236249,5.198836802976132],[8.06486606611611,5.14517116461758],[8.099286078689602,5.107050419341419],[8.102616309595078,5.02377605412164],[8.134789177178845,4.972769952071701],[8.18385446311305,4.965399191319648],[8.222429918206217,4.934481282685113],[8.270400748995428,4.958406744775516],[8.301603549364359,4.987117524654082],[8.294038053913084,5.040550342924007],[8.387248372814213,5.036608966030997],[8.394948607392394,5.070599539737032],[8.368104556580079,5.078966528982164],[8.396803800854798,5.126478810748551]]]}},{"type":"Feature","properties":{"state_code":"26","state_name":"NIGER","lga_code":"08","lga_name":"GBAKO"},"geometry":{"type":"Polygon","coordinates":[[[6.201188350961672,9.461841047926043],[6.189619667313821,9.512169132199745],[6.095547198944132,9.558597565425373],[6.036828833883646,9.530946407250951],[5.979034424199369,9.556385994018456],[5.934788704035498,9.539424896241997],[5.861834758967007,9.36916250804336],[5.833914166605553,9.249613935035143],[5.837449074215442,9.131628989885996],[5.910411150054586,9.158692784644359],[5.996841932409325,9.1349101357942],[6.017155272897583,9.152195940090621],[6.054832854752476,9.089810316892681],[6.12584499984689,9.077982999915548],[6.14281849927437,9.138991932831459],[6.221193926358637,9.23061806087486],[6.136922722006091,9.26149969805266],[6.162508687825721,9.338685424592711],[6.15844613807883,9.446609696280518],[6.201188350961672,9.461841047926043]]]}},{"type":"Feature","properties":{"state_code":"10","state_name":"DELTA","lga_code":"21","lga_name":"UKWUANI"},"geometry":{"type":"Polygon","coordinates":[[[6.166832446560193,5.726475715881634],[6.208510177802509,5.762431155373577],[6.296907424937785,5.767223358371325],[6.374627589791487,5.801497936180851],[6.333525180942388,5.906830788010495],[6.271000861600555,5.960143089032385],[6.243769646352121,5.967384815057244],[6.201406002185308,5.896959781568739],[6.1208791728356,5.839725018195054],[6.151820105913202,5.804926822714719],[6.166832446560193,5.726475715881634]]]}},{"type":"Feature","properties":{"state_code":"04","state_name":"ANAMBRA","lga_code":"07","lga_name":"AWKA SOUTH"},"geometry":{"type":"Polygon","coordinates":[[[7.138696553603097,6.211103954783709],[7.087460217914781,6.271098554954392],[7.029457536036489,6.235871684130984],[7.022042611377458,6.200915586585097],[7.040779426829147,6.172280160001435],[7.016513904093472,6.174048503235895],[7.012441170423699,6.140777108376881],[7.086460739271729,6.112147198234652],[7.150109854186496,6.176410313585166],[7.138696553603097,6.211103954783709]]]}},{"type":"Feature","properties":{"state_code":"26","state_name":"NIGER","lga_code":"09","lga_name":"GURARA"},"geometry":{"type":"Polygon","coordinates":[[[7.092101398660645,9.210558924554789],[7.152461613712546,9.294202954302932],[7.191329291813418,9.283954688558083],[7.207167815342473,9.247774236891587],[7.253533494775013,9.289292203572359],[7.220167519115762,9.297856433028016],[7.232257439928958,9.317718875026117],[7.200896645763635,9.459821223670588],[7.218982277410248,9.492680104003625],[7.099738121317273,9.477062226440637],[7.104902275819427,9.453843672847256],[7.021658008210579,9.382062769281447],[6.9735251573602,9.393548727891528],[6.938345909236375,9.371994972290167],[6.855483532439109,9.399615288215045],[6.723066330047118,9.352498055241085],[6.716025829128739,9.298339843808776],[6.76801776890494,9.267469405888392],[7.015266895151115,9.268970490395873],[7.092101398660645,9.210558924554789]]]}},{"type":"Feature","properties":{"state_code":"26","state_name":"NIGER","lga_code":"11","lga_name":"KONTAGORA"},"geometry":{"type":"Polygon","coordinates":[[[5.167696475811738,10.28388404841013],[5.325640202433419,10.24280071328235],[5.406783580897581,10.246146202085583],[5.456974982609381,10.19428157843214],[5.717135905697546,10.236945151897316],[5.663313922899249,10.298447576994135],[5.698061943404014,10.34304618843089],[5.677784920237912,10.52308273328157],[5.622483253199619,10.601119041310767],[5.599748134668744,10.678541183428933],[5.570254325876476,10.703119279031569],[5.529173114048035,10.686932755642204],[5.508575603081681,10.604035454572625],[5.462079827721936,10.560948025231255],[5.407155065653797,10.559287580857244],[5.343682622555036,10.619230414252286],[5.322294235190839,10.55566215468474],[5.354918479704111,10.41428852129826],[5.343788901736502,10.375060643134248],[5.308627533034269,10.348977720945129],[5.224420070829638,10.356568336259784],[5.167696475811738,10.28388404841013]]]}},{"type":"Feature","properties":{"state_code":"26","state_name":"NIGER","lga_code":"16","lga_name":"MASHEGU"},"geometry":{"type":"Polygon","coordinates":[[[5.581430433867467,9.702344894601254],[5.587161519188783,9.728726416890652],[5.710443497269637,9.74088287404544],[5.799115658161156,9.713277816917753],[5.817519187560492,9.722478867106076],[5.856021808359799,9.811565283611003],[5.98566150677317,9.950015068140942],[5.9814791682291,9.982639312654214],[6.004065513712533,10.001879691794386],[5.99151754389959,10.083023071157868],[5.902845383008071,10.157474517834771],[5.807306564646296,10.16159310703631],[5.757631165146222,10.185550183893895],[5.717135905697546,10.236945151897316],[5.456974982609381,10.19428157843214],[5.406783580897581,10.246146202085583],[5.325640202433419,10.24280071328235],[5.167696475811738,10.28388404841013],[5.108560561820525,10.23276233671254],[4.97889852514686,10.199300765817725],[4.928707123435061,10.16416645142067],[4.889928999823553,9.96494499941224],[4.864197999438147,9.958216999415015],[4.793870000100469,9.998852000019838],[4.694315017224312,9.93536933702535],[4.683922618034444,9.894881735303898],[4.621216132918221,9.819110477766401],[4.638998542848526,9.794069198035118],[4.633689502168863,9.74084156278792],[4.567862329982574,9.599223661842586],[4.697919446025651,9.614911461694646],[4.822979980941398,9.553872968962423],[4.84994097419667,9.493684393120304],[4.822960442270642,9.426527244137048],[4.839461803019844,9.386187553013201],[4.94587939461843,9.355764717567695],[5.185956881704783,9.46938511702956],[5.219015658845649,9.514483845053462],[5.128945364237211,9.536153118571633],[5.167880282848841,9.576214363402187],[5.217159888917763,9.568784724935142],[5.256274830219297,9.590064261956172],[5.292052098725435,9.671087058421051],[5.355740321558642,9.689995022052699],[5.430042470883393,9.808532182414353],[5.484077452712313,9.79179915360811],[5.530610451011569,9.689430559872505],[5.562993940717831,9.711308060618535],[5.581430433867467,9.702344894601254]]]}},{"type":"Feature","properties":{"state_code":"26","state_name":"NIGER","lga_code":"25","lga_name":"WUSHISHI"},"geometry":{"type":"Polygon","coordinates":[[[5.912274836714403,9.501861572353732],[5.934788704035498,9.539424896241997],[5.972397326775251,9.556385994018456],[6.036828833883646,9.530946407250951],[6.095547198944132,9.558597565425373],[6.149195790653266,9.538826641136609],[6.164477158993748,9.511847154222835],[6.220955204019504,9.53365910788159],[6.183337375819292,9.5779298202051],[6.179858423127769,9.621454483737466],[6.203738436179947,9.632944926367315],[6.210245150793128,9.705001564770441],[6.283149730275852,9.703303585392177],[6.30670438120228,9.80592597140651],[6.234438290694584,9.893507260951367],[6.194258162684093,9.882421076171795],[6.137955246237652,9.812912471633297],[6.07398995037596,9.817365083431923],[5.97229493086644,9.775022925867404],[5.849307535614344,9.792747497698883],[5.799115658161156,9.713277816917753],[5.728847026668973,9.74088287404544],[5.587161519188783,9.728726416890652],[5.581430433867467,9.702344894601254],[5.707648276646694,9.610616683613102],[5.736059425801898,9.536085542613762],[5.78029727869648,9.48953533218986],[5.798275947676871,9.482196807636626],[5.820657253129752,9.509348869055088],[5.881565094153814,9.487700461607062],[5.912274836714403,9.501861572353732]]]}},{"type":"Feature","properties":{"state_code":"26","state_name":"NIGER","lga_code":"22","lga_name":"SHIRORO"},"geometry":{"type":"Polygon","coordinates":[[[6.540331840641954,10.545209884928283],[6.559835007079982,10.450824968697418],[6.550773620706082,10.390997887942206],[6.491066594947426,10.299671550701532],[6.428451608654882,10.311369868025054],[6.380854821193111,10.280266289857423],[6.364321806106489,10.255937840658873],[6.376431345630124,10.207116305173372],[6.415353413829052,10.206197723246362],[6.434438882048823,10.17742303214726],[6.412777954239232,10.117734489255326],[6.478486538223194,10.14361572318711],[6.537922382412091,10.098637580759771],[6.559608458863352,9.984584807942554],[6.50218057597283,9.95004844737798],[6.497550903851163,9.89590471592993],[6.615326455351692,9.861396637245036],[6.594408310894892,9.832349743845668],[6.598713204550791,9.799556514021958],[6.628774883054461,9.788047160448173],[6.562527999967301,9.76105599943486],[6.590211999584142,9.70831199979898],[6.649950999838836,9.659171999987848],[6.653697999962787,9.59810699973832],[6.62177339742442,9.539754958224819],[6.711707114691649,9.519317627306691],[6.777316093363083,9.558851241691514],[6.846798419711376,9.533117294227793],[6.828710323922337,9.709814924319346],[6.874888420064565,9.746425629639134],[6.84544849415272,9.917178154648184],[6.901178837433463,10.076381683068291],[6.885301114255071,10.150844575416897],[6.915019035000512,10.188594817996488],[6.954472543173381,10.19199848304362],[6.982486726181492,10.244014739588636],[7.008188725229559,10.242407800379738],[7.050757407628282,10.317104340193168],[7.020236492120489,10.354051589809046],[6.926263332287022,10.370115280196046],[6.953519821182852,10.48217868789618],[6.912609100129941,10.537981032698553],[6.869102477897059,10.5553569787416],[6.839519023783964,10.531555176130496],[6.81662845563875,10.638379097617303],[6.719780155130081,10.643503330314502],[6.725868225438319,10.589385032593214],[6.647069930832686,10.593429565322253],[6.540331840641954,10.545209884928283]]]}},{"type":"Feature","properties":{"state_code":"26","state_name":"NIGER","lga_code":"04","lga_name":"BORGU"},"geometry":{"type":"Polygon","coordinates":[[[3.796932934707229,10.066102979768743],[3.890322207903637,10.030652043756845],[3.903416395350405,10.019194601749518],[3.887048720622033,9.988095281871836],[3.949246166977048,9.99136924579409],[3.934515236788798,9.966817854660292],[3.970524071728562,9.948813437190438],[3.936151980429599,9.91607761289157],[3.985255240237223,9.893489836586753],[4.002277849842926,9.906583784813847],[4.021918772633285,9.856825828449246],[4.083461759852355,9.851588247899372],[4.114887714396559,9.881705284171574],[4.118815898235141,9.85551643263733],[4.152861117446662,9.862063407200537],[4.350583553388333,9.588395119339339],[4.501166820092749,9.440430639762269],[4.609726906171829,9.361758232256648],[4.611859321050872,9.427962303117852],[4.547557515966616,9.559668058134434],[4.633689502168863,9.74084156278792],[4.638998542848526,9.794069198035118],[4.579928874717837,9.879569054368403],[4.585547446757289,10.033777236430353],[4.526861191091143,10.111193657061676],[4.56605577365508,10.25683498364765],[4.482961178415678,10.328677176010899],[4.485558032876952,10.469764708974196],[4.510058401873778,10.535167694333666],[4.49827693503255,10.592067693169554],[4.464888338725927,10.522387556440606],[4.4513718098612,10.566862061435017],[4.421127615746911,10.565041428918846],[4.405060291199504,10.54333782108364],[4.312444210132242,10.54766559529105],[4.362035308083023,10.756712205404028],[4.286187344670282,10.8209734807416],[4.312213063682009,10.845109192635164],[4.335790721064996,10.918653068684193],[4.329844857853971,10.951355314995851],[4.277214161104723,10.954357939067677],[4.256551806320829,10.990335822040606],[4.267120184848693,11.025278875819538],[3.997976509408431,11.017904808260369],[3.932783798133812,10.943011363683524],[3.802273546986669,10.946065857953045],[3.770033367845713,10.919743774555627],[3.748610974416977,10.803054808232844],[3.848790006753461,10.68279892832794],[3.854999542195173,10.584999083940602],[3.793611048611069,10.405553817254884],[3.683888435003325,10.4480552654382],[3.637221812736527,10.41166495967019],[3.581943987624982,10.27527618205022],[3.680555341555817,10.180831906967],[3.730682371594241,10.068286895224105],[3.743058919833345,10.084303854139591],[3.783828495888429,10.03115749242437],[3.796932934707229,10.066102979768743]]]}},{"type":"Feature","properties":{"state_code":"26","state_name":"NIGER","lga_code":"12","lga_name":"LAPAI"},"geometry":{"type":"Polygon","coordinates":[[[6.408037186167235,8.603014945683242],[6.452945709377047,8.448308945701342],[6.608298302124979,8.314098357553235],[6.691258429832715,8.183006287310377],[6.712633133112661,8.20195102691838],[6.719986915563766,8.274571418835933],[6.761353016428586,8.272732735127647],[6.751241206616442,8.304905891393844],[6.772384167195582,8.335241318132375],[6.807315349923499,8.34259509968416],[6.837650775762768,8.39683151256429],[6.827889919184486,8.457550048995586],[6.784563738725637,8.457550048995586],[6.788054466240681,9.270166397161574],[6.76801776890494,9.267469405888392],[6.76314353874335,9.28425788958998],[6.723608016896492,9.289132117952931],[6.682447432702929,9.219809531884437],[6.634246349389571,9.220892905583185],[6.621789932359547,9.237140656616077],[6.535322188768021,9.220931053925028],[6.525977125643863,9.162232796806165],[6.54532272456413,9.06729739565833],[6.594543748795047,8.979803564283088],[6.579005240899221,8.932770729085917],[6.599043845696997,8.842867851370272],[6.575755596443685,8.786542891641204],[6.534590849288293,8.748631477960373],[6.535678386848133,8.627859117404398],[6.486394404678094,8.579115867903056],[6.408037186167235,8.603014945683242]]]}},{"type":"Feature","properties":{"state_code":"28","state_name":"ONDO","lga_code":"04","lga_name":"AKOKO SOUTH WEST"},"geometry":{"type":"Polygon","coordinates":[[[5.823482990447701,7.495887756814568],[5.610309124366665,7.484452248372634],[5.504433632406233,7.316193105427544],[5.70309686712676,7.305834293218084],[5.846866130767353,7.394510746573758],[5.823482990447701,7.495887756814568]]]}},{"type":"Feature","properties":{"state_code":"26","state_name":"NIGER","lga_code":"21","lga_name":"RIJAU"},"geometry":{"type":"Polygon","coordinates":[[[5.333141327110582,11.35642910032277],[5.249651102116729,11.309372012208655],[5.233390218284001,11.218191828290287],[5.071302413875344,11.237557411045714],[5.052829266157744,11.205430031171034],[5.058451653121324,11.270487784783484],[5.011866568787184,11.252014160425233],[4.966084956755424,11.362051009746324],[4.898118060000513,11.39063297972831],[4.878998152242957,11.35475551235703],[4.727857183562207,11.306215811810318],[4.704469498968251,11.272185987193609],[4.738990615124862,11.25110476237495],[4.70340633393522,11.228543282246733],[4.741311523408115,11.153228379386235],[4.788587570360107,11.118925095217037],[4.908679008329614,11.081920624437316],[4.979896069348172,11.080523490766552],[4.995954513989659,11.053992270926585],[5.04063987672896,11.051897049309446],[5.08221006434303,10.927081108406469],[5.025326252404682,10.8902740478091],[5.03445188904351,10.845836690211115],[5.099777222440935,10.80829429624481],[5.112401369327756,10.740529871056765],[5.149969100793442,10.74973678572411],[5.20685291273179,10.713766098226927],[5.237882680841096,10.709569966780577],[5.354827402662579,10.782953261683701],[5.366073541760613,10.906245326560622],[5.413275357771568,10.908439342301847],[5.406234980060333,10.882489902886732],[5.43122459104211,10.885216096046065],[5.429726011146556,10.917449413359805],[5.381551687160709,10.941178843029206],[5.432406060091637,10.9758062032937],[5.388993313590618,11.037473873420595],[5.393826354802457,11.117807543683227],[5.41340085636449,11.12089657461729],[5.389159190844055,11.231079426174631],[5.333141327110582,11.35642910032277]]]}},{"type":"Feature","properties":{"state_code":"26","state_name":"NIGER","lga_code":"06","lga_name":"CHANCHAGA"},"geometry":{"type":"Polygon","coordinates":[[[6.572322368882283,9.572368451342982],[6.59945216308688,9.598590825106555],[6.574678047653833,9.603458117897844],[6.566998402154582,9.638901219016077],[6.54981357823408,9.63464956162801],[6.558671056823869,9.658309838828075],[6.53416043915297,9.651133937781026],[6.513267826449066,9.669244030087953],[6.495892566588736,9.58294135436006],[6.508111448384682,9.561274017082269],[6.572322368882283,9.572368451342982]]]}},{"type":"Feature","properties":{"state_code":"26","state_name":"NIGER","lga_code":"15","lga_name":"MARIGA"},"geometry":{"type":"Polygon","coordinates":[[[5.430632433340179,10.990583168878175],[5.430578634096719,10.964384789926157],[5.382938861739149,10.956441878689816],[5.381551687160709,10.941178843029206],[5.429726011146556,10.917449413359805],[5.43122459104211,10.885216096046065],[5.406234980060333,10.882489902886732],[5.413275357771568,10.908439342301847],[5.366073541760613,10.906245326560622],[5.354827402662579,10.782953261683701],[5.237882680841096,10.709569966780577],[5.295453689935869,10.679758268329465],[5.312746980189047,10.634858375913382],[5.381654077673602,10.598208541990687],[5.407155065653797,10.559287580857244],[5.462079827721936,10.560948025231255],[5.508575603081681,10.604035454572625],[5.529173114048035,10.686932755642204],[5.570254325876476,10.703119279031569],[5.599748134668744,10.678541183428933],[5.622483253199619,10.601119041310767],[5.677784920237912,10.52308273328157],[5.698061943404014,10.34304618843089],[5.663313922899249,10.298447576994135],[5.671369503000221,10.277065918357494],[5.757631165146222,10.185550183893895],[5.807306564646296,10.16159310703631],[5.878585814683674,10.166676521304453],[5.999166489242157,10.070350646864938],[6.035657320329108,10.088821940180424],[6.057275848701522,10.073520024129834],[6.011031628107219,10.117914199880488],[6.031737267261121,10.127876054936053],[6.018661976369174,10.228754043963988],[6.058821201437354,10.297827721072508],[6.041000284335723,10.339593888047546],[6.047576426610874,10.442401886038283],[6.081712246223219,10.468907355590034],[6.093640193739986,10.546197091422698],[6.124455740639974,10.5541869949339],[6.134005216967239,10.59012753355887],[6.114705622866268,10.606761634242048],[6.141041018927922,10.673198987443357],[6.092813034194194,10.698951542779525],[6.116676077938678,10.740296049123401],[6.101987019285559,10.774670867166833],[6.11258957115183,10.81386953175354],[6.136355167057388,10.825324444867306],[6.122599639761631,10.844865478159363],[6.160554925069789,10.854022835685385],[6.164607024694476,10.893103743043355],[6.217795000738761,10.905103993354658],[6.266548480927725,10.966106377407414],[6.162639094918347,11.043017554416679],[6.112670413009198,11.061291812567163],[6.046399999160656,11.054400001059264],[6.015900000984288,11.138],[5.977745701103288,11.16697766538698],[5.914968404268507,11.145087557944464],[5.892312197649858,11.110845783805928],[5.800322574427298,11.0825317362507],[5.729028951424993,10.998357718034299],[5.679967797875634,10.975718497810476],[5.578291906945992,10.968852775635128],[5.556249047855317,10.9473666841252],[5.515066343936667,10.99359020772198],[5.500747952556026,10.97530029237464],[5.430632433340179,10.990583168878175]]]}},{"type":"Feature","properties":{"state_code":"26","state_name":"NIGER","lga_code":"18","lga_name":"MUNYA"},"geometry":{"type":"Polygon","coordinates":[[[7.254066943834459,10.039226532678413],[7.105361461562268,10.026526450635231],[6.952273368920885,10.047554969786063],[6.914422035348707,10.077836037003578],[6.893393517097195,10.072789191867741],[6.84544849415272,9.917178154648184],[6.874888420064565,9.746425629639134],[6.828710323922337,9.709814924319346],[6.846798419711376,9.533117294227793],[6.950154414194913,9.520995499642652],[6.973993649287536,9.562242532067273],[7.026293755252652,9.558851241691514],[7.077603817362331,9.66315269524074],[7.15414762491298,9.616048812702616],[7.20234485103407,9.660250472381449],[7.199569224839877,9.688386917322418],[7.164241314285277,9.701004027913598],[7.141929607365512,9.739846980953473],[7.204740046915674,9.758296013350389],[7.2315325737693,9.791006088260417],[7.273589611171644,9.783435821905698],[7.291253566898661,9.800258636327044],[7.277795315001811,10.01643276216231],[7.254066943834459,10.039226532678413]]]}},{"type":"Feature","properties":{"state_code":"26","state_name":"NIGER","lga_code":"05","lga_name":"BOSSO"},"geometry":{"type":"Polygon","coordinates":[[[6.477028370263099,9.441091537144757],[6.496374606802704,9.512588501358323],[6.562792147939319,9.539435241143508],[6.627012999650276,9.539849998578632],[6.624276697211883,9.56550318512393],[6.653697999962787,9.59810699973832],[6.640635303176737,9.678518300379324],[6.590211999584142,9.70831199979898],[6.562527999967301,9.76105599943486],[6.628774883054461,9.788047160448173],[6.598713204550791,9.799556514021958],[6.594408310894892,9.832349743845668],[6.615326455351692,9.861396637245036],[6.497550903851163,9.89590471592993],[6.431499957856829,9.854468345637713],[6.341543198160139,9.91069221527357],[6.300855174426829,9.895669037795926],[6.236912411978267,9.917025355335909],[6.234438290694584,9.893507260951367],[6.30670438120228,9.80592597140651],[6.283149730275852,9.703303585392177],[6.210245150793128,9.705001564770441],[6.203738436179947,9.632944926367315],[6.179858423127769,9.621454483737466],[6.183337375819292,9.5779298202051],[6.220955204019504,9.53365910788159],[6.189619667313821,9.512169132199745],[6.201188350961672,9.461841047926043],[6.236139274707796,9.467388441323578],[6.394886572557311,9.367295576629601],[6.477028370263099,9.441091537144757]],[[6.572322368882283,9.572368451342982],[6.508111448384682,9.561274017082269],[6.495892566588736,9.58294135436006],[6.513267826449066,9.669244030087953],[6.53416043915297,9.651133937781026],[6.558671056823869,9.658309838828075],[6.54981357823408,9.63464956162801],[6.566998402154582,9.638901219016077],[6.574678047653833,9.603458117897844],[6.59945216308688,9.598590825106555],[6.572322368882283,9.572368451342982]]]}},{"type":"Feature","properties":{"state_code":"26","state_name":"NIGER","lga_code":"23","lga_name":"SULEJA"},"geometry":{"type":"Polygon","coordinates":[[[7.179336245971001,9.144245917015496],[7.210103028931712,9.238289475778743],[7.191329291813418,9.283954688558083],[7.152461613712546,9.294202954302932],[7.092101398660645,9.210558924554789],[7.179336245971001,9.144245917015496]]]}},{"type":"Feature","properties":{"state_code":"26","state_name":"NIGER","lga_code":"19","lga_name":"PAIKORO"},"geometry":{"type":"Polygon","coordinates":[[[7.204740046915674,9.758296013350389],[7.141929607365512,9.739846980953473],[7.164241314285277,9.701004027913598],[7.199569224839877,9.688386917322418],[7.20234485103407,9.660250472381449],[7.15414762491298,9.616048812702616],[7.077603817362331,9.66315269524074],[7.026293755252652,9.558851241691514],[6.973993649287536,9.562242532067273],[6.950154414194913,9.520995499642652],[6.864794730692324,9.52688789366141],[6.777316093363083,9.558851241691514],[6.711707114691649,9.519317627306691],[6.620022774431561,9.541187285964497],[6.502262592344835,9.517635344695464],[6.473663806839284,9.467166901431426],[6.506468296175001,9.376323699778993],[6.48796320004169,9.296415328804414],[6.511515141310781,9.24931144716561],[6.535322188768021,9.220931053925028],[6.621789932359547,9.237140656616077],[6.634246349389571,9.220892905583185],[6.682447432702929,9.219809531884437],[6.724690913954589,9.277759552161626],[6.731190204664244,9.3589963908708],[6.855483532439109,9.399615288215045],[6.938345909236375,9.371994972290167],[6.9735251573602,9.393548727891528],[7.021658008210579,9.382062769281447],[7.104902275819427,9.453843672847256],[7.099738121317273,9.477062226440637],[7.22951844132308,9.499803821888918],[7.251372950900986,9.521033495999063],[7.233942260427,9.564821187847599],[7.305647140703002,9.627715322803965],[7.276364999045541,9.689948173669336],[7.204740046915674,9.758296013350389]]]}},{"type":"Feature","properties":{"state_code":"31","state_name":"PLATEAU","lga_code":"08","lga_name":"KANKE"},"geometry":{"type":"Polygon","coordinates":[[[9.484238837052715,9.475172343428937],[9.48698561929092,9.450186334232],[9.544258884440012,9.443470019126153],[9.526429109915512,9.397227801322003],[9.500923696371558,9.389316950916623],[9.55095429300627,9.361678436310854],[9.52786963497573,9.333815160441361],[9.52096961985211,9.266753464600754],[9.448029595389585,9.25437502778533],[9.458455815383616,9.217489595768257],[9.485119831814814,9.2097236837011],[9.469887359614006,9.17589470737488],[9.513077922308298,9.178772051389103],[9.534442229425395,9.210003327891343],[9.567967416563079,9.197892174084643],[9.586181859005649,9.213524528034611],[9.575706125037698,9.251554225047471],[9.590087519323617,9.268030187143495],[9.620450298042897,9.253803754139994],[9.669707186337632,9.284058751809994],[9.701264350169652,9.234235189902165],[9.787116899025705,9.268889728578188],[9.758821977352397,9.356751560735972],[9.775326729445055,9.393229698791629],[9.760875973147677,9.538709167194384],[9.651006958904077,9.521902661078968],[9.579220546091392,9.551672913374318],[9.57046521789556,9.529120419271976],[9.58992166725119,9.511536043653564],[9.569105228023886,9.472712446722085],[9.484238837052715,9.475172343428937]]]}},{"type":"Feature","properties":{"state_code":"31","state_name":"PLATEAU","lga_code":"05","lga_name":"JOS NORTH"},"geometry":{"type":"Polygon","coordinates":[[[8.938685901133454,10.026567162944275],[8.875975368168781,10.018628040551675],[8.881471289768285,10.006945857065716],[8.844692570405869,9.995023329762887],[8.80371379855302,9.905423164747276],[8.84992742331201,9.871959234930785],[8.8975119952824,9.901828788567798],[8.911415356733357,9.870583989859313],[8.977750778075972,9.856154442273748],[8.991619110033923,9.889589309598989],[8.969094276379792,9.960017203830944],[8.977460860930023,9.987416266747346],[8.938685901133454,10.026567162944275]]]}},{"type":"Feature","properties":{"state_code":"31","state_name":"PLATEAU","lga_code":"04","lga_name":"JOS EAST"},"geometry":{"type":"Polygon","coordinates":[[[9.272069625213078,9.846144618279538],[9.232135603875065,9.861648915964736],[9.21428964605036,10.017503611902214],[9.254759193881739,10.03009989509411],[9.229707321036074,10.048247259803247],[9.183000586308083,10.038271278196987],[9.124002523098,10.058030656989274],[9.047448159305134,10.01562023188825],[9.007193460409894,10.032775238786314],[9.002775390671786,9.988791448866323],[8.972048758843187,9.97945404077143],[8.991619110033923,9.889589309598989],[8.952612876982755,9.816429138294154],[8.983203402714935,9.803206941347298],[8.98536424696249,9.749744469731525],[9.022424096195152,9.747649690580829],[9.033389162979518,9.718828057568828],[9.046215031398617,9.729238846995258],[9.049817293733156,9.687545912713745],[9.073663202694718,9.67596487417967],[9.159550666829887,9.75804901095313],[9.21872033777339,9.77325565732275],[9.272069625213078,9.846144618279538]]]}},{"type":"Feature","properties":{"state_code":"12","state_name":"EDO","lga_code":"12","lga_name":"OREDO"},"geometry":{"type":"Polygon","coordinates":[[[5.644706769901575,6.370216555449701],[5.596364731347307,6.350369947814897],[5.528788089998386,6.277204037036711],[5.490911007037369,6.2110800741861],[5.463652646652349,6.098546466746086],[5.516268768089219,6.092578373193419],[5.5707240103049,6.207217216201627],[5.621446133432357,6.226171969760628],[5.644706769901575,6.370216555449701]]]}},{"type":"Feature","properties":{"state_code":"10","state_name":"DELTA","lga_code":"16","lga_name":"PATANI"},"geometry":{"type":"MultiPolygon","coordinates":[[[[5.980889319986204,5.130557536601088],[6.004523276727866,5.103686810098282],[6.044443130146362,5.095670701241943],[6.08579254229204,5.1508026122508],[6.143735886002389,5.134776115125646],[6.200734137570464,5.169549941676507],[6.194337867798424,5.216655861179106],[6.218515873009153,5.250310421189056],[5.989916325278216,5.185959816192621],[5.980889319986204,5.130557536601088]]],[[[6.28354215574592,5.270599364868815],[6.259417534291799,5.227870941290973],[6.290450095695405,5.234077454111286],[6.28354215574592,5.270599364868815]]]]}},{"type":"Feature","properties":{"state_code":"31","state_name":"PLATEAU","lga_code":"16","lga_name":"SHENDAM"},"geometry":{"type":"Polygon","coordinates":[[[9.756654738925135,8.367341996236178],[9.661774635291238,8.564132689572034],[9.681044628207076,8.596271776821084],[9.657891272764061,8.606431006985417],[9.65477275755677,8.673860549824553],[9.686008051330532,8.687721120633284],[9.670118332095399,8.717012404798709],[9.69185638396499,8.746935844014047],[9.751108170205953,8.75728797875729],[9.773113250576102,8.781431198191285],[9.7817249300615,8.928531646918032],[9.755926131585738,8.94476127571238],[9.598877906690063,8.924274445209505],[9.579743546827274,8.930517374277429],[9.583605842735494,8.968670117431998],[9.550126522820847,8.968448153059853],[9.554343151615228,8.947324646615186],[9.524525564403348,8.962051728604422],[9.521518707222583,8.930492401003562],[9.509767364971992,8.965026822629795],[9.451457977403777,8.987225533331753],[9.36999504463563,8.979405396641766],[9.405232490587025,9.097972052967918],[9.326322822140583,9.108392118001916],[9.319279670920139,9.012246132253267],[9.355353355073305,8.94048881520672],[9.331065924852624,8.886937433915477],[9.357974052360703,8.842148781341223],[9.403000831922895,8.826773643389004],[9.345162314089578,8.787975282333434],[9.345642089810667,8.650482177710387],[9.401791375071923,8.61784117073347],[9.355316161811459,8.482957840232189],[9.601553986927001,8.392717346228608],[9.625098781283782,8.366913888365332],[9.620464026193929,8.383374038581053],[9.65275382992536,8.384195328251849],[9.756654738925135,8.367341996236178]]]}},{"type":"Feature","properties":{"state_code":"12","state_name":"EDO","lga_code":"02","lga_name":"EGOR"},"geometry":{"type":"Polygon","coordinates":[[[5.641586850852548,6.414154127411109],[5.568317888559761,6.393798828153422],[5.525872230718903,6.33889293655983],[5.528788089998386,6.277204037036711],[5.596364731347307,6.350369947814897],[5.637354850845725,6.356576920188786],[5.641586850852548,6.414154127411109]]]}},{"type":"Feature","properties":{"state_code":"31","state_name":"PLATEAU","lga_code":"09","lga_name":"LANGTANG NORTH"},"geometry":{"type":"Polygon","coordinates":[[[9.688587205335295,9.243188476866749],[9.699915945364637,9.18054402968329],[9.636379713353165,9.14925723443389],[9.718611513410679,9.115113332614271],[9.718538372447995,9.091659539755995],[9.742624026277838,9.097700145645263],[9.736341839104625,9.044314712653943],[9.752903362700067,9.046014922350821],[9.763845108265173,9.008727472694773],[9.829515763341874,8.997684564191331],[9.842545966723037,8.978840367888722],[9.785429955228324,8.890086174437442],[9.773962957024878,8.804717943778144],[9.832625460696477,8.820800687201995],[9.87210531990462,8.800798836796957],[9.88912023760895,8.894530725612526],[9.865434249690907,8.953923407739126],[9.882297912218917,8.974213445893838],[9.86614507833275,9.034188796076137],[9.93581416329306,9.09454668817915],[9.901270043377849,9.144608006554336],[9.931223669237,9.150093034665872],[9.9307292561503,9.209142047167802],[9.893591673117271,9.216851506092155],[9.87994691891521,9.25897036558996],[9.800925244404539,9.297968321281076],[9.783148096407558,9.29371519889736],[9.778810997129881,9.261435050287389],[9.688587205335295,9.243188476866749]]]}},{"type":"Feature","properties":{"state_code":"31","state_name":"PLATEAU","lga_code":"06","lga_name":"JOS SOUTH"},"geometry":{"type":"Polygon","coordinates":[[[8.80371379855302,9.905423164747276],[8.777881591162554,9.803321427741764],[8.75156441806348,9.795934713016663],[8.75835099090557,9.76327617555512],[8.697287559972949,9.733663559126],[8.710854530012625,9.71109962564725],[8.694083842095665,9.695992199680347],[8.697699546596823,9.662253380389245],[8.75453090737551,9.64161014609141],[8.775184631365676,9.61163902302252],[8.802513122682512,9.645670890898941],[8.83810424771292,9.626015662592806],[8.871824264877944,9.646818161429053],[8.908639907705606,9.725672722118475],[8.945671082054844,9.758205414748147],[8.952612876982755,9.816429138294154],[8.98187732717696,9.860683440688263],[8.956777572626947,9.851362227584787],[8.911415356733357,9.870583989859313],[8.8975119952824,9.901828788567798],[8.84992742331201,9.871959234930785],[8.80371379855302,9.905423164747276]]]}},{"type":"Feature","properties":{"state_code":"31","state_name":"PLATEAU","lga_code":"12","lga_name":"MIKANG"},"geometry":{"type":"Polygon","coordinates":[[[9.785429955228324,8.890086174437442],[9.825337853958843,8.936780071343264],[9.838510161015165,8.989652913251405],[9.763845108265173,9.008727472694773],[9.752903362700067,9.046014922350821],[9.736341839104625,9.044314712653943],[9.742624026277838,9.097700145645263],[9.718538372447995,9.091659539755995],[9.718611513410679,9.115113332614271],[9.675270826887186,9.141605658574349],[9.636379713353165,9.14925723443389],[9.583879867062251,9.126060159348924],[9.549727656406276,9.081920308275642],[9.50310554428546,9.098081744177193],[9.460573577608557,9.06101105002],[9.436007487055917,9.10304056007385],[9.405232490587025,9.097972052967918],[9.36999504463563,8.979405396641766],[9.451457977403777,8.987225533331753],[9.509767364971992,8.965026822629795],[9.521518707222583,8.930492401003562],[9.524525564403348,8.962051728604422],[9.554343151615228,8.947324646615186],[9.550126522820847,8.968448153059853],[9.583605842735494,8.968670117431998],[9.579743546827274,8.930517374277429],[9.598877906690063,8.924274445209505],[9.755926131585738,8.94476127571238],[9.7817249300615,8.928531646918032],[9.785429955228324,8.890086174437442]]]}},{"type":"Feature","properties":{"state_code":"31","state_name":"PLATEAU","lga_code":"01","lga_name":"BARIKIN LADI"},"geometry":{"type":"Polygon","coordinates":[[[8.671451998111252,9.25126735840189],[8.76784947477347,9.273355411123362],[8.780848636255598,9.332918788171582],[8.833937616727667,9.361896056957505],[8.87095159783803,9.36060571508176],[8.900030225614444,9.408104383810326],[8.919722407063489,9.40328313720704],[8.952031359159946,9.43920764091996],[9.029516004160314,9.466622722560658],[9.007406901907018,9.500355621614688],[9.01656788190229,9.525310372175966],[9.043649101924586,9.521385075161163],[9.049158778654771,9.56472465461917],[9.118253041244884,9.580994154856398],[9.141350602748162,9.634883853906786],[9.116418941381085,9.644134570054405],[9.119116447066403,9.680186194737132],[9.049817293733156,9.687545912713745],[9.046215031398617,9.729238846995258],[9.033389162979518,9.718828057568828],[9.022424096195152,9.747649690580829],[8.98536424696249,9.749744469731525],[8.983203402714935,9.803206941347298],[8.952612876982755,9.816429138294154],[8.945671082054844,9.758205414748147],[8.880102158288025,9.676143645912589],[8.864391324100382,9.558617685058152],[8.809790052668859,9.510931790969437],[8.78494706175752,9.513560467941318],[8.71269646477009,9.425795139334241],[8.671451998111252,9.25126735840189]]]}},{"type":"Feature","properties":{"state_code":"31","state_name":"PLATEAU","lga_code":"13","lga_name":"PANKSHIN"},"geometry":{"type":"Polygon","coordinates":[[[9.314176755752726,9.563052628775836],[9.295109758708463,9.549442987703742],[9.298253234599144,9.487903488954885],[9.342041981352395,9.50767977859897],[9.309627914696534,9.445768607135562],[9.342844834021946,9.412845242713843],[9.32272092672946,9.378485794983476],[9.264339034019258,9.348848750269667],[9.274331761002031,9.33638176890355],[9.253862748766892,9.27639008883159],[9.226500871917779,9.26829472182402],[9.220250940728363,9.218903376789456],[9.281439179574534,9.199662370821784],[9.287121977597224,9.153908814939882],[9.320734863023574,9.113737259267168],[9.419582459862681,9.09080392656],[9.436007487055917,9.10304056007385],[9.460573577608557,9.06101105002],[9.50310554428546,9.098081744177193],[9.549727656406276,9.081920308275642],[9.583879867062251,9.126060159348924],[9.699915945364637,9.18054402968329],[9.704405179355604,9.210685552696134],[9.669707186337632,9.284058751809994],[9.620450298042897,9.253803754139994],[9.580952148422966,9.263482320053072],[9.586181859005649,9.213524528034611],[9.567967416563079,9.197892174084643],[9.534442229425395,9.210003327891343],[9.513077922308298,9.178772051389103],[9.469887359614006,9.17589470737488],[9.485119831814814,9.2097236837011],[9.462746818111214,9.212642981088777],[9.447144947581307,9.251503326117643],[9.52096961985211,9.266753464600754],[9.52786963497573,9.333815160441361],[9.55095429300627,9.361678436310854],[9.500923696371558,9.389316950916623],[9.526429109915512,9.397227801322003],[9.544258884440012,9.443470019126153],[9.48698561929092,9.450186334232],[9.484238837052715,9.475172343428937],[9.425445269783438,9.4768765029483],[9.397403716808128,9.531158446704978],[9.351026224780526,9.53226699782374],[9.314176755752726,9.563052628775836]]]}},{"type":"Feature","properties":{"state_code":"31","state_name":"PLATEAU","lga_code":"03","lga_name":"BOKKOS"},"geometry":{"type":"Polygon","coordinates":[[[8.657807350029202,9.207689285931849],[8.667521476934667,9.18986988059055],[8.764998435929101,9.165241241290289],[8.76006889296508,9.105176925674641],[8.799438477303909,9.071156501671283],[8.798154830880776,9.031578064176358],[8.951128006352462,9.01520442964079],[9.079732796431472,9.02830727036428],[9.078080111408042,9.067915422358908],[9.142161769649988,9.131388585814648],[9.089244692788384,9.191267988227139],[9.112974519958186,9.232791834675481],[9.110755849303075,9.290277091614541],[9.147714012191955,9.314217527416986],[9.092617377989654,9.329361239229854],[9.072651995992885,9.37944831598702],[8.99249347769188,9.45635353318903],[8.919722407063489,9.40328313720704],[8.900030225614444,9.408104383810326],[8.87095159783803,9.36060571508176],[8.799801259320702,9.347218436781475],[8.76784947477347,9.273355411123362],[8.671451998111252,9.25126735840189],[8.657807350029202,9.207689285931849]]]}},{"type":"Feature","properties":{"state_code":"31","state_name":"PLATEAU","lga_code":"17","lga_name":"WASE"},"geometry":{"type":"Polygon","coordinates":[[[10.560273915009248,9.390169142192235],[10.464631347258944,9.372806037568637],[10.427216452877076,9.326707912740005],[10.371471106206627,9.358169860850467],[10.357057140274833,9.413914331581168],[10.304575182398821,9.417905753947423],[10.276595884992162,9.48144918772988],[10.266455172768076,9.438819285781449],[10.23710170767771,9.41741565400929],[10.188637027676748,9.453678684124043],[10.157491077950908,9.439189973738337],[10.076006309643503,9.342377852955622],[10.056497435208541,9.344499491258546],[10.036000764323887,9.302539837843312],[9.991168709568342,9.301360062217157],[10.011576818815172,9.235859846654648],[9.97397919298544,9.239900718243575],[9.952570915315562,9.20280763096747],[9.924001283132782,9.19982272443923],[9.931223669237,9.150093034665872],[9.901270043377849,9.144608006554336],[9.93581416329306,9.09454668817915],[9.86614507833275,9.034188796076137],[9.882297912218917,8.974213445893838],[9.865434249690907,8.953923407739126],[9.88912023760895,8.894530725612526],[9.87210531990462,8.800798836796957],[9.915780357277697,8.743537502054153],[9.895817568026416,8.67166856025591],[9.906893347649941,8.657481233372266],[9.933276208130565,8.640635679593004],[9.97442564612669,8.651434762104657],[9.969613937733072,8.617409088758507],[9.98712070635554,8.631739279244414],[10.051843170226164,8.591765963828209],[10.224076270703392,8.784611701868585],[10.406956673311868,8.934706687963342],[10.463807106013178,8.963215828148009],[10.596746444892574,8.976116180217616],[10.637447356810128,9.055801391621003],[10.62252521456702,9.094029426916563],[10.635760306892678,9.12668418902416],[10.580149650785813,9.245836258136876],[10.560273915009248,9.390169142192235]]]}},{"type":"Feature","properties":{"state_code":"04","state_name":"ANAMBRA","lga_code":"20","lga_name":"ORUMBA SOUTH"},"geometry":{"type":"Polygon","coordinates":[[[7.270818552634125,6.078984653718862],[7.264390469344733,6.054168700924834],[7.187185786894588,6.046684889995731],[7.188503999659929,6.029516000263243],[7.167343510394744,6.033332516182725],[7.138503970082184,6.005180479695412],[7.177126242981785,5.929161770998974],[7.256916523079099,5.934653758963861],[7.264029979699842,5.991465091840553],[7.322564601575152,6.00383853921727],[7.339062690590765,6.042149544166193],[7.299537386840996,6.048146257743667],[7.309481081886474,6.078960749738883],[7.270818552634125,6.078984653718862]]]}},{"type":"Feature","properties":{"state_code":"31","state_name":"PLATEAU","lga_code":"07","lga_name":"KANAM"},"geometry":{"type":"Polygon","coordinates":[[[9.972589634304256,9.699527657675333],[9.991656303095965,9.645744324141276],[9.98064422605023,9.623262405235835],[9.831425263265317,9.598602098108415],[9.760875973147677,9.538709167194384],[9.76803707495111,9.296019717036359],[9.850655507046042,9.280907712620888],[9.903570556835803,9.211710610756143],[9.952570915315562,9.20280763096747],[9.964344063427859,9.234545513564626],[10.011576818815172,9.235859846654648],[9.991168709568342,9.301360062217157],[10.036000764323887,9.302539837843312],[10.056497435208541,9.344499491258546],[10.076006309643503,9.342377852955622],[10.157491077950908,9.439189973738337],[10.188637027676748,9.453678684124043],[10.23710170767771,9.41741565400929],[10.266455172768076,9.438819285781449],[10.273324664901395,9.48074470470442],[10.293500769744753,9.471584706768851],[10.304575182398821,9.417905753947423],[10.357057140274833,9.413914331581168],[10.371471106206627,9.358169860850467],[10.427216452877076,9.326707912740005],[10.464631347258944,9.372806037568637],[10.560273915009248,9.390169142192235],[10.57835006690209,9.409849166605795],[10.566149712039646,9.465291977742652],[10.522958902931066,9.4883910078388],[10.48890018489567,9.552595139354253],[10.372870445015053,9.603427887187308],[10.260596111221616,9.687117869594033],[10.152244380074137,9.67876298792163],[10.108758992633454,9.690579709985684],[10.103291093009602,9.719512445243197],[10.071076025638149,9.730845437267192],[9.972589634304256,9.699527657675333]]]}},{"type":"Feature","properties":{"state_code":"31","state_name":"PLATEAU","lga_code":"10","lga_name":"LANGTANG SOUTH"},"geometry":{"type":"Polygon","coordinates":[[[10.051843170226164,8.591765963828209],[9.98712070635554,8.631739279244414],[9.969613937733072,8.617409088758507],[9.97442564612669,8.651434762104657],[9.933276208130565,8.640635679593004],[9.906893347649941,8.657481233372266],[9.909923026026888,8.76271813383488],[9.887701782811064,8.794994966644424],[9.832625460696477,8.820800687201995],[9.773962957024878,8.804717943778144],[9.751108170205953,8.75728797875729],[9.69185638396499,8.746935844014047],[9.670118332095399,8.717012404798709],[9.686008051330532,8.687721120633284],[9.65477275755677,8.673860549824553],[9.657891272764061,8.606431006985417],[9.681044628207076,8.596271776821084],[9.661774635291238,8.564132689572034],[9.756654738925135,8.367341996236178],[9.879366875081246,8.438655853085208],[10.051843170226164,8.591765963828209]]]}},{"type":"Feature","properties":{"state_code":"31","state_name":"PLATEAU","lga_code":"11","lga_name":"MANGU"},"geometry":{"type":"Polygon","coordinates":[[[9.157622926856618,9.740824501749387],[9.107399077605407,9.721109351615326],[9.086357527278096,9.689204374082635],[9.119116447066403,9.680186194737132],[9.116418941381085,9.644134570054405],[9.141350602748162,9.634883853906786],[9.118253041244884,9.580994154856398],[9.049158778654771,9.56472465461917],[9.043649101924586,9.521385075161163],[9.01656788190229,9.525310372175966],[9.007406901907018,9.500355621614688],[9.031328101210931,9.46910534873291],[9.005320743657421,9.45396472878923],[9.017145984099955,9.41971746698755],[9.072651995992885,9.37944831598702],[9.092617377989654,9.329361239229854],[9.147714012191955,9.314217527416986],[9.110755849303075,9.290277091614541],[9.112974519958186,9.232791834675481],[9.089244692788384,9.191267988227139],[9.142161769649988,9.131388585814648],[9.078080111408042,9.067915422358908],[9.07193822027267,9.04388550131489],[9.093318639643542,9.018679991888177],[9.131177780230416,9.042603773145686],[9.156139228043003,9.025700916364258],[9.218568557393041,9.033874240204057],[9.265618449132148,9.111258655762413],[9.301289852145032,9.105222398095236],[9.317877778936406,9.120660416644967],[9.287121977597224,9.153908814939882],[9.281439179574534,9.199662370821784],[9.220250940728363,9.218903376789456],[9.226500871917779,9.26829472182402],[9.253862748766892,9.27639008883159],[9.274331761002031,9.33638176890355],[9.264339034019258,9.348848750269667],[9.32272092672946,9.378485794983476],[9.342844834021946,9.412845242713843],[9.309627914696534,9.445768607135562],[9.342041981352395,9.50767977859897],[9.298253234599144,9.487903488954885],[9.29357877264232,9.516620693590198],[9.30929232008458,9.598940875421135],[9.327155113217941,9.595750809252479],[9.28975510441461,9.614358402018695],[9.284633191968283,9.6980523927038],[9.26715022390374,9.680388445070719],[9.216561886621832,9.683967479715477],[9.157622926856618,9.740824501749387]]]}},{"type":"Feature","properties":{"state_code":"26","state_name":"NIGER","lga_code":"24","lga_name":"TAFA"},"geometry":{"type":"Polygon","coordinates":[[[7.378645291946725,9.336468363724066],[7.232257439928958,9.317718875026117],[7.220167519115762,9.297856433028016],[7.253533494775013,9.289292203572359],[7.207167815342473,9.247774236891587],[7.179336245971001,9.144245917015496],[7.2197580344058,9.113510132786473],[7.378645291946725,9.336468363724066]]]}},{"type":"Feature","properties":{"state_code":"26","state_name":"NIGER","lga_code":"14","lga_name":"MAGAMA"},"geometry":{"type":"Polygon","coordinates":[[[4.529982567041884,10.100580215304717],[4.585547446757289,10.033777236430353],[4.579928874717837,9.879569054368403],[4.61960109891163,9.819283992062651],[4.683922618034444,9.894881735303898],[4.694315017224312,9.93536933702535],[4.759529194416814,9.9904017740227],[4.793870000100469,9.998852000019838],[4.864197999438147,9.958216999415015],[4.889928999823553,9.96494499941224],[4.928707123435061,10.16416645142067],[4.97889852514686,10.199300765817725],[5.108560561820525,10.23276233671254],[5.224420070829638,10.356568336259784],[5.308627533034269,10.348977720945129],[5.343788901736502,10.375060643134248],[5.354918479704111,10.41428852129826],[5.322294235190839,10.55566215468474],[5.343682622555036,10.619230414252286],[5.312746980189047,10.634858375913382],[5.286043324339971,10.6879892333165],[5.149969100793442,10.74973678572411],[5.112401369327756,10.740529871056765],[5.101048355697117,10.761334760290993],[5.055343616814525,10.738048212554986],[5.026853812053844,10.75042085323986],[5.011998827583852,10.723858124752724],[4.941673278898747,10.688670157701665],[4.825735699742779,10.708431401687903],[4.806992053940178,10.692852973785762],[4.796117306068879,10.629277229160834],[4.823722363196566,10.594979286065268],[4.818703174911661,10.507143974015264],[4.853419303657972,10.46029758536531],[4.93203527780588,10.43952483969963],[4.950309537755004,10.389651336639929],[4.946502400865143,10.285335767331844],[4.871501790375362,10.218330145120149],[4.793936082284404,10.260665922894077],[4.696988582057486,10.24029064159987],[4.646518671999161,10.205048731413854],[4.624814229593085,10.102672476353746],[4.529982567041884,10.100580215304717]]]}},{"type":"Feature","properties":{"state_code":"26","state_name":"NIGER","lga_code":"02","lga_name":"AGWARA"},"geometry":{"type":"Polygon","coordinates":[[[4.335790721064996,10.918653068684193],[4.312213063682009,10.845109192635164],[4.286187344670282,10.8209734807416],[4.362035308083023,10.756712205404028],[4.312444210132242,10.54766559529105],[4.405060291199504,10.54333782108364],[4.421127615746911,10.565041428918846],[4.4513718098612,10.566862061435017],[4.464888338725927,10.522387556440606],[4.49827693503255,10.592067693169554],[4.510058401873778,10.535167694333666],[4.600756675080561,10.570699512672434],[4.690782877727656,10.662859613180672],[4.698091581661231,10.801210713303817],[4.722656257580297,10.866920114771517],[4.694990337933802,10.919294419302048],[4.608018741072101,10.887766084137525],[4.539826393273472,10.919966696705728],[4.407153527113621,10.877170698968655],[4.362232059961627,10.889074348602378],[4.335790721064996,10.918653068684193]]]}},{"type":"Feature","properties":{"state_code":"31","state_name":"PLATEAU","lga_code":"15","lga_name":"RIYOM"},"geometry":{"type":"Polygon","coordinates":[[[8.577750939854013,9.499240867871777],[8.642338752731291,9.401107787794217],[8.692304492058724,9.382606523672166],[8.78494706175752,9.513560467941318],[8.809790052668859,9.510931790969437],[8.864391324100382,9.558617685058152],[8.871824264877944,9.646818161429053],[8.83810424771292,9.626015662592806],[8.802513122682512,9.645670890898941],[8.775184631365676,9.61163902302252],[8.75453090737551,9.64161014609141],[8.697699546596823,9.662253380389245],[8.694083842095665,9.695992199680347],[8.710854530012625,9.71109962564725],[8.697287559972949,9.733663559126],[8.75835099090557,9.76327617555512],[8.75376770941233,9.78058355908405],[8.68598557567384,9.768975836765492],[8.678492355138133,9.7471609890884],[8.635090976967035,9.757601886018278],[8.598860068837155,9.727923997694404],[8.599026454207547,9.67872672815605],[8.580059611062268,9.67273440237085],[8.553649902221252,9.568984031787693],[8.577750939854013,9.499240867871777]]]}},{"type":"Feature","properties":{"state_code":"33","state_name":"SOKOTO","lga_code":"12","lga_name":"RABAH"},"geometry":{"type":"Polygon","coordinates":[[[6.034077602699256,12.784066278436057],[6.005788094045329,12.919101791314688],[6.043884559424953,12.93795398978483],[6.05719999988014,12.985499999725278],[6.023259832275471,13.085413831882875],[5.853623168074819,13.12118251366212],[5.721347369685418,13.107001794996904],[5.71175966137929,13.246199732731554],[5.634325980959318,13.256630898996832],[5.509056081173242,13.173819090178938],[5.516483510006026,13.152031018916432],[5.468018659133861,13.164987671244091],[5.36132595592818,13.11296283606606],[5.388779819932779,13.078305483411384],[5.477890930022454,13.105274255802328],[5.478802829986648,13.036397866568336],[5.513896361028287,13.033971600908728],[5.529056875774245,13.01014638264951],[5.558915275119887,12.926364224229587],[5.542186384094407,12.866398388874586],[5.588209408337548,12.804081079078571],[5.6346804001804,12.882928361554718],[5.733987466948065,12.826781768863611],[5.81313276316655,12.839669228252319],[5.847814536012095,12.810546122705432],[5.883320047382313,12.820349435378205],[5.961673507626301,12.754693031857983],[6.024413255967033,12.748793268794373],[6.034077602699256,12.784066278436057]]]}},{"type":"Feature","properties":{"state_code":"11","state_name":"EBONYI","lga_code":"07","lga_name":"IKWO"},"geometry":{"type":"Polygon","coordinates":[[[8.126497099661492,6.183403045214391],[8.112795778102736,6.138587596440459],[8.07943330530287,6.114891197071131],[8.094059355654792,6.096171111707463],[8.0065046167947,6.022467722907152],[8.013627774402323,5.993670446234148],[8.04920857521563,5.994504607002057],[8.047376493430477,5.95568801129275],[8.064738944246926,5.943804070301667],[8.100927067130499,5.960931769285764],[8.113847733086459,5.93814992917595],[8.214842795858374,6.012228012412891],[8.282233237973628,6.00473976063148],[8.302002906808752,6.108136176943049],[8.400745391786472,6.216616630752981],[8.340159412726791,6.261737908377825],[8.313161785587965,6.231158062994268],[8.317151999265377,6.209248999641659],[8.301601999832485,6.21757699967884],[8.219941798075581,6.182367852694313],[8.188290482419859,6.214777185318894],[8.126497099661492,6.183403045214391]]]}},{"type":"Feature","properties":{"state_code":"20","state_name":"KATSINA","lga_code":"32","lga_name":"SAFANA"},"geometry":{"type":"Polygon","coordinates":[[[7.334579622351725,12.319970791219077],[7.415648423635901,12.352449234044968],[7.41651796103514,12.445393827563123],[7.39920573465696,12.476481287181684],[7.422099993619838,12.500461232899625],[7.399117628076112,12.53105039436025],[7.398908042871938,12.576324950636035],[7.376784736726279,12.554060112784043],[7.358257757389651,12.570416872440774],[7.384999987859203,12.622462161799376],[7.382998441425002,12.66463825595082],[7.362613962764215,12.691025008697238],[7.295730112354875,12.67735527942267],[7.278501439290039,12.713914216168178],[7.134042131239426,12.664462426799616],[7.122485518292081,12.70363694818667],[7.043014568567514,12.719585605391444],[6.988991772552311,12.673441929001854],[7.044474471319859,12.65885700914373],[7.065900001583827,12.431699999155683],[7.17162426085099,12.451378575660783],[7.196797888411879,12.338112155651515],[7.264060046733846,12.3475438342806],[7.295460619711889,12.313331941915635],[7.334579622351725,12.319970791219077]]]}},{"type":"Feature","properties":{"state_code":"24","state_name":"LAGOS","lga_code":"02","lga_name":"AJEROMI/IFELODUN"},"geometry":{"type":"Polygon","coordinates":[[[3.33877777267611,6.474598510013266],[3.315952757913522,6.454707629653456],[3.349059825050915,6.436973870347913],[3.35552390730254,6.466604299648736],[3.33877777267611,6.474598510013266]]]}},{"type":"Feature","properties":{"state_code":"21","state_name":"KEBBI","lga_code":"13","lga_name":"KOKO/BESSE"},"geometry":{"type":"Polygon","coordinates":[[[4.368773788779379,11.746984187370401],[4.342964956567528,11.726126703084901],[4.32737316743777,11.741974440168349],[4.318056120893289,11.721774815355502],[4.292339174213566,11.734619434639228],[4.25503898566069,11.662002512306174],[4.228777626286444,11.65980764130967],[4.246851665671898,11.611788539409588],[4.393935411290272,11.557756712402409],[4.406487788680579,11.499714570071376],[4.371563083769331,11.491847263040825],[4.406825010166131,11.437945649771962],[4.259783256592073,11.35860059973794],[4.200825524378502,11.35620589398684],[4.17679610425688,11.312719852739065],[4.195549032861607,11.28216381241009],[4.235497054845268,11.267892723570412],[4.256317799127203,11.209985289789358],[4.3029505610196,11.174941458881278],[4.425474460977625,11.174148668726104],[4.488226030007354,11.14256488226357],[4.513262627868016,11.14811259042375],[4.485906352895938,11.217098553055848],[4.515810866778111,11.267138939710321],[4.517048902285069,11.338507148885867],[4.594745287265255,11.461300331045493],[4.49671311112121,11.49532700623638],[4.482785916736702,11.531998347445835],[4.496795957567429,11.552430962319079],[4.41923090058566,11.614177970636888],[4.427280380585159,11.67056132334642],[4.375101571580331,11.714620246227412],[4.368773788779379,11.746984187370401]]]}},{"type":"Feature","properties":{"state_code":"24","state_name":"LAGOS","lga_code":"07","lga_name":"EPE"},"geometry":{"type":"Polygon","coordinates":[[[4.085006975891247,6.679777243025399],[3.699014341138991,6.684149117287973],[3.683762807807398,6.640020042790809],[3.70070277421371,6.597577137774749],[3.635467687783603,6.544665860641032],[3.618968568144965,6.488604038945311],[3.866354436308256,6.511528051078756],[3.853351089381306,6.536861811923131],[3.884473879765778,6.5370704168663],[3.895259122610469,6.503422321183223],[3.999066208039096,6.492350441020108],[4.070568110429974,6.434503473156838],[4.201780738390426,6.425107336634312],[4.278975245011623,6.378159915447782],[4.359663678935704,6.367825533321763],[4.3686295177381,6.438459141176452],[4.353724428439648,6.451056359663312],[4.260086784077885,6.444175170048084],[4.1693195580512,6.487503161741586],[4.163622323211712,6.506966422562414],[4.232702014986046,6.54692713937601],[4.240955593425952,6.571563357263187],[4.222408089761586,6.595729662294104],[4.177784630956012,6.604107106158096],[4.109519558580814,6.554182759926505],[4.069640786193361,6.572552573742314],[4.054730320747751,6.622011111623578],[4.093292661027533,6.646229449629459],[4.085006975891247,6.679777243025399]]]}},{"type":"Feature","properties":{"state_code":"19","state_name":"KANO","lga_code":"36","lga_name":"SUMAILA"},"geometry":{"type":"Polygon","coordinates":[[[9.033143550034879,11.52795609989414],[9.004735275112921,11.525040517605873],[9.001893156643916,11.54711079702571],[8.942940458835153,11.555381554315318],[8.934096640047926,11.573548340783361],[8.880575906752767,11.5563398431093],[8.8788899773906,11.505894257014404],[8.846050106027633,11.496579360748967],[8.826912406982046,11.455432750221291],[8.84983535971412,11.429164487651008],[8.786088821242174,11.395218836879849],[8.779434104300549,11.31371673144207],[8.705506348139522,11.254419416123199],[8.716201935770755,11.213995446832428],[8.776725071105204,11.208840783775202],[8.683454683786692,11.139442703218208],[8.643344140819465,11.140027794047512],[8.645151268216523,11.114464819395948],[8.690155076395683,11.068910035269937],[8.694997839278926,11.02638102826188],[8.773270622241455,10.938265988384728],[8.788697242783599,10.94225025214746],[8.780375263707526,11.019260269146173],[8.805270799308005,11.103674185115608],[8.884892548252537,11.11094357338726],[8.91989377737599,11.177489674409003],[8.995634770028687,11.227490481900247],[9.02669559622484,11.2771476161696],[9.130239278320062,11.328809710699659],[9.113192557890272,11.362669944762217],[9.06049753713171,11.397044370701224],[9.047386170835182,11.42187002987805],[9.061357081264362,11.443932513974403],[9.027784859583676,11.455016665386836],[9.043352881430394,11.485618205116111],[9.033143550034879,11.52795609989414]]]}},{"type":"Feature","properties":{"state_code":"22","state_name":"KOGI","lga_code":"15","lga_name":"OGORI MANGOGO"},"geometry":{"type":"Polygon","coordinates":[[[6.158284188164828,7.528297900627649],[6.110102176774092,7.494141101630589],[6.11014980397033,7.457177425897555],[6.182785033802304,7.429427147145191],[6.225323200405398,7.468395709394542],[6.158284188164828,7.528297900627649]]]}},{"type":"Feature","properties":{"state_code":"24","state_name":"LAGOS","lga_code":"04","lga_name":"AMUWO-ODOFIN"},"geometry":{"type":"Polygon","coordinates":[[[3.337079658399546,6.438062606703966],[3.315952757913522,6.454707629653456],[3.321505119165977,6.495769703908763],[3.237207096130646,6.481482876033965],[3.230185420720659,6.442034295246572],[3.199435570195476,6.431994317883493],[3.201732267829925,6.402062740702945],[3.359591686607075,6.397662151986765],[3.337079658399546,6.438062606703966]]]}},{"type":"Feature","properties":{"state_code":"19","state_name":"KANO","lga_code":"40","lga_name":"TSANYAWA"},"geometry":{"type":"Polygon","coordinates":[[[7.999180456213139,12.162876899649234],[8.005300000094962,12.14449999917565],[8.0328662883486,12.151621043376508],[8.04177658322277,12.181617217060989],[8.125168444867882,12.193308386572824],[8.118644555901597,12.252798642443452],[8.140407224913531,12.27630359593428],[8.113925468685466,12.28882043391593],[8.082553078661704,12.334395513042523],[8.093501313734691,12.35266261169022],[8.077825705991586,12.3557413777624],[8.11026592133527,12.368585401694986],[8.108160369205734,12.416365816329403],[8.002419378051911,12.39360169376323],[7.89235439793714,12.330264883717462],[7.864537483018466,12.280680187140945],[7.878063109425,12.224830218739669],[7.91463254575541,12.19168601319899],[7.93544464215654,12.201248151081359],[7.945055803882269,12.17800920895786],[7.993555453121701,12.192336957784448],[7.999180456213139,12.162876899649234]]]}},{"type":"Feature","properties":{"state_code":"24","state_name":"LAGOS","lga_code":"09","lga_name":"IBEJU/LEKKI"},"geometry":{"type":"Polygon","coordinates":[[[3.667007243789328,6.49151175036701],[3.673445859039191,6.473999601100786],[3.628235537739897,6.421851465272937],[3.896424393970676,6.433735506988114],[4.278975245011623,6.378159915447782],[4.201780738390426,6.425107336634312],[4.070568110429974,6.434503473156838],[3.999066208039096,6.492350441020108],[3.895259122610469,6.503422321183223],[3.884473879765778,6.5370704168663],[3.853351089381306,6.536861811923131],[3.866354436308256,6.511528051078756],[3.667007243789328,6.49151175036701]]]}},{"type":"Feature","properties":{"state_code":"22","state_name":"KOGI","lga_code":"02","lga_name":"AJAOKUTA"},"geometry":{"type":"Polygon","coordinates":[[[6.292051954634076,7.500369628955241],[6.379771711895046,7.398233711416708],[6.428203108886407,7.415325460901329],[6.435657977833444,7.359745025612483],[6.466869830778137,7.36531877544121],[6.497326851253206,7.33301019656335],[6.511441232327059,7.26702499370856],[6.637670039640682,7.294242953849277],[6.69015741323409,7.219050979319263],[6.713092803590087,7.512515067616334],[6.699304103901341,7.589732170603213],[6.744347094642762,7.670625686826043],[6.757874296661498,7.75041180486096],[6.742134569055168,7.784154627034468],[6.688272952235025,7.780935287033913],[6.543032169299238,7.686253071122394],[6.503900016772377,7.629621877847455],[6.453865051231162,7.626502037039415],[6.413418293119776,7.568589210923392],[6.40882205959042,7.527223110058515],[6.32738484023821,7.547727042069369],[6.297750181425783,7.533609143747015],[6.292051954634076,7.500369628955241]]]}},{"type":"Feature","properties":{"state_code":"30","state_name":"OYO","lga_code":"15","lga_name":"IREPO"},"geometry":{"type":"Polygon","coordinates":[[[3.691454540194911,8.996621755289823],[3.717390660650494,8.969201059181557],[3.841097856181193,8.977415310268384],[3.877101044277822,8.952400235882237],[3.883662077942574,8.91628094171216],[3.977229117429886,8.875539778837776],[4.126759052288492,8.905790329360286],[4.210460186288628,8.970032691055906],[4.012060165144533,9.034599303315247],[3.921370743964701,9.172939300408416],[3.862960575670058,9.188310621637925],[3.7707343102403,9.146808623319373],[3.743066311361247,9.04689693424615],[3.691454540194911,8.996621755289823]]]}},{"type":"Feature","properties":{"state_code":"10","state_name":"DELTA","lga_code":"09","lga_name":"ISOKO NORTH"},"geometry":{"type":"Polygon","coordinates":[[[6.087976932589413,5.404337882687173],[6.195376930101304,5.542835971602869],[6.236443995593959,5.50890207317218],[6.285974710364655,5.551070149867599],[6.330191135112841,5.531179905328429],[6.318593502288365,5.493387221942783],[6.350163958999531,5.43209850364309],[6.367884020731026,5.445405336686974],[6.432753533648679,5.429956603614414],[6.456498116894636,5.453347372883002],[6.376716729293662,5.475917060224219],[6.384095639702082,5.514849351916098],[6.32563877141223,5.6379380234211],[6.21146297493641,5.621732234754859],[6.115060805611733,5.584867953893024],[6.116582870403192,5.548127174229762],[6.077941895202343,5.520759106447656],[6.055731773002947,5.46856403410294],[6.087976932589413,5.404337882687173]]]}},{"type":"Feature","properties":{"state_code":"14","state_name":"ENUGU","lga_code":"06","lga_name":"EZEAGU"},"geometry":{"type":"Polygon","coordinates":[[[7.290038024335388,6.278287095073438],[7.322177792371292,6.312285179017863],[7.343791285439522,6.30545197992501],[7.36101659683851,6.36066528587429],[7.387258763780949,6.380691301962088],[7.376146474380334,6.419267464821701],[7.348150704991099,6.418272649163498],[7.32308810593139,6.492147502705109],[7.289746843641979,6.468397680008991],[7.274685987268526,6.480844971618183],[7.262952481272066,6.548536745074784],[7.235762537710968,6.573342129935384],[7.187877043590731,6.502828238932125],[7.138804040574087,6.519753059855873],[7.033069918442038,6.463728882881696],[7.03224207271353,6.442438967684268],[7.143867590616878,6.388251376300047],[7.160240612714176,6.303374831982978],[7.243904573237501,6.26291067468793],[7.290038024335388,6.278287095073438]]]}},{"type":"Feature","properties":{"state_code":"28","state_name":"ONDO","lga_code":"12","lga_name":"IRELE"},"geometry":{"type":"Polygon","coordinates":[[[4.865088463162067,6.437849044697714],[4.923429488879833,6.451099395820506],[4.956430435116545,6.352482318604189],[5.015618801166795,6.292353152875762],[5.035301207884459,6.328475951703865],[5.02924537737232,6.363563060686772],[5.103693484866483,6.402212143275847],[5.102768742583464,6.441383590780163],[5.153385162095617,6.498033046587864],[5.162112236290739,6.561973094882489],[5.111583710220089,6.630350113067323],[5.122329711147302,6.698738574225843],[5.088838100198188,6.718866825243822],[5.008956405813535,6.647226578343975],[4.927180032332672,6.662762151751963],[4.881743418224232,6.646472400580876],[4.868247509015362,6.536665915299807],[4.827821255446622,6.469830158834839],[4.865088463162067,6.437849044697714]]]}},{"type":"Feature","properties":{"state_code":"28","state_name":"ONDO","lga_code":"18","lga_name":"OWO"},"geometry":{"type":"Polygon","coordinates":[[[5.449725150994993,7.064806937690093],[5.478302002035832,7.046047687750615],[5.537059784381597,6.884796618868904],[5.56551885571065,6.876023293440312],[5.587090969172948,6.991248608636454],[5.633347509579949,7.009972571876744],[5.651526451284724,7.075631617605097],[5.699667931130193,7.088825226003451],[5.689268589174105,7.124778748140784],[5.7612910263598,7.178732871924524],[5.726898193097156,7.194239616665016],[5.665092468043042,7.303777218144148],[5.504433632406233,7.316193105427544],[5.404620170884243,7.290330410120362],[5.388226031805971,7.28318691344532],[5.418754101420689,7.249780655352993],[5.427817822434633,7.120560169616169],[5.490021228596845,7.106131077087582],[5.449725150994993,7.064806937690093]]]}},{"type":"Feature","properties":{"state_code":"22","state_name":"KOGI","lga_code":"05","lga_name":"DEKINA"},"geometry":{"type":"Polygon","coordinates":[[[7.349126815650095,7.846980095155288],[7.302103465602499,7.7819092959773],[7.206943038790257,7.785108644048705],[7.108322566633205,7.693181413991113],[7.01978303415973,7.70376622942797],[6.933627982145708,7.633132037013922],[6.841094493915818,7.601343632302815],[6.800144724299628,7.468407501305194],[6.846062123168508,7.414640301608699],[7.014429092128921,7.412686824837124],[7.048621471004139,7.48190024579975],[7.103612505912452,7.4812589716243],[7.137653864334425,7.438250341779906],[7.132698536008661,7.375817299129096],[7.164544106125618,7.351550579395791],[7.310121197735157,7.35333455374672],[7.461122653687539,7.401062801407193],[7.442163467370165,7.687811374995022],[7.349126815650095,7.846980095155288]]]}},{"type":"Feature","properties":{"state_code":"28","state_name":"ONDO","lga_code":"01","lga_name":"AKOKO NORTH EAST"},"geometry":{"type":"Polygon","coordinates":[[[5.940000534297269,7.645110129828652],[5.893457412329781,7.588513850933509],[5.786094188995662,7.553754807438452],[5.618211745075996,7.563905238635925],[5.610309124366665,7.484452248372634],[5.951171874982094,7.501221656554264],[6.004090308920695,7.535572052608188],[5.940000534297269,7.645110129828652]]]}},{"type":"Feature","properties":{"state_code":"30","state_name":"OYO","lga_code":"25","lga_name":"OLUYOLE"},"geometry":{"type":"Polygon","coordinates":[[[3.909787461622102,7.342370556256242],[3.875242106038399,7.330070035803544],[3.841366489971563,7.357352667991279],[3.838450931065665,7.330286667195992],[3.801880494689101,7.338848971203106],[3.736349581667923,7.300678728140838],[3.762294529868711,7.300916194127126],[3.763602257438265,7.230483054149659],[3.794440031082615,7.139492033630518],[3.727434396280387,7.096852302092088],[3.731213093009899,7.080647467606582],[3.938920974123732,7.083908081093114],[3.998963493770248,7.126570828081299],[3.984718737080073,7.226887948620003],[3.996063339351679,7.266875536277041],[3.974006896900846,7.276348785168352],[3.968747976338079,7.312336557086496],[3.954138725321968,7.307237952369633],[3.959766035174425,7.336591284360338],[3.939072192427773,7.326761709685229],[3.909787461622102,7.342370556256242]]]}},{"type":"Feature","properties":{"state_code":"32","state_name":"RIVERS","lga_code":"16","lga_name":"OGBA/EGBEMA/NDONI"},"geometry":{"type":"Polygon","coordinates":[[[6.68443531214001,5.214717232214525],[6.720000632922904,5.242467286136389],[6.724358077563295,5.293407378847519],[6.761453726108641,5.31589989986054],[6.762536049399216,5.410212994434175],[6.741359711381619,5.494053840812171],[6.639080048005837,5.493445873028691],[6.668868064609569,5.689925194092496],[6.601873333187825,5.687458521893291],[6.617601394788608,5.631519318261951],[6.584760188831694,5.561688422782538],[6.530831336896711,5.531958579724744],[6.524530411449405,5.438663960173699],[6.476556778372696,5.404050827183994],[6.485476971185335,5.379205227339412],[6.569632053276678,5.372142791956321],[6.56315994277719,5.320212840650129],[6.530881882393032,5.284537791785738],[6.566636085986602,5.236972809747442],[6.553380965759004,5.189809800382022],[6.578727744290006,5.177153394813388],[6.622591016062586,5.201385231643201],[6.660569608200888,5.194624565571303],[6.660784751215317,5.232626705558062],[6.68443531214001,5.214717232214525]]]}},{"type":"Feature","properties":{"state_code":"12","state_name":"EDO","lga_code":"15","lga_name":"OVIA SOUTH WEST"},"geometry":{"type":"Polygon","coordinates":[[[5.270169735345064,6.054296017047591],[5.290505885338405,6.06535577794682],[5.269134044600548,6.087039947835365],[5.282129287736495,6.139030933430888],[5.327629089111213,6.142647743198836],[5.36698913613975,6.189146996236957],[5.352710724120698,6.241261958772441],[5.401256560741729,6.282668591182585],[5.434571742691844,6.277194977266447],[5.466697692644459,6.302657603765454],[5.468230546602513,6.317473223110824],[5.416780999643493,6.339023000111411],[5.407238000233576,6.376512000428534],[5.44184841097541,6.379610449962342],[5.435166835780876,6.398797035255029],[5.496246814239157,6.529837131878196],[5.433486938171711,6.589289188145585],[5.381394861583658,6.716279029653549],[5.422928810116559,6.773023129214096],[5.459748745408319,6.885469943982798],[5.254822253344344,6.882708581036241],[5.197015762167723,6.773944855170953],[5.150810717840386,6.745987890628726],[5.117775918423945,6.683939455641394],[5.114416598946946,6.621132374159799],[5.164249896915237,6.554492473848654],[5.153385162095617,6.498033046587864],[5.102768742583464,6.441383590780163],[5.103693484866483,6.402212143275847],[5.02924537737232,6.363563060686772],[5.035301207884459,6.328475951703865],[5.012897014685507,6.302100182377558],[5.089201927227236,6.201057433953451],[5.122467995401735,6.205872058848513],[5.142962932393459,6.143306732219969],[5.168694495754437,6.16357469561575],[5.222382314092556,6.147946124214286],[5.234040821127053,6.064757327688596],[5.270169735345064,6.054296017047591]]]}},{"type":"Feature","properties":{"state_code":"10","state_name":"DELTA","lga_code":"11","lga_name":"NDOKWA EAST"},"geometry":{"type":"Polygon","coordinates":[[[6.485476971185335,5.379205227339412],[6.483125209860589,5.420644283007277],[6.534836768901812,5.4589743607782],[6.530831336896711,5.531958579724744],[6.584760188831694,5.561688422782538],[6.617601394788608,5.631519318261951],[6.600627332385557,5.706621920865018],[6.643630027603763,5.747325420132086],[6.660915851685274,5.856529237334485],[6.719678984997188,5.996161131231247],[6.632717133189203,6.013586997741811],[6.607642173847296,5.993960857107936],[6.479153156193263,5.985262870585075],[6.44280576697264,5.900355815868238],[6.476984977974382,5.860417842909158],[6.436487197726024,5.791427134554681],[6.438742161421658,5.74290180157692],[6.473159313251756,5.714345931719436],[6.470458507953822,5.691389561079404],[6.32563877141223,5.6379380234211],[6.384095639702082,5.514849351916098],[6.376716729293662,5.475917060224219],[6.445888014320474,5.46304767091334],[6.456194849312908,5.446071791879717],[6.432753533648679,5.429956603614414],[6.367884020731026,5.445405336686974],[6.350163958999531,5.43209850364309],[6.343369044945518,5.35695567436494],[6.310642719286136,5.303543090841004],[6.338755193697295,5.319782362166336],[6.408876895752201,5.304768561919673],[6.450234890128115,5.327586651003173],[6.490166664060325,5.324021339113585],[6.502585887828502,5.338941097253894],[6.485476971185335,5.379205227339412]]]}},{"type":"Feature","properties":{"state_code":"30","state_name":"OYO","lga_code":"31","lga_name":"SAKI EAST"},"geometry":{"type":"Polygon","coordinates":[[[3.419186072279444,8.862087567687126],[3.486319073566449,8.718739702075652],[3.48436764904784,8.680711246127146],[3.532136582937028,8.585904091900375],[3.583552041093867,8.55484529727272],[3.575362787562653,8.519508174962368],[3.593552736069967,8.492642106947699],[3.672614364761159,8.457701252910567],[3.686049728911883,8.431776070908995],[3.810453535702152,8.546600335237315],[3.874208748135288,8.554249425370756],[3.664163270018946,8.768725220192835],[3.661446474775062,8.839226171750454],[3.608008989923007,8.897031355312834],[3.617265680266996,8.928797750915521],[3.599984013751282,8.956908512118162],[3.419186072279444,8.862087567687126]]]}},{"type":"Feature","properties":{"state_code":"11","state_name":"EBONYI","lga_code":"13","lga_name":"ONICHA"},"geometry":{"type":"Polygon","coordinates":[[[7.726202385431804,6.11489963540987],[7.815695448386293,6.046862730930343],[7.835655052238906,6.07799888793835],[7.85994920938856,6.061839792972137],[7.868845471241571,6.017895303425576],[7.914056999431011,5.975519000401619],[8.013627774402323,5.993670446234148],[8.012038502375049,6.064219713868738],[7.955179143003079,6.046403019084096],[7.947798932175033,6.079481715308987],[7.896082147173388,6.090236007985425],[7.897709980331399,6.156182579562426],[7.869607450623391,6.23330324734701],[7.832373694090734,6.233584104722695],[7.801556388116865,6.199458600334196],[7.79642540510838,6.232376354785004],[7.733001708861821,6.226606369288561],[7.726202385431804,6.11489963540987]]]}},{"type":"Feature","properties":{"state_code":"10","state_name":"DELTA","lga_code":"05","lga_name":"ETHIOPE EAST"},"geometry":{"type":"Polygon","coordinates":[[[6.149661244670767,5.755693228659595],[6.151820105913202,5.804926822714719],[6.1208791728356,5.839725018195054],[6.093735217906044,5.794122219265034],[6.03978013994157,5.76461076667357],[5.94093704241061,5.746387004556652],[5.890539168947555,5.763305186685045],[5.852856121013247,5.703069301107405],[5.906793868142529,5.657239105900089],[5.918334007308658,5.629001140989885],[5.900899454246485,5.601868050769951],[5.919783942874687,5.565574220673795],[5.969036191567056,5.549374816294801],[6.058454037024262,5.621844768721132],[6.041172027866821,5.685502052178038],[6.113441149989114,5.75163399831041],[6.149661244670767,5.755693228659595]]]}},{"type":"Feature","properties":{"state_code":"30","state_name":"OYO","lga_code":"29","lga_name":"OYO EAST"},"geometry":{"type":"Polygon","coordinates":[[[4.078551137724901,7.953840289897528],[4.018988579059737,7.920743593741918],[4.031140997359216,7.88094246971923],[3.979421430754485,7.850985338302792],[3.920350580015281,7.853683853926782],[3.940010249173724,7.83377162905748],[3.93866098821411,7.796364728749268],[3.957291657583994,7.79694569978426],[3.972261377560585,7.833596359284627],[4.004242838835978,7.826456818727252],[4.089671501238854,7.871167461409243],[4.078551137724901,7.953840289897528]]]}},{"type":"Feature","properties":{"state_code":"11","state_name":"EBONYI","lga_code":"09","lga_name":"IVO"},"geometry":{"type":"Polygon","coordinates":[[[7.53016705696416,6.005994174591535],[7.529133840254588,5.951950052053292],[7.503497155369473,5.900165637134478],[7.534576807973338,5.834697727917842],[7.68395519267807,5.822346209609918],[7.727421000079119,5.907747000223935],[7.715892499938946,5.927084814612556],[7.664433478622186,5.930084229004024],[7.53016705696416,6.005994174591535]]]}},{"type":"Feature","properties":{"state_code":"12","state_name":"EDO","lga_code":"08","lga_name":"ETSAKO EAST"},"geometry":{"type":"Polygon","coordinates":[[[6.715768813679858,7.122821331439354],[6.693305016113641,7.216476058423382],[6.637670039640682,7.294242953849277],[6.511441232327059,7.26702499370856],[6.497326851253206,7.33301019656335],[6.466869830778137,7.36531877544121],[6.435657977833444,7.359745025612483],[6.432164191724098,7.402327061145002],[6.340692997084204,7.325822830059622],[6.29524183284434,7.36049699823792],[6.268043995034418,7.358391761770463],[6.256732941072414,7.207706928332129],[6.505383015014161,7.150938987744155],[6.535466193609977,7.101339816579298],[6.528458117747959,7.023674966326666],[6.556632996115923,7.003619194370344],[6.679260254257372,6.972002506210742],[6.677258967727255,7.0340757373055],[6.715768813679858,7.122821331439354]]]}},{"type":"Feature","properties":{"state_code":"10","state_name":"DELTA","lga_code":"15","lga_name":"OSHIMILI - SOUTH"},"geometry":{"type":"Polygon","coordinates":[[[6.645172596038549,6.101227282812886],[6.62904691718154,6.074583054164691],[6.572596073050363,6.076192855915622],[6.566829204604176,5.996395112344601],[6.607642173847296,5.993960857107936],[6.632717133189203,6.013586997741811],[6.719678984997188,5.996161131231247],[6.725514463621664,6.040748672013649],[6.703152852422249,6.051150246986367],[6.704537202230142,6.081095483070158],[6.755330085814876,6.120709896144831],[6.769402026981993,6.167984008655139],[6.723134636254485,6.265575642901638],[6.70581483758474,6.261802197313614],[6.687438010855544,6.188879966837021],[6.714019298651749,6.156132221125176],[6.699920653915115,6.119133949372326],[6.645172596038549,6.101227282812886]]]}},{"type":"Feature","properties":{"state_code":"11","state_name":"EBONYI","lga_code":"10","lga_name":"IZZI"},"geometry":{"type":"Polygon","coordinates":[[[8.391663551231943,6.306527138316824],[8.403697014405736,6.366013049562639],[8.445018767901843,6.385539055183301],[8.456825255681053,6.428223609831775],[8.43230438214158,6.433218956189933],[8.405966759358535,6.484985353191519],[8.419136047390737,6.514501573089149],[8.39098167356542,6.523128986213806],[8.39143657673668,6.550374985417307],[8.375088691589895,6.545834063791062],[8.374180793608787,6.563543320168151],[8.324751854214753,6.589499474820968],[8.322414398405783,6.634381771101914],[8.285632133016577,6.710215570192474],[8.25157546993205,6.735644816555066],[8.26608981279469,6.741573250005558],[8.229325293727356,6.800125599317028],[8.220243454072204,6.778783321093442],[8.173017502056098,6.77333450328473],[8.191923301918905,6.663589259137041],[8.145475131272349,6.621309801406255],[8.163893977025452,6.595700250865946],[8.144930616055149,6.550559973264228],[8.169778779866874,6.508532467799171],[8.14020843427187,6.477538690558163],[8.149050074901083,6.444205157042404],[8.130490519421983,6.437952413672974],[8.154585912909624,6.415189882906816],[8.13973684238141,6.343873070885536],[8.170988425575445,6.326713274198312],[8.153842634030411,6.289088385420712],[8.193471644001193,6.278228515034016],[8.261258163733316,6.313457277131704],[8.391663551231943,6.306527138316824]]]}},{"type":"Feature","properties":{"state_code":"10","state_name":"DELTA","lga_code":"10","lga_name":"ISOKO SOUTH"},"geometry":{"type":"Polygon","coordinates":[[[6.259417534291799,5.227870941290973],[6.273196291975353,5.27471394579203],[6.339450393021252,5.346455698271882],[6.350163958999531,5.43209850364309],[6.318593502288365,5.493387221942783],[6.330191135112841,5.531179905328429],[6.285974710364655,5.551070149867599],[6.246010979922858,5.508954411017328],[6.195376930101304,5.542835971602869],[6.087976932589413,5.404337882687173],[6.095006600274417,5.318561420972856],[6.151268004914527,5.239816189065948],[6.187352179659399,5.230408192284301],[6.207356930378069,5.252053738089614],[6.259417534291799,5.227870941290973]]]}},{"type":"Feature","properties":{"state_code":"11","state_name":"EBONYI","lga_code":"06","lga_name":"EZZA SOUTH"},"geometry":{"type":"Polygon","coordinates":[[[8.03331156967323,6.203533923152065],[7.996047784777488,6.197364543339063],[7.959218813097777,6.152546428075254],[7.92238222955632,6.153561528841522],[7.898694532926413,6.193837312342112],[7.878516406407073,6.180364582259699],[7.897709980331399,6.156182579562426],[7.896082147173388,6.090236007985425],[7.947798932175033,6.079481715308987],[7.955179143003079,6.046403019084096],[8.012038502375049,6.064219713868738],[8.0065046167947,6.022467722907152],[8.094059355654792,6.096171111707463],[8.07943330530287,6.114891197071131],[8.112795778102736,6.138587596440459],[8.126497099661492,6.183403045214391],[8.08452698892944,6.2048421372549],[8.071045988681476,6.176715869042198],[8.039839351804687,6.169347003161704],[8.03331156967323,6.203533923152065]]]}},{"type":"Feature","properties":{"state_code":"22","state_name":"KOGI","lga_code":"14","lga_name":"OFU"},"geometry":{"type":"Polygon","coordinates":[[[6.707601921791309,7.484356165704526],[6.693305016113641,7.216476058423382],[6.729198721643741,7.228911671436549],[6.752991199184521,7.289628982991246],[6.790242593221137,7.27810687523214],[6.811886310704722,7.246534824022945],[6.949308871607172,7.192428112267635],[7.03166675571623,7.205834866286125],[7.047946453366194,7.263772487610254],[7.162079982605178,7.228492404800704],[7.213926314947514,7.235008240338061],[7.227375070902838,7.173208075792104],[7.261939718743065,7.165883970069217],[7.330139637034677,7.207354546075464],[7.355492439224747,7.297579903589735],[7.395754350682807,7.303152165040444],[7.368140411850561,7.360449791924395],[7.377890041292403,7.375136808217178],[7.310121197735157,7.35333455374672],[7.148083210371908,7.355830668850331],[7.132698536008661,7.375817299129096],[7.137653864334425,7.438250341779906],[7.103612505912452,7.4812589716243],[7.048621471004139,7.48190024579975],[7.014429092128921,7.412686824837124],[6.870136055234809,7.411431470186244],[6.846062123168508,7.414640301608699],[6.818110943065619,7.451950550877257],[6.785072326926411,7.443810463282318],[6.754427432679904,7.480201243892338],[6.707601921791309,7.484356165704526]]]}},{"type":"Feature","properties":{"state_code":"10","state_name":"DELTA","lga_code":"01","lga_name":"ANIOCHA NORTH"},"geometry":{"type":"Polygon","coordinates":[[[6.3622894291139,6.384438991866034],[6.391353129943013,6.309774876209644],[6.375341891615051,6.239600181603123],[6.517187118690629,6.303886889768194],[6.581527233095358,6.291166781621712],[6.566042900359605,6.327871798844512],[6.575504780021618,6.495079994046534],[6.523318768346542,6.487541198567499],[6.43126201612921,6.406817913216173],[6.3622894291139,6.384438991866034]]]}},{"type":"Feature","properties":{"state_code":"10","state_name":"DELTA","lga_code":"02","lga_name":"ANIOCHA - SOUTH"},"geometry":{"type":"Polygon","coordinates":[[[6.581527233095358,6.291166781621712],[6.517187118690629,6.303886889768194],[6.375341891615051,6.239600181603123],[6.389819144637841,6.195337771820789],[6.34375190702491,6.155426979071876],[6.319196224326333,6.018606186026716],[6.345836163208389,5.991782188297407],[6.360808849149123,5.989132880877776],[6.38306808512408,6.030232907422771],[6.411818981061174,5.987476826094678],[6.566829204604176,5.996395112344601],[6.572596073050363,6.076192855915622],[6.62904691718154,6.074583054164691],[6.646623135049708,6.098307132867944],[6.606887817119116,6.164550781093737],[6.634452820241506,6.23620891640843],[6.581527233095358,6.291166781621712]]]}},{"type":"Feature","properties":{"state_code":"22","state_name":"KOGI","lga_code":"08","lga_name":"IGALAMELA/ODOLU"},"geometry":{"type":"Polygon","coordinates":[[[7.351371635892349,7.033356743718798],[7.366837025308541,7.039865971937104],[7.367204077306383,7.088858070143885],[7.284708023156782,7.112540244936383],[7.307423592225064,7.18332147560568],[7.227375070902838,7.173208075792104],[7.223253953707058,7.225126680352048],[7.202404021928146,7.238958836181382],[7.162079982605178,7.228492404800704],[7.047946453366194,7.263772487610254],[7.03166675571623,7.205834866286125],[6.949308871607172,7.192428112267635],[6.811886310704722,7.246534824022945],[6.790242593221137,7.27810687523214],[6.752991199184521,7.289628982991246],[6.729198721643741,7.228911671436549],[6.693305016113641,7.216476058423382],[6.715768813679858,7.122821331439354],[6.753551555060255,7.139595539302718],[6.793681563853113,7.117064134302382],[6.785373876803021,7.039154045223029],[6.81969030006735,7.059150634594175],[6.835658073261527,7.017067908956903],[6.901171684225915,7.016080378706533],[6.904735108438558,6.976968780185132],[6.964425995863053,6.961855952889948],[6.960817336650791,6.840898991195559],[6.986843108722553,6.844488620753282],[6.990782260692811,6.785407066283142],[7.081373691742556,6.800374508277002],[7.156210423272455,6.883088588667476],[7.210115060961357,6.903500398624544],[7.24128818460207,6.971317291160119],[7.351371635892349,7.033356743718798]]]}},{"type":"Feature","properties":{"state_code":"03","state_name":"AKWA IBOM","lga_code":"10","lga_name":"IBIONO IBOM"},"geometry":{"type":"Polygon","coordinates":[[[7.833959156589856,5.033852696844519],[7.856728804590716,5.026389751086185],[7.883832816131587,5.070601561412957],[7.92012058119991,5.08238121162367],[7.939222712957871,5.176418717050183],[7.979821032914401,5.207160031210492],[7.912880898434764,5.303979873572359],[7.842158122799162,5.335760270719959],[7.806975003993273,5.289283572678812],[7.844028239611589,5.247272291882837],[7.833959156589856,5.033852696844519]]]}},{"type":"Feature","properties":{"state_code":"03","state_name":"AKWA IBOM","lga_code":"22","lga_name":"OBOT AKARA"},"geometry":{"type":"Polygon","coordinates":[[[7.651406376103409,5.175504306178823],[7.655192093840128,5.247535572009099],[7.721954047441386,5.277197604386004],[7.684159435009974,5.34561480068254],[7.53784799568848,5.307299137245423],[7.5530991549021,5.272792815835828],[7.53245536212529,5.172527276812446],[7.651406376103409,5.175504306178823]]]}},{"type":"Feature","properties":{"state_code":"30","state_name":"OYO","lga_code":"23","lga_name":"OGO-OLUWA"},"geometry":{"type":"Polygon","coordinates":[[[4.2918219093537,8.055335317271101],[4.213909669995303,8.095619729766781],[4.194033247136701,8.082651507661012],[4.175931199265506,8.095852674861078],[4.13102151323227,8.041235323551405],[4.168014044612505,8.027521570664021],[4.119949244562008,8.001069723189232],[4.129549314948974,7.956456050806139],[4.079541351552166,7.9339296145601],[4.090156254707438,7.860070779742728],[4.147110938618994,7.849622249367371],[4.197049617346011,7.865252017766466],[4.191331386933996,7.910234449959944],[4.276341437407439,7.971228599820051],[4.328186034957582,7.935013293129032],[4.371104130051606,7.848700920910801],[4.397185326441729,7.896511077024627],[4.366884915706351,7.940209595696331],[4.336984604356076,7.946082435755841],[4.2918219093537,8.055335317271101]]]}},{"type":"Feature","properties":{"state_code":"30","state_name":"OYO","lga_code":"03","lga_name":"ATIBA"},"geometry":{"type":"Polygon","coordinates":[[[3.810058653284273,8.13982198479681],[3.803492658059781,8.023594610802718],[3.879970249427515,7.96082346802865],[3.923992991683292,7.966770514747509],[3.941881991960429,7.932324236574289],[3.903306824650258,7.888081364563391],[3.93747382825461,7.858120533335978],[4.078551137724901,7.953840289897528],[4.04489141830436,7.979496990993368],[4.045738093138539,8.039659635783607],[4.008337496178569,8.033880749696891],[4.034340277981471,8.092790984216606],[3.980873040858171,8.139482236216281],[3.988548099814977,8.188816138853781],[3.898732262084252,8.187049141904424],[3.853136717985194,8.22295374811705],[3.810058653284273,8.13982198479681]]]}},{"type":"Feature","properties":{"state_code":"30","state_name":"OYO","lga_code":"22","lga_name":"OGBOMOSO SOUTH"},"geometry":{"type":"Polygon","coordinates":[[[4.175931199265506,8.095852674861078],[4.279848427363106,8.080578629700028],[4.242075566833989,8.130238152568722],[4.183796409077047,8.126976188300489],[4.175931199265506,8.095852674861078]]]}},{"type":"Feature","properties":{"state_code":"12","state_name":"EDO","lga_code":"14","lga_name":"OVIA NORTH EAST"},"geometry":{"type":"Polygon","coordinates":[[[5.442778489835462,6.041352430969937],[5.490911007037369,6.2110800741861],[5.526996135063655,6.270544051866523],[5.525872230718903,6.33889293655983],[5.574645041835254,6.400324820634012],[5.644175123982848,6.415812089656242],[5.654238223815014,6.46574401897135],[5.769818104821752,6.566242861019248],[5.870091733246966,6.797244866657309],[5.797325134047753,6.81167221180317],[5.702557562581489,6.736117364424899],[5.667370796125397,6.727612018979528],[5.629253387334018,6.745868206152863],[5.576634883593044,6.704025745192041],[5.543577670373224,6.812798976891315],[5.570152283401228,6.869271277947178],[5.459748745408319,6.885469943982798],[5.422928810116559,6.773023129214096],[5.381394861583658,6.716279029653549],[5.433486938171711,6.589289188145585],[5.496246814239157,6.529837131878196],[5.435166835780876,6.398797035255029],[5.44184841097541,6.379610449962342],[5.407238000233576,6.376512000428534],[5.416780999643493,6.339023000111411],[5.468230546602513,6.317473223110824],[5.466697692644459,6.302657603765454],[5.374603748064544,6.260775566339362],[5.350093365116777,6.234360695389853],[5.3684167856062,6.200093268989235],[5.351235389901376,6.163589001131527],[5.282129287736495,6.139030933430888],[5.269134044600548,6.087039947835365],[5.290505885338405,6.06535577794682],[5.26826906226745,6.052536011427833],[5.248584974716834,5.984231742101258],[5.275984516072583,5.906816275650669],[5.358699322216012,5.969638347931436],[5.32695054972811,5.98268556738509],[5.32738542589675,6.018349170577835],[5.401897891574492,6.023089551941325],[5.428089602952866,6.00704731937833],[5.442778489835462,6.041352430969937]]]}},{"type":"Feature","properties":{"state_code":"30","state_name":"OYO","lga_code":"01","lga_name":"AFIJIO"},"geometry":{"type":"Polygon","coordinates":[[[3.631390494375864,7.710092894371599],[3.588673097385595,7.681796155168456],[3.613315681573511,7.605559172917538],[3.694976724196522,7.651204344305086],[3.767121374751696,7.60826501082164],[3.888987374767567,7.676494086033301],[3.940691707756173,7.672720930926289],[3.942528463317956,7.638197529592389],[3.957686671302895,7.636138869013621],[4.001834285324037,7.636990917297055],[4.029271569427408,7.666596620637563],[4.075807605636555,7.653036076253954],[4.052928923830791,7.674966810569913],[4.074169636219779,7.681563377348027],[4.061259745940561,7.754265783838889],[4.089671501238854,7.871167461409243],[4.004242838835978,7.826456818727252],[3.972261377560585,7.833596359284627],[3.957291657583994,7.79694569978426],[3.934714557131144,7.802170779757716],[3.897427295433374,7.776589145972366],[3.867374083147467,7.856561417375588],[3.823126778378196,7.842339902764365],[3.746851875313837,7.860420749118305],[3.683849673323834,7.696251863133],[3.631390494375864,7.710092894371599]]]}},{"type":"Feature","properties":{"state_code":"30","state_name":"OYO","lga_code":"21","lga_name":"OGBOMOSO NORTH"},"geometry":{"type":"Polygon","coordinates":[[[4.279697975281408,8.208174323786068],[4.204211461989416,8.206013688181201],[4.187947188611929,8.140871773313734],[4.21023054260553,8.119973171124968],[4.245689775762571,8.127917345908827],[4.2918219093537,8.055335317271101],[4.317284963929978,8.081191038335817],[4.32713126419651,8.145568495289865],[4.308260203345753,8.207417662994828],[4.279697975281408,8.208174323786068]]]}},{"type":"Feature","properties":{"state_code":"32","state_name":"RIVERS","lga_code":"13","lga_name":"IKWERRE"},"geometry":{"type":"Polygon","coordinates":[[[6.724776274005876,5.09592044477273],[6.846419154020793,5.026272281640559],[6.846132371911494,4.952696890649008],[6.88481137134778,4.907130359578503],[6.906099796368551,4.902761691399007],[6.920404787850714,4.922591952056962],[6.963468395949747,4.910110147165597],[6.959278799876756,4.936844695626235],[7.020431349127534,4.931922594552134],[7.019339416580863,4.956062233785133],[7.053415127306323,4.991717690918733],[6.975889143169468,5.047998189964517],[6.972723127570305,5.089156392753353],[6.941042991341021,5.136580385376533],[6.943569249920984,5.228638946130502],[6.903954983435767,5.219525813665427],[6.816560725896807,5.259442008641827],[6.831312622879295,5.171982293947735],[6.7985988211787,5.131348005606014],[6.744102639125572,5.151544187814068],[6.724776274005876,5.09592044477273]]]}},{"type":"Feature","properties":{"state_code":"03","state_name":"AKWA IBOM","lga_code":"04","lga_name":"ESIT EKET (UQUO)"},"geometry":{"type":"Polygon","coordinates":[[[8.137128438826437,4.60136958284005],[8.154206946693307,4.6671651447557],[8.104147444049374,4.696022923319276],[8.0920490003611,4.672253999922191],[8.062240345215798,4.69777143200605],[8.00507652036515,4.644795362316188],[8.002853417850986,4.602107582698807],[8.023689599895192,4.591050536852833],[8.137128438826437,4.60136958284005]]]}},{"type":"Feature","properties":{"state_code":"32","state_name":"RIVERS","lga_code":"15","lga_name":"OBIO/AKPOR"},"geometry":{"type":"Polygon","coordinates":[[[6.957880245277124,4.774509469736302],[7.004304528131513,4.830876610367341],[7.060908110420996,4.807260141842107],[7.092813515131638,4.856184744130701],[7.106472644097323,4.85121499877323],[7.112798782937546,4.872343714091187],[7.082051032329332,4.921819751880093],[6.959278799876756,4.936844695626235],[6.963468395949747,4.910110147165597],[6.920404787850714,4.922591952056962],[6.899056645148107,4.904247741040479],[6.902635514317581,4.855007600820159],[6.931541286101549,4.820144253954197],[6.918856744343316,4.803976161270896],[6.957880245277124,4.774509469736302]]]}},{"type":"Feature","properties":{"state_code":"32","state_name":"RIVERS","lga_code":"11","lga_name":"ETCHE"},"geometry":{"type":"Polygon","coordinates":[[[7.227855728858856,5.194829440126625],[7.045132159921309,5.248737812699972],[6.943569249920984,5.228638946130502],[6.941042991341021,5.136580385376533],[6.972723127570305,5.089156392753353],[6.975889143169468,5.047998189964517],[7.053415127306323,4.991717690918733],[7.019339416580863,4.956062233785133],[7.03108571183617,4.918996509281499],[7.082051032329332,4.921819751880093],[7.079867910076018,4.903622529656047],[7.146338310664532,4.895850075020974],[7.150316237804191,4.924333096195483],[7.183692103307976,4.949898768813171],[7.177594638681683,5.03688892858122],[7.227855728858856,5.194829440126625]]]}},{"type":"Feature","properties":{"state_code":"08","state_name":"BORNO","lga_code":"02","lga_name":"ASKIRA / UBA"},"geometry":{"type":"Polygon","coordinates":[[[13.087201066276236,10.940188523981249],[13.088888054140455,10.842143361626881],[12.99783328158071,10.726210892418806],[12.991314408133462,10.672031538824513],[12.939705218920778,10.65691083256894],[12.900062137257862,10.703346043984766],[12.732859641958953,10.72124866359502],[12.666299551982775,10.782297099231812],[12.588323761132699,10.757400881945216],[12.546526900296271,10.81060771407482],[12.406818457905558,10.686498024264438],[12.44513257720672,10.648209346783972],[12.51844421772654,10.62372196040019],[12.60256697098896,10.484011375824366],[12.599809887016704,10.461293752704591],[12.633348807701339,10.437840902335836],[12.652495384854149,10.439009665763535],[12.735306740413762,10.576120376853964],[12.760801315328479,10.582926750069532],[12.958608525862815,10.548149108594544],[13.05197038232734,10.464411736412558],[13.19707232522768,10.40891665757772],[13.214119231817165,10.44773084939925],[13.228124778735605,10.443451250974476],[13.248612422225563,10.511078841615301],[13.232516224943879,10.58885586070943],[13.32091128133061,10.7441425205609],[13.336167251017855,10.866908919111381],[13.236680174150763,10.897906404257185],[13.20864504683152,10.860854773029416],[13.150560959220968,10.861061360793201],[13.160694072173726,10.959238787340212],[13.099331603170981,10.970357095003976],[13.087201066276236,10.940188523981249]]]}},{"type":"Feature","properties":{"state_code":"33","state_name":"SOKOTO","lga_code":"07","lga_name":"GWADABAWA"},"geometry":{"type":"Polygon","coordinates":[[[5.336934850063301,13.226643285059595],[5.388643264175357,13.305198670082632],[5.429489684601322,13.31002021076415],[5.504328898260098,13.394465896184215],[5.558708908589324,13.493872671686518],[5.534097853732987,13.506427244321912],[5.524683708286545,13.564797211122425],[5.500994043040691,13.57324800369247],[5.486696844184053,13.48881181871053],[5.37130000129406,13.503600000639551],[5.328060466017746,13.484947300577517],[5.331778105075557,13.528633635234144],[5.363586481930668,13.536285072598048],[5.372299998845904,13.568],[5.336108980145355,13.599947867100411],[5.34031957718679,13.632353009783628],[5.283651099818428,13.585237269684285],[5.282099998616104,13.549199998181393],[5.299641263433614,13.535842372327693],[5.285951910052631,13.520388220839777],[5.183990283824585,13.520001595996916],[5.168027819328472,13.427637505866244],[5.119024928357817,13.425338730797819],[5.119084414014537,13.408028152877023],[5.15446108581051,13.398752131605647],[5.151246889032734,13.378904594971118],[5.12115256423948,13.381172400086257],[5.12591522091077,13.335230910178439],[5.070790194212123,13.332632027745944],[5.069373916672987,13.319499545367762],[5.13471255913737,13.249599480331824],[5.167618259974745,13.336194376369406],[5.223611559625851,13.346368946269877],[5.286117066049826,13.331083114594094],[5.288824154910856,13.26527026231281],[5.317443420677364,13.26950407715151],[5.296131631269816,13.215800339014493],[5.336934850063301,13.226643285059595]]]}},{"type":"Feature","properties":{"state_code":"17","state_name":"JIGAWA","lga_code":"13","lga_name":"HADEJIA"},"geometry":{"type":"Polygon","coordinates":[[[10.052071313840088,12.43185988062902],[10.088538654635272,12.45255677477536],[10.067850304947683,12.500214244891538],[10.019225123840442,12.448559197449072],[10.052071313840088,12.43185988062902]]]}},{"type":"Feature","properties":{"state_code":"17","state_name":"JIGAWA","lga_code":"18","lga_name":"KIRIKA SAMMA"},"geometry":{"type":"Polygon","coordinates":[[[10.188381075226516,12.69538705426919],[10.151546001646693,12.639602668028772],[10.180090665951525,12.605688882036304],[10.17706934587369,12.575685806055162],[10.122454482088699,12.553837463128446],[10.102946155340817,12.581064762728658],[10.06274314857751,12.557088425090797],[10.056758938274413,12.496627825014173],[10.073081040757472,12.4964773180738],[10.088538654635272,12.45255677477536],[10.052537321839964,12.421141549143215],[10.240465345699192,12.434042293317248],[10.258073357299622,12.459621498933075],[10.339213937073566,12.441315396688253],[10.363172054446807,12.452084535373046],[10.33557130417239,12.475914330282194],[10.356220919160137,12.48376737226647],[10.341478962384258,12.515036121719675],[10.310517639877219,12.529549599434517],[10.325657496296458,12.607317324035307],[10.348471062689441,12.611230744603233],[10.35257951113556,12.641913091116294],[10.375539372943763,12.653671045182648],[10.357784697206057,12.664037075350791],[10.372595051920143,12.728071804270428],[10.351432558066165,12.774253022858773],[10.307072704941447,12.776482557324186],[10.247074307833088,12.729540203817407],[10.196481465847,12.719353574907586],[10.188381075226516,12.69538705426919]]]}},{"type":"Feature","properties":{"state_code":"08","state_name":"BORNO","lga_code":"16","lga_name":"KONDUGA"},"geometry":{"type":"Polygon","coordinates":[[[13.192118280234467,11.320679388842791],[13.249954675667823,11.379043069382192],[13.347448350361105,11.381891370690255],[13.402351388405918,11.32357248807989],[13.505835218820323,11.315506704271058],[13.512226324685173,11.376353358121037],[13.542150754953411,11.41476655842996],[13.594032516987113,11.43461702505573],[13.573066918003917,11.521619784325651],[13.60491227318289,11.531715308314858],[13.64704528261376,11.502129356784451],[13.678796442801627,11.522644874761227],[13.66311035076211,11.615911507410203],[13.585499130680375,11.650679786043327],[13.553746852635186,11.771103462354972],[13.505485514744748,11.797357563300977],[13.335569370030441,11.725606146706355],[13.310867794812907,11.747537728183659],[13.313196882430248,11.784856222436758],[13.247395586437221,11.811078704118927],[13.218178293993105,11.769341900008726],[13.302336335753353,11.711130864098152],[13.278139415101975,11.694548614726841],[13.19311653939684,11.74701440908774],[13.166262339735226,11.74243717013934],[13.17292345984987,11.773319316333414],[13.122571202698907,11.725381889062987],[13.092256579077912,11.740228561998606],[13.080036700833148,11.715194377918237],[13.017332332721026,11.74264703503269],[13.049445915196884,11.770367201785007],[13.039269198614647,11.803730658443158],[13.107465721965525,11.85421191884501],[13.077342913844461,11.895111604317151],[13.091245605300514,11.914207896777043],[13.084967512740548,12.032977727040532],[12.99691673032288,12.067980672969725],[12.953248491824468,12.002556679447252],[12.98415577406979,11.969982500192259],[12.978572998645006,11.936253779388437],[12.954850328280088,11.904885755573218],[12.908203720425433,11.891559671641573],[12.780764908573701,11.939891618903118],[12.75200342671684,12.001612722249376],[12.68369590364307,11.997742539286833],[12.69582420931988,11.959257611749422],[12.671592230397152,11.949230768984876],[12.655819500369716,11.965213711043987],[12.655546629873129,11.941712714570144],[12.619601814971816,11.913826738013597],[12.6206102013997,11.873238721589757],[12.703096361208168,11.806732084618034],[12.744722658423996,11.652132504111819],[12.734545769171973,11.507595653816395],[12.845321877402796,11.332168433026823],[12.903571801797284,11.274512480266822],[13.100356352763527,11.339973755184701],[13.192118280234467,11.320679388842791]]]}},{"type":"Feature","properties":{"state_code":"08","state_name":"BORNO","lga_code":"13","lga_name":"JERE"},"geometry":{"type":"Polygon","coordinates":[[[13.09201327829021,11.83498815108237],[13.075183304366078,11.842130475041415],[13.071309105031219,11.816655360556467],[13.039269198614647,11.803730658443158],[13.049445915196884,11.770367201785007],[13.017332332721026,11.74264703503269],[13.080036700833148,11.715194377918237],[13.092256579077912,11.740228561998606],[13.122571202698907,11.725381889062987],[13.17292345984987,11.773319316333414],[13.166262339735226,11.74243717013934],[13.19311653939684,11.74701440908774],[13.278139415101975,11.694548614726841],[13.302336335753353,11.711130864098152],[13.218178293993105,11.769341900008726],[13.247395586437221,11.811078704118927],[13.191209757224556,11.827533732695656],[13.214891107338758,11.856010360589721],[13.285667587789021,11.861343613716826],[13.291937077434227,11.915994150909398],[13.259884910560231,12.033790930906775],[13.247382991431948,12.038381585042146],[13.236910576861703,11.999299327801793],[13.19558239681021,12.083346011009667],[13.224650158977681,12.127871009339685],[13.15457931178588,12.18925461420912],[13.109599003791061,12.176608474401633],[13.059551766101151,12.091097968296651],[13.084967512740548,12.032977727040532],[13.086213705098487,11.924297127310638],[13.113088632334552,11.884567240385877],[13.154047627196292,11.898611855652689],[13.184059059677907,11.806500264575618],[13.127463904935325,11.792880534009498],[13.103589768952702,11.753502219052223],[13.076242029446178,11.78716402489988],[13.101868405402627,11.807170852153149],[13.09201327829021,11.83498815108237]]]}},{"type":"Feature","properties":{"state_code":"24","state_name":"LAGOS","lga_code":"08","lga_name":"ETI-OSA"},"geometry":{"type":"Polygon","coordinates":[[[3.403009752598052,6.439335522416457],[3.400271547194222,6.4104270562637],[3.377091507067462,6.398044023013313],[3.430424059023153,6.423817334702278],[3.628235537739897,6.421851465272937],[3.673441592655422,6.482332138217657],[3.618968568144965,6.488604038945311],[3.626957527368063,6.505316216070582],[3.60117039399853,6.516537030259769],[3.572755503663586,6.511791038026047],[3.579506365326552,6.495761331220535],[3.551588040155991,6.46707840784228],[3.51279957883753,6.468863266226776],[3.491904975034629,6.447075026791083],[3.482677570213752,6.47008332068873],[3.422110011068185,6.468054157873155],[3.403009752598052,6.439335522416457]]]}},{"type":"Feature","properties":{"state_code":"24","state_name":"LAGOS","lga_code":"13","lga_name":"KOSOFE"},"geometry":{"type":"Polygon","coordinates":[[[3.366925915098932,6.558478963433458],[3.404821328941239,6.533035817149312],[3.397895231679627,6.566657941311007],[3.418648812792526,6.577802732210387],[3.405223501263606,6.59503917271968],[3.429827712279121,6.595245632779779],[3.452423951204423,6.622706991734333],[3.431207829877508,6.640632217602786],[3.372670081059425,6.64110208369425],[3.358641588838282,6.610784242299019],[3.383009806057771,6.593480401199599],[3.366925915098932,6.558478963433458]]]}},{"type":"Feature","properties":{"state_code":"30","state_name":"OYO","lga_code":"06","lga_name":"IBADAN NORTH"},"geometry":{"type":"Polygon","coordinates":[[[3.936608622889707,7.423113963038986],[3.905867546150375,7.464584429327999],[3.865282244779848,7.425445108305155],[3.898879044032697,7.379420504852476],[3.936608622889707,7.423113963038986]]]}},{"type":"Feature","properties":{"state_code":"30","state_name":"OYO","lga_code":"02","lga_name":"AKINYELE"},"geometry":{"type":"Polygon","coordinates":[[[4.063088470556522,7.651143905367007],[4.029271569427408,7.666596620637563],[4.001834285324037,7.636990917297055],[3.942528463317956,7.638197529592389],[3.940691707756173,7.672720930926289],[3.888987374767567,7.676494086033301],[3.767121374751696,7.60826501082164],[3.793709945257831,7.55727192555895],[3.886691332738849,7.492276717996162],[3.885818751134479,7.454220028731413],[3.905867546150375,7.464584429327999],[3.936608622889707,7.423113963038986],[3.948078935994147,7.496790722913602],[3.981367995336768,7.492292133275384],[3.965792565774336,7.520063983166324],[3.998885384952587,7.513505132156183],[4.014775275058923,7.531307317278902],[3.976818608392136,7.560668316889348],[3.98602029799838,7.594890698047323],[4.063088470556522,7.651143905367007]]]}},{"type":"Feature","properties":{"state_code":"30","state_name":"OYO","lga_code":"14","lga_name":"IDO"},"geometry":{"type":"Polygon","coordinates":[[[3.545752523760029,7.440804480242605],[3.707092998742951,7.447305200874382],[3.693458774702719,7.38797476082658],[3.719827180380094,7.387421748814688],[3.714346646180843,7.30479431090879],[3.736349581667923,7.300678728140838],[3.801880494689101,7.338848971203106],[3.838450931065665,7.330286667195992],[3.838852082657525,7.377493138097918],[3.854137902642151,7.38364781579412],[3.815982842833989,7.436465275651983],[3.865282244779848,7.425445108305155],[3.890766687033022,7.481449574838052],[3.793709945257831,7.55727192555895],[3.767121374751696,7.60826501082164],[3.694976724196522,7.651204344305086],[3.608596490935383,7.599961092830199],[3.577796756814905,7.498506051113395],[3.547624622678256,7.479159803781954],[3.545752523760029,7.440804480242605]]]}},{"type":"Feature","properties":{"state_code":"30","state_name":"OYO","lga_code":"08","lga_name":"IBADAN NORTH WEST"},"geometry":{"type":"Polygon","coordinates":[[[3.865282244779848,7.425445108305155],[3.815982842833989,7.436465275651983],[3.854137902642151,7.38364781579412],[3.898879044032697,7.379420504852476],[3.865282244779848,7.425445108305155]]]}},{"type":"Feature","properties":{"state_code":"30","state_name":"OYO","lga_code":"10","lga_name":"IBADAN SOUTH WEST"},"geometry":{"type":"Polygon","coordinates":[[[3.871010179776022,7.340181785361153],[3.895745231357409,7.374138224399587],[3.877463953998301,7.388708042841927],[3.838852082657525,7.377493138097918],[3.842198409628963,7.350075536556801],[3.871010179776022,7.340181785361153]]]}},{"type":"Feature","properties":{"state_code":"30","state_name":"OYO","lga_code":"09","lga_name":"IBADAN SOUTH-EAST"},"geometry":{"type":"Polygon","coordinates":[[[3.898879044032697,7.379420504852476],[3.868061967385927,7.331730195092462],[3.918485280871039,7.34577851556611],[3.9260974394453,7.364146954318528],[3.898879044032697,7.379420504852476]]]}},{"type":"Feature","properties":{"state_code":"27","state_name":"OGUN","lga_code":"02","lga_name":"ABEOKUTA SOUTH"},"geometry":{"type":"Polygon","coordinates":[[[3.331722861920582,7.135453495782258],[3.356115412096642,7.120121286967844],[3.371845709412014,7.144098060776912],[3.404966922885251,7.147422239244975],[3.412331567348019,7.171483713902319],[3.391884664046074,7.171863922082366],[3.371175365550755,7.195276710351948],[3.384268292148022,7.210470851648552],[3.354387252369861,7.234290021967013],[3.316563882317382,7.221274341737512],[3.314421031705308,7.187342868778444],[3.33257765493488,7.184113146104835],[3.342133615374109,7.209343707945834],[3.364117564374169,7.195561156921883],[3.341675665299761,7.167165884398116],[3.357522664939097,7.149152026744673],[3.332345848382261,7.156263029115564],[3.331722861920582,7.135453495782258]]]}},{"type":"Feature","properties":{"state_code":"24","state_name":"LAGOS","lga_code":"03","lga_name":"ALIMOSHO"},"geometry":{"type":"Polygon","coordinates":[[[3.199649774317663,6.531850140171855],[3.243996609755811,6.472179682646299],[3.29004223306265,6.491590370898962],[3.286355092713393,6.568034647780792],[3.305681554959847,6.568183038616382],[3.315837909991615,6.605385264018764],[3.298327080030788,6.622656364399745],[3.306024227236321,6.64782754490534],[3.257394661034823,6.693006797325893],[3.237830248067553,6.619846251903027],[3.193281587675187,6.577774588826287],[3.199649774317663,6.531850140171855]]]}},{"type":"Feature","properties":{"state_code":"24","state_name":"LAGOS","lga_code":"10","lga_name":"IFAKO-IJAYE"},"geometry":{"type":"Polygon","coordinates":[[[3.257394661034823,6.693006797325893],[3.33667874422872,6.62653436516888],[3.345033850731681,6.672554372186596],[3.257394661034823,6.693006797325893]]]}},{"type":"Feature","properties":{"state_code":"24","state_name":"LAGOS","lga_code":"12","lga_name":"IKORODU"},"geometry":{"type":"Polygon","coordinates":[[[3.443198472731353,6.68590903567349],[3.452062009154474,6.640944811154156],[3.431207829877508,6.640632217602786],[3.461783980846064,6.591059769792594],[3.487925712401761,6.60096984728068],[3.466467257957618,6.543583722610776],[3.489606363642793,6.516181491382781],[3.55519235474344,6.518712523564147],[3.585124556952792,6.548106843955736],[3.63292474408172,6.539690969362766],[3.70070277421371,6.597577137774749],[3.683762807807398,6.640020042790809],[3.699014341138991,6.684149117287973],[3.459019961302204,6.673523020271205],[3.443198472731353,6.68590903567349]]]}},{"type":"Feature","properties":{"state_code":"27","state_name":"OGUN","lga_code":"07","lga_name":"IFO"},"geometry":{"type":"Polygon","coordinates":[[[3.081702179811771,6.761975919253302],[3.107868274901023,6.728462774937157],[3.123034253927699,6.749032568798043],[3.218714300924319,6.751450116429794],[3.245832072092526,6.774397887752343],[3.282404801740256,6.72971649731852],[3.285464882598319,6.686796528037405],[3.345033850731681,6.672554372186596],[3.378430308911675,6.639288194294807],[3.452062009154474,6.640944811154156],[3.443471017673403,6.673893769382005],[3.378621232284104,6.703162699998643],[3.358822009028529,6.757417611933306],[3.371931272710128,6.825676252357198],[3.344297351841362,6.838795879826023],[3.304493816736283,6.90496571259763],[3.259506336648144,6.888513338819564],[3.246101410951383,6.843603500800953],[3.149759290259112,6.836010700133727],[3.115308725917032,6.856161276821524],[3.058233488784538,6.830445042404847],[3.081702179811771,6.761975919253302]]]}},{"type":"Feature","properties":{"state_code":"24","state_name":"LAGOS","lga_code":"11","lga_name":"IKEJA"},"geometry":{"type":"Polygon","coordinates":[[[3.366861745773008,6.558483755021314],[3.383009806057771,6.593480401199599],[3.358641588838282,6.610784242299019],[3.372670081059425,6.64110208369425],[3.353350238722612,6.658239752562565],[3.333082450694576,6.601756581401162],[3.308792337796206,6.588147725437238],[3.337599370314763,6.59028770091669],[3.351813450230566,6.555701927102291],[3.366861745773008,6.558483755021314]]]}},{"type":"Feature","properties":{"state_code":"27","state_name":"OGUN","lga_code":"06","lga_name":"EWEKORO"},"geometry":{"type":"Polygon","coordinates":[[[3.127475118781774,7.061518115168951],[3.111092274289092,7.029268664917026],[3.09162379560172,7.036420599930807],[3.045126348402277,7.010585772815205],[3.056449141214955,6.929702698620702],[3.094514895645943,6.896268058823921],[3.055253155308947,6.856437795867635],[3.058233488784538,6.830445042404847],[3.115308725917032,6.856161276821524],[3.149759290259112,6.836010700133727],[3.246101410951383,6.843603500800953],[3.259506336648144,6.888513338819564],[3.304493816736283,6.90496571259763],[3.313797244847024,6.949528138013193],[3.303882525058555,7.002219199956187],[3.271101335358367,7.018219007001619],[3.289060106838519,7.042085186682073],[3.343006348963854,7.034937954223267],[3.339171922146534,7.059528188874879],[3.311949076888425,7.082717345429216],[3.305925430414334,7.117362187614901],[3.240143775614797,7.066169439368196],[3.210519523757057,7.070375052366842],[3.192565024056648,7.043992781841439],[3.163429015037082,7.065473428855682],[3.127475118781774,7.061518115168951]]]}},{"type":"Feature","properties":{"state_code":"24","state_name":"LAGOS","lga_code":"17","lga_name":"OJO"},"geometry":{"type":"Polygon","coordinates":[[[3.103014903614962,6.499618730320208],[3.10629593530922,6.410761619353309],[3.04766473434006,6.41389438162048],[3.020770953716578,6.397046120881839],[3.201732267829925,6.402062740702945],[3.200987033824617,6.434532690331423],[3.237870032276192,6.458153151846545],[3.241043890862898,6.484684674758],[3.199649774317663,6.531850140171855],[3.103014903614962,6.499618730320208]]]}},{"type":"Feature","properties":{"state_code":"24","state_name":"LAGOS","lga_code":"06","lga_name":"BADAGRY"},"geometry":{"type":"Polygon","coordinates":[[[2.89201007190735,6.511495994744394],[2.858211868582941,6.449129903022651],[2.698830793306513,6.458776587969226],[2.699843440722248,6.375246297278863],[3.10629593530922,6.410761619353309],[3.103014903614962,6.499618730320208],[2.89201007190735,6.511495994744394]]]}},{"type":"Feature","properties":{"state_code":"27","state_name":"OGUN","lga_code":"15","lga_name":"OBAFEMI/OWODE"},"geometry":{"type":"Polygon","coordinates":[[[3.305925430414334,7.117362187614901],[3.345829055566526,7.043927723086028],[3.289060106838519,7.042085186682073],[3.271101335358367,7.018219007001619],[3.308455930197056,6.988680393985021],[3.313797244847024,6.949528138013193],[3.295266000025947,6.914828000112152],[3.344297351841362,6.838795879826023],[3.371931272710128,6.825676252357198],[3.358822009028529,6.757417611933306],[3.378621232284104,6.703162699998643],[3.433366069688418,6.673952376401076],[3.463993728427852,6.826752890133832],[3.521720369699324,6.850330330780196],[3.553929897247031,6.910130582060788],[3.581946574075175,6.898764059713642],[3.596523902755962,6.960133966109709],[3.64621072364605,6.990172453795765],[3.696190835938353,7.063335043377606],[3.722435191830698,7.06204705322898],[3.727434396280387,7.096852302092088],[3.794440031082615,7.139492033630518],[3.762270794961239,7.243215137668528],[3.712171024273403,7.225612443759303],[3.662910759923705,7.175003586646255],[3.628643519682726,7.198433759710269],[3.557536527588752,7.180626565363752],[3.482944202113288,7.192944831239004],[3.396765425084368,7.141160085369677],[3.371845709412014,7.144098060776912],[3.356115412096642,7.120121286967844],[3.325135159759839,7.136306801317858],[3.305925430414334,7.117362187614901]]]}},{"type":"Feature","properties":{"state_code":"27","state_name":"OGUN","lga_code":"14","lga_name":"IPOKIA"},"geometry":{"type":"Polygon","coordinates":[[[2.826723751100303,6.816133868982888],[2.791812797722457,6.861037136554671],[2.740471627163913,6.858171616826723],[2.723979947616556,6.781621451069157],[2.78689384337622,6.750166888191359],[2.779953478370373,6.695159430763169],[2.728180168280176,6.624059195275663],[2.743225095861533,6.563198560565183],[2.701519249114085,6.512342924986058],[2.704643681860489,6.459847241656917],[2.793675320659588,6.462111785830302],[2.831411785625448,6.444949058252462],[2.888786656179263,6.481257193864451],[2.887236213280687,6.567311304173415],[2.826490364438826,6.644493744590704],[2.837576092362838,6.677542136360557],[2.872949166870626,6.684182140393489],[2.865841632285537,6.722844828825828],[2.884150899244673,6.741087787871152],[2.850900324590327,6.777609184216544],[2.806957212805173,6.773527834142271],[2.826723751100303,6.816133868982888]]]}},{"type":"Feature","properties":{"state_code":"07","state_name":"BENUE","lga_code":"17","lga_name":"OHIMINI"},"geometry":{"type":"Polygon","coordinates":[[[7.801155285088385,7.292601656041654],[7.824522054149554,7.279891938662104],[7.843375903774984,7.159417610734181],[7.935037565831067,7.149942910337074],[7.934814103188387,7.113212971101802],[7.952696166994542,7.104682978836479],[8.074839713981646,7.153758342573497],[8.068512125434268,7.196506479290633],[8.104581769832862,7.224688364276631],[8.059572331897641,7.263403089281212],[8.037234672342322,7.316315394340052],[8.04469605597825,7.348208939690835],[8.014477075256877,7.329847467986326],[7.904701059906017,7.357355758961148],[7.867933003805149,7.350075850420183],[7.85463054056703,7.377397550956232],[7.866942623603222,7.396163222954442],[7.850814146056052,7.404034980729818],[7.79218887971308,7.409864057979917],[7.802608319718217,7.36428830705978],[7.76869506882241,7.301886573406705],[7.801155285088385,7.292601656041654]]]}},{"type":"Feature","properties":{"state_code":"23","state_name":"KWARA","lga_code":"08","lga_name":"ILORIN-WEST"},"geometry":{"type":"Polygon","coordinates":[[[4.532912373906981,8.524473396729945],[4.443624199896931,8.490059475264616],[4.453334955244031,8.430446202030623],[4.474515285352197,8.408577816812851],[4.57483909235026,8.408450300141283],[4.598034599017581,8.4267048190722],[4.532912373906981,8.524473396729945]]]}},{"type":"Feature","properties":{"state_code":"23","state_name":"KWARA","lga_code":"01","lga_name":"ASA"},"geometry":{"type":"Polygon","coordinates":[[[4.637989520599945,8.326872826120052],[4.661853769435936,8.358917641935648],[4.617768241910881,8.381310879593457],[4.598034599017581,8.4267048190722],[4.57483909235026,8.408450300141283],[4.491829194361856,8.403371028150502],[4.453334955244031,8.430446202030623],[4.44002753044623,8.482130139294554],[4.470222054104568,8.502731061389397],[4.478637218233075,8.564689635218542],[4.428131719303451,8.583445753718593],[4.394794464393044,8.656154631730942],[4.342456339588466,8.690199850942406],[4.340947851861927,8.71781485816922],[4.301136498050994,8.74659313576467],[4.25787466678247,8.734192900282153],[4.234586174712263,8.804730208732224],[4.194975852653499,8.816330910043519],[4.209143639067747,8.680658339910508],[4.391735076912312,8.304002761618221],[4.480495623174534,8.210510320894628],[4.495437144009031,8.117099761644738],[4.527365324050493,8.076054432765886],[4.594646931111015,8.171096801975864],[4.583060264619576,8.235037802652528],[4.637989520599945,8.326872826120052]]]}},{"type":"Feature","properties":{"state_code":"30","state_name":"OYO","lga_code":"33","lga_name":"SURULERE"},"geometry":{"type":"Polygon","coordinates":[[[4.527365324050493,8.076054432765886],[4.495437144009031,8.117099761644738],[4.480495623174534,8.210510320894628],[4.391735076912312,8.304002761618221],[4.32103872335847,8.268654823161626],[4.279697975281408,8.208174323786068],[4.308260203345753,8.207417662994828],[4.32713126419651,8.145568495289865],[4.317284963929978,8.081191038335817],[4.284803389664773,8.04643535560723],[4.339752395656603,7.942562334584125],[4.366884915706351,7.940209595696331],[4.422485827658875,7.888441086187242],[4.44979238361168,7.938063144198793],[4.549669266223702,7.970847129891183],[4.568998335604761,8.05475616466532],[4.527365324050493,8.076054432765886]]]}},{"type":"Feature","properties":{"state_code":"23","state_name":"KWARA","lga_code":"05","lga_name":"IFELODUN"},"geometry":{"type":"Polygon","coordinates":[[[4.747418879677582,8.20971870435477],[4.798042774354599,8.248137474165162],[4.820214271571444,8.35899448360857],[4.856731891663514,8.36768913274733],[4.997585296923944,8.346387862709719],[5.134526730424341,8.364212036256504],[5.177999973420071,8.292480468598797],[5.175826072815084,8.25205040010593],[5.245818137597041,8.257266997673867],[5.30624628024168,8.300740241568917],[5.347705363811542,8.382704735235393],[5.446378708011025,8.479719162109689],[5.420673847320245,8.53361701980964],[5.413625715654291,8.686187744169104],[5.355652617874057,8.676795898312093],[5.338998795058387,8.709404945182143],[5.274322032935515,8.656336784015423],[5.237008571288584,8.660482406837673],[5.098534106663749,8.729305266624806],[5.051270484745146,8.81719875312001],[4.976099743208636,8.82138182910819],[4.960059642938234,8.852853774981781],[4.877979861581423,8.869885024374412],[4.863602712994862,8.90139395486716],[4.907820701664093,8.993816375925064],[4.890408038999851,9.056834220722749],[4.877555369884476,9.021179198860978],[4.812878608660924,8.974744796834955],[4.781302247001122,8.921640051247437],[4.880776405107042,8.746441841018225],[4.906231495287329,8.7419855752741],[4.974117744438388,8.667163464022678],[4.892808447352024,8.554009306384444],[4.865059645286465,8.572882007598594],[4.854439836329448,8.55400503100742],[4.751759119387884,8.530818236072776],[4.761526729874731,8.439170251805706],[4.783186040703242,8.412892171336694],[4.723855380321595,8.381431344680834],[4.679957311081068,8.415799356655043],[4.668253719233803,8.395915104298695],[4.593637193901429,8.43617475216314],[4.617768241910881,8.381310879593457],[4.661853769435936,8.358917641935648],[4.637989520599945,8.326872826120052],[4.67143569060471,8.3017420431608],[4.691202163249272,8.31528663626932],[4.688286481136231,8.286039917108553],[4.747418879677582,8.20971870435477]]]}},{"type":"Feature","properties":{"state_code":"08","state_name":"BORNO","lga_code":"21","lga_name":"MAIDUGURI M. C."},"geometry":{"type":"Polygon","coordinates":[[[13.09201327829021,11.83498815108237],[13.101868405402627,11.807170852153149],[13.076242029446178,11.78716402489988],[13.103589768952702,11.753502219052223],[13.127463904935325,11.792880534009498],[13.184059059677907,11.806500264575618],[13.180147115796785,11.856895669399648],[13.152094056895237,11.90061006470279],[13.113088632334552,11.884567240385877],[13.083342615869071,11.911495628720331],[13.077342913844461,11.895111604317151],[13.10814641882223,11.862192957738841],[13.09201327829021,11.83498815108237]]]}},{"type":"Feature","properties":{"state_code":"19","state_name":"KANO","lga_code":"31","lga_name":"NASARAWA"},"geometry":{"type":"Polygon","coordinates":[[[8.534488862171315,11.989463861667957],[8.595400343650965,11.961900667082148],[8.601370300598944,11.998277390389319],[8.619986339797777,12.003522028818622],[8.548548437660315,12.053278564254413],[8.534488862171315,11.989463861667957]]]}},{"type":"Feature","properties":{"state_code":"23","state_name":"KWARA","lga_code":"09","lga_name":"IREPODUN"},"geometry":{"type":"Polygon","coordinates":[[[4.799294949002729,8.065057754811562],[4.830049992213446,8.055476187975728],[4.857497213825411,8.072630881909731],[4.854066372165391,8.095502852974334],[4.913153648122432,8.085591315886575],[4.966904640237033,8.046708107393272],[4.97318069043655,8.021380363912726],[5.03971576666936,8.071867942951258],[5.066485403978277,8.054468154981407],[5.090427352440429,8.094465843823684],[5.159190606061657,8.122825389879893],[5.190678331439869,8.164177250879447],[5.132519896875806,8.209287712358105],[5.081054209783986,8.14858341219474],[5.011931894641293,8.150322914171227],[4.925987867646029,8.226712934954037],[4.938187890658696,8.293854963635738],[4.907160759361602,8.369863509993024],[4.820214271571444,8.35899448360857],[4.798042774354599,8.248137474165162],[4.735305009918306,8.203248373613576],[4.785875347269496,8.180083935825053],[4.810516874754001,8.14334753675945],[4.819352617629249,8.081719890960244],[4.799294949002729,8.065057754811562]]]}},{"type":"Feature","properties":{"state_code":"24","state_name":"LAGOS","lga_code":"20","lga_name":"SURULERE"},"geometry":{"type":"Polygon","coordinates":[[[3.365475556851493,6.517268106238134],[3.322288649002019,6.501563548419085],[3.315561577105143,6.459793440614817],[3.363353890669543,6.4738936852454],[3.365475556851493,6.517268106238134]]]}},{"type":"Feature","properties":{"state_code":"22","state_name":"KOGI","lga_code":"04","lga_name":"BASSA"},"geometry":{"type":"Polygon","coordinates":[[[7.44578695280569,8.046949006991156],[7.253840922620554,8.015047072764219],[7.072845458551114,7.942744732383517],[6.966546535194482,7.879061221997858],[6.79904222471896,7.823220729752904],[6.769437789422511,7.800436019906442],[6.744347094642762,7.670625686826043],[6.699304103901341,7.589732170603213],[6.707601921791309,7.484356165704526],[6.754427432679904,7.480201243892338],[6.785072326926411,7.443810463282318],[6.807577132678603,7.444767950780374],[6.799273941339379,7.483502883551296],[6.841094493915818,7.601343632302815],[6.933627982145708,7.633132037013922],[7.01978303415973,7.70376622942797],[7.108322566633205,7.693181413991113],[7.206943038790257,7.785108644048705],[7.302103465602499,7.7819092959773],[7.349126815650095,7.846980095155288],[7.350563049145478,7.900129796053307],[7.44578695280569,8.046949006991156]]]}},{"type":"Feature","properties":{"state_code":"25","state_name":"NASARAWA","lga_code":"09","lga_name":"NASARAWA"},"geometry":{"type":"Polygon","coordinates":[[[7.477623463152327,8.631333351353135],[7.435716040562852,8.586414717065566],[7.466975685279692,8.517130060803709],[7.435621197160572,8.24248204161296],[7.373569122616971,8.122327145681254],[7.320804248817069,8.084794618177114],[7.305553913382425,8.027669527127046],[7.450995444783985,8.048606492595582],[7.583472729083212,8.037686348746035],[7.877028942132029,7.983425139758424],[8.040774344560418,7.896435262377508],[7.987597315963399,7.97501053231025],[7.984466376622038,8.024881502879111],[8.055620444627891,8.129102680244557],[8.02481931655825,8.184487363700896],[8.053743875179748,8.231816267406884],[8.039771551016315,8.24372863686716],[8.056243692792236,8.280133195090912],[8.07429006993084,8.28105164481758],[8.05654509697871,8.309120038958667],[8.071948149887248,8.314084328129297],[8.07225914714195,8.350284145796763],[8.093492979717269,8.343116397104097],[8.09699838506748,8.369285847563845],[8.182335511774511,8.409426563685031],[8.135322508427066,8.492971442278304],[7.783556183071425,8.710610659054737],[7.700063218742628,8.694276432811193],[7.624412041382641,8.750586027623115],[7.553078775365236,8.762289418022249],[7.477623463152327,8.631333351353135]]]}},{"type":"Feature","properties":{"state_code":"29","state_name":"OSUN","lga_code":"14","lga_name":"IFELODUN"},"geometry":{"type":"Polygon","coordinates":[[[4.671853605559477,7.859054704111372],[4.659171459595257,7.909425900085296],[4.69370892542662,7.930341093866446],[4.69155785411175,7.947495731143135],[4.775284989310876,7.96831889010474],[4.761188110842681,8.01614899138292],[4.741450365242201,7.996650051758536],[4.700816227087273,8.006884319555752],[4.682444335837488,7.963409611564373],[4.575949396247665,7.967380568058843],[4.568711283698804,7.937773608365376],[4.623650601294287,7.911163344412842],[4.604034760595766,7.88774186959165],[4.623504117021412,7.855743969608568],[4.664004802080001,7.841098897696043],[4.671853605559477,7.859054704111372]]]}},{"type":"Feature","properties":{"state_code":"07","state_name":"BENUE","lga_code":"14","lga_name":"OBI"},"geometry":{"type":"Polygon","coordinates":[[[8.197483365864684,6.908933838925577],[8.271708946011074,6.920732675272802],[8.26788248988504,6.898583001004738],[8.341991999930883,6.889023999957658],[8.368201999922405,6.912080000191906],[8.43245641343276,7.006127978223674],[8.407530123716299,7.101687700427078],[8.320076947992789,7.130144882280547],[8.256124131123784,7.126036978823549],[8.224439000059874,7.023273999995126],[8.164571182713985,6.986170790849371],[8.197483365864684,6.908933838925577]]]}},{"type":"Feature","properties":{"state_code":"29","state_name":"OSUN","lga_code":"20","lga_name":"IREPODUN"},"geometry":{"type":"Polygon","coordinates":[[[4.522222518554429,7.955598829622318],[4.483343449640529,7.868751413846724],[4.486047067118477,7.827016231214145],[4.535564680565585,7.860060433042577],[4.567635601002223,7.911178357695121],[4.576766779263494,7.964056010976151],[4.553082568405841,7.975284208599419],[4.522222518554429,7.955598829622318]]]}},{"type":"Feature","properties":{"state_code":"31","state_name":"PLATEAU","lga_code":"02","lga_name":"BASSA"},"geometry":{"type":"Polygon","coordinates":[[[8.679643830898101,10.011051521210788],[8.63469241092605,9.8668341083075],[8.635090976967035,9.757601886018278],[8.660360195266833,9.74568654699658],[8.777881591162554,9.803321427741764],[8.783611030724558,9.86919583142253],[8.80853010428092,9.894513685957918],[8.79956531498732,9.917740821781535],[8.844692570405869,9.995023329762887],[8.881471289768285,10.006945857065716],[8.875975368168781,10.018628040551675],[8.938685901133454,10.026567162944275],[8.978166579623974,10.180500031950942],[8.930326461696893,10.21504974385067],[8.954892159245787,10.308810233805275],[8.93571567513834,10.348500251985115],[8.818318428852479,10.380446247596296],[8.799274878932579,10.302921225734053],[8.734277066033826,10.275103278393658],[8.686072779335348,10.211230412153839],[8.672030659687266,10.146223459445139],[8.679643830898101,10.011051521210788]]]}},{"type":"Feature","properties":{"state_code":"25","state_name":"NASARAWA","lga_code":"11","lga_name":"OBI"},"geometry":{"type":"Polygon","coordinates":[[[8.959122658284116,8.28141689277544],[9.009392738084443,8.311333656323256],[9.008576392886255,8.400403975862844],[8.829401969625224,8.404026031376304],[8.706057548916817,8.482006073321656],[8.623173714295547,8.475629807169923],[8.589858074590495,8.41288854796818],[8.566282271609623,8.40255451208111],[8.499649286185672,8.404550862232554],[8.508656501896098,8.260818480688386],[8.530458985693656,8.253204513577487],[8.74451851311892,8.259262059996104],[8.827685356294182,8.289754868092757],[8.890952110051899,8.2730798716388],[8.959122658284116,8.28141689277544]]]}}]}