{"type":"FeatureCollection","features":[{"type":"Feature","properties":{"state_code":"09","state_name":"CROSS RIVER"},"geometry":{"type":"Polygon","coordinates":[[[8.27430268162351,4.854739202652127],[8.396586618177935,4.780645094395652],[8.397083999926679,4.735138000418431],[8.460756518798348,4.754551740970101],[8.481806000246763,4.729583999701845],[8.454201899098393,4.699435066275328],[8.50930600037168,4.694027000345841],[8.545386788269695,4.802529049576037],[8.628282458868455,4.82248051456412],[8.60351459372356,4.882923133595796],[8.815553665569269,5.159721374242054],[8.859998703377528,5.497499467326577],[8.921665191795228,5.595276832260026],[8.8508319857076,5.72249984729018],[8.865276337033379,5.84194374101088],[9.223331450586045,6.150554657271641],[9.363332748207824,6.325833320851132],[9.43499946575281,6.327776908677436],[9.467408519587536,6.401266129328462],[9.471092223627295,6.524884223628078],[9.300264358813138,6.720088958938334],[9.035036086945922,6.647288798839043],[8.969207763627423,6.693666934781277],[8.99475765224389,6.754340173260459],[8.974477768334395,6.788922786857199],[8.848406792039896,6.865565777039023],[8.70374202667324,6.896412848773991],[8.600760460426955,6.855791091585672],[8.641556740051556,6.818769932086752],[8.62074089077953,6.781025886735335],[8.419765472098902,6.757152080803962],[8.361105919102954,6.693262099566311],[8.294514655926662,6.678709030097707],[8.324751854214753,6.589499474820968],[8.39143657673668,6.550374985417307],[8.456825255681053,6.428223609831775],[8.399155617038161,6.353752612792903],[8.418000220733632,6.261117458004321],[8.302002906808752,6.108136176943049],[8.274305343616788,5.999013901270587],[8.214842795858374,6.012228012412891],[8.113847733086459,5.93814992917595],[8.050390608140106,5.950947864652278],[8.04101881806406,5.998460275021728],[7.980422020160177,5.974874020119955],[8.00613307987777,5.903514861721533],[7.932170746582756,5.829515097743638],[7.970076084443804,5.76832675907275],[7.921760082162109,5.759984016449266],[7.886644839687676,5.700051785161804],[7.917696953251834,5.649620055820947],[7.90794277234113,5.535781860344628],[7.987501144262467,5.362585067946554],[7.880370140269804,5.366795539982206],[7.901671886048746,5.33563280081313],[7.840874194888215,5.337450980878089],[7.912880898434764,5.303979873572359],[7.976094245952766,5.208294391972686],[8.016752243121573,5.24695110261132],[8.041580780128925,5.234612912256125],[8.125563622263428,4.981954097703522],[8.229965081323485,4.93053161584146],[8.27430268162351,4.854739202652127]]]}},{"type":"Feature","properties":{"state_code":"37","state_name":"FCT"},"geometry":{"type":"Polygon","coordinates":[[[6.980814908980904,8.443727660703019],[7.124194216689773,8.42278890198628],[7.133418982899798,8.449494384358388],[7.365309516021398,8.487671284202463],[7.496000767421549,8.654301644305463],[7.591669082761996,8.83487510690071],[7.588679313599471,9.129055977351527],[7.667605876709899,9.303650855802402],[7.724080473734944,9.329254915981664],[7.667490758092072,9.40136905793571],[7.378645291946725,9.336468363724066],[7.2197580344058,9.113510132786473],[7.015266895151115,9.268970490395873],[6.788054466240681,9.270166397161574],[6.784563738725637,8.457550048995586],[6.980814908980904,8.443727660703019]]]}},{"type":"Feature","properties":{"state_code":"27","state_name":"OGUN"},"geometry":{"type":"Polygon","coordinates":[[[4.483238448395753,6.326054181755126],[4.571975492674881,6.297284947742185],[4.594931484700282,6.331930879006904],[4.582102298682173,6.378123283362868],[4.473125457773733,6.393202781782975],[4.535164832091368,6.408320426746343],[4.564331054734453,6.498971462163297],[4.605220794604008,6.492155074996788],[4.600756167862926,6.618286609839231],[4.564508437014808,6.633782863088697],[4.496610640568633,6.505059718631173],[4.458051681739789,6.602722168193566],[4.376120088871062,6.663210390946858],[4.421871776861053,6.762031765353754],[4.546685124119222,6.841302612325762],[4.561608789813874,6.988337516663137],[4.609585762073323,7.031077861654069],[4.390379905608199,6.980854988167209],[4.36855030095569,7.05911207076548],[4.298218000160603,7.090554000866518],[4.197892666113717,7.049162387134515],[4.168871879133974,7.174137114136556],[3.938920974123732,7.083908081093114],[3.731213093009899,7.080647467606582],[3.794440031082615,7.139492033630518],[3.762294529868711,7.300916194127126],[3.714346646180843,7.30479431090879],[3.707092998742951,7.447305200874382],[3.540519713214223,7.439661023737301],[3.474449634143355,7.388873574755735],[3.445929525827012,7.49379348578077],[3.393082855989064,7.455832003244382],[3.319375990409696,7.314007278912868],[3.249144314758382,7.367492196707587],[3.155272959979186,7.378180024088863],[2.973182674740713,7.606241922926472],[3.028440069054,7.805446266232252],[2.98718139310688,7.855067406935348],[2.96119611301026,7.744200432104321],[2.920243916123866,7.707824807768702],[2.880924624571833,7.857462932868089],[2.930842990311817,7.927809247798621],[2.793881230334534,7.942278475271451],[2.712468227926422,7.851968501445242],[2.743055340731416,7.796388621038091],[2.716640441902939,7.598554369688486],[2.749722001569182,7.094165796914069],[2.703114302882796,6.964329984241431],[2.75067770571161,6.868445909850891],[2.723979947616556,6.781621451069157],[2.78689384337622,6.750166888191359],[2.728180168280176,6.624059195275663],[2.743225095861533,6.563198560565183],[2.701519249114085,6.512342924986058],[2.704643681860489,6.459847241656917],[2.858211868582941,6.449129903022651],[2.88553154294641,6.511425637183436],[3.160445337882095,6.508068376254585],[3.201396128228794,6.532600029967455],[3.193281587675187,6.577774588826287],[3.263052932746689,6.700208927100334],[3.392538762553897,6.638496015678641],[3.452062009154474,6.640944811154156],[3.443198472731353,6.68590903567349],[3.978807413231607,6.691934445718118],[4.091332317032879,6.679688255108942],[4.054489672060754,6.615224574754393],[4.109519558580814,6.554182759926505],[4.177784630956012,6.604107106158096],[4.222408089761586,6.595729662294104],[4.232702014986046,6.54692713937601],[4.1693195580512,6.487503161741586],[4.260086784077885,6.444175170048084],[4.353724428439648,6.451056359663312],[4.359663678935704,6.367825533321763],[4.483238448395753,6.326054181755126]]]}},{"type":"Feature","properties":{"state_code":"30","state_name":"OYO"},"geometry":{"type":"Polygon","coordinates":[[[4.088356017915942,7.13344621617],[4.072618008014729,7.167474270021614],[4.125375748392116,7.257791517564556],[4.110903143964947,7.326942646086309],[4.155370159405379,7.509179003708084],[4.138718604679923,7.598668574595081],[4.052928923830791,7.674966810569913],[4.090156254707438,7.860070779742728],[4.197049617346011,7.865252017766466],[4.191331386933996,7.910234449959944],[4.276341437407439,7.971228599820051],[4.371104130051606,7.848700920910801],[4.44979238361168,7.938063144198793],[4.549669266223702,7.970847129891183],[4.568998335604761,8.05475616466532],[4.505629061831769,8.091958999808071],[4.480495623174534,8.210510320894628],[4.391735076912312,8.304002761618221],[4.190364361226329,8.753309249422387],[4.221106528843279,8.860906599559996],[4.334852218255321,8.98080062914579],[4.210460186288628,8.970032691055906],[4.012060165144533,9.034599303315247],[3.921370743964701,9.172939300408416],[3.862960575670058,9.188310621637925],[3.7707343102403,9.146808623319373],[3.743066311361247,9.04689693424615],[3.691454540194911,8.996621755289823],[3.595700863903801,8.999334614201132],[3.599984013751282,8.956908512118162],[3.237358330622499,8.782514568292754],[3.163577315940415,8.808645245381797],[2.920714375767886,8.611895555735373],[2.802357195827994,8.610358232146723],[2.756388662406891,8.575206047321274],[2.709166525314913,8.338888161659384],[2.753611084683882,8.206943507137169],[2.692612538038247,7.90633333391628],[2.712468227926422,7.851968501445242],[2.801683090102586,7.948571153935632],[2.930842990311817,7.927809247798621],[2.888140203707508,7.890010398660991],[2.886081747274886,7.768965791737969],[2.917225657338236,7.75795742259703],[2.923451404858497,7.709105069143675],[2.96119611301026,7.744200432104321],[2.98718139310688,7.855067406935348],[3.011460937172558,7.830410706089253],[3.02985003874835,7.755709070717103],[2.973182674740713,7.606241922926472],[3.155272959979186,7.378180024088863],[3.249144314758382,7.367492196707587],[3.319375990409696,7.314007278912868],[3.393082855989064,7.455832003244382],[3.445929525827012,7.49379348578077],[3.474449634143355,7.388873574755735],[3.540519713214223,7.439661023737301],[3.707092998742951,7.447305200874382],[3.714346646180843,7.30479431090879],[3.762294529868711,7.300916194127126],[3.794440031082615,7.139492033630518],[3.72760057300809,7.083577632401841],[3.938920974123732,7.083908081093114],[3.997550963706033,7.126167295983976],[4.088356017915942,7.13344621617]]]}},{"type":"Feature","properties":{"state_code":"33","state_name":"SOKOTO"},"geometry":{"type":"Polygon","coordinates":[[[4.126404704113838,13.249674072800246],[4.300238917991692,13.25961456895726],[4.623046776687431,13.07011233311772],[4.702156003796574,13.073203390224307],[4.731627658689547,13.052771055040182],[4.646215274015731,12.948615238602429],[4.806835267033989,12.819476618151441],[4.730348161738334,12.701841414849468],[4.811936707313237,12.503556599557498],[4.757453541148038,12.44959761403868],[4.75387713881895,12.363726621886144],[4.709199998581141,12.364899998835938],[4.629810477971205,12.43293946278601],[4.587833946979117,12.395935515411736],[4.549203694395032,12.250755803637503],[4.521122757409387,12.251402331652343],[4.562149196927919,12.22998702937798],[4.552319659125033,12.097726129157593],[4.588181817337045,12.03882752467058],[4.548973482340386,11.79550353176262],[4.43643449335724,11.710825178239418],[4.393904474611873,11.75745593734166],[4.368773788779379,11.746984187370401],[4.427280380585159,11.67056132334642],[4.41923090058566,11.614177970636888],[4.496795957567429,11.552430962319079],[4.482785916736702,11.531998347445835],[4.569935376116746,11.573654653239714],[4.546163707988796,11.634397927322539],[4.666810559160012,11.667562122993616],[4.661502217253599,11.693896467747834],[4.721083571749489,11.694750074556339],[4.815210015629759,11.766086852426326],[4.849829730757506,11.735107461640098],[4.889452520117743,11.75015946328864],[4.89387336336506,11.709247922054033],[4.943073067368232,11.72684202384039],[4.919599999340562,11.789900000884359],[4.968217072160201,11.875682862174415],[4.866699639077126,11.932737119022875],[4.861730543030205,12.159646444028226],[4.875030323590636,12.229728729697172],[4.950399998760986,12.23129999999503],[4.952949494923303,12.314414079046571],[5.11670000100429,12.283399998711047],[5.311578238345078,12.35577355010929],[5.384537242999386,12.32426108528091],[5.422277869128379,12.353262235563761],[5.475761024251938,12.252433949367344],[5.541099998566153,12.272842643173476],[5.566670184881161,12.351511994782754],[5.750572373816055,12.323924794593665],[5.772623778264801,12.383487566398117],[5.717236595592453,12.486925722044475],[5.723075590566111,12.620634885991251],[5.677433761059262,12.63192389756989],[5.686345871664685,12.713864632047205],[5.588209408337548,12.804081079078571],[5.6346804001804,12.882928361554718],[5.733987466948065,12.826781768863611],[5.883320047382313,12.820349435378205],[5.961673507626301,12.754693031857983],[6.024413255967033,12.748793268794373],[6.005788094045329,12.919101791314688],[6.048729423124428,12.948325019284255],[6.046889104448667,13.031196431570095],[6.261105669690949,13.13579691059897],[6.300037315669613,13.18245069324496],[6.359030961409815,13.137130268846875],[6.448754913608411,13.1583701358731],[6.452365363370859,13.11693458036666],[6.50871287989554,13.131519960677679],[6.525432793888399,13.058042298113605],[6.58126297001013,13.022535604134873],[6.687695734070928,13.132893988966487],[6.792771964354699,13.132260001997565],[6.73537079042967,13.281849305601042],[6.462026699172895,13.59001714027886],[6.296361289142226,13.679041032317855],[6.155662935995736,13.644746247641251],[5.530000892327394,13.885713987110876],[5.350397653429013,13.834135462081974],[5.247521939186186,13.742921164180416],[4.950179262862719,13.734384195873986],[4.873527551055702,13.78142202590584],[4.708388808296888,13.758525131030012],[4.394354468384051,13.653460349115846],[4.232408444793919,13.499422486058961],[4.126472938375457,13.468159089370545],[4.126404704113838,13.249674072800246]]]}},{"type":"Feature","properties":{"state_code":"36","state_name":"ZAMFARA"},"geometry":{"type":"Polygon","coordinates":[[[4.941011066707404,11.730830321062513],[5.007116690582848,11.7497384213911],[5.062846882777478,11.708116977816303],[5.177447729429218,11.74413263321452],[5.17788648617244,11.792395444194426],[5.237968523828386,11.755887054743823],[5.309547473836915,11.793685887693584],[5.296153065711451,11.755298951185694],[5.327990740680207,11.772153914571561],[5.349867734208601,11.709346592071597],[5.440152410105668,11.708834958766374],[5.49722284395915,11.655896177666534],[5.564082545772919,11.68435968175396],[5.669687793257083,11.66144479683993],[5.780325804292488,11.683898112807697],[5.828838815658855,11.624814756096157],[5.835453048719273,11.435351531947674],[6.009543367032791,11.462646689892892],[6.079570357885757,11.388411993318869],[6.204431513103884,11.383673602155056],[6.135723549802037,11.29537450702793],[6.105919500984214,11.183345423752371],[6.046835324090978,11.162614907551983],[6.059071077168539,11.229763896086979],[6.025346173986804,11.171727790904868],[6.046399999160656,11.054400001059264],[6.119951564413213,11.059721368746239],[6.280232282793691,10.963637651156716],[6.328605429796824,11.027146694864143],[6.437006005822582,11.007609595206702],[6.510769296665785,11.043658428393826],[6.577289365911554,11.021567448379074],[6.675308484798791,11.056373119923592],[6.715999997901633,11.106221807090776],[6.68498395434608,11.151544340399028],[6.703353393144653,11.239022843729288],[6.764295775329799,11.267264479672065],[6.773998257813389,11.322402870296287],[6.835676843911244,11.310018462881828],[6.832882401201914,11.35196799172951],[6.889442272842643,11.383641353365817],[6.904012680340998,11.553189277862941],[6.852000002198395,11.620700001603836],[6.901247051010671,11.797558506020266],[7.01733764801412,11.81558492000812],[7.060018306799464,11.789875414318942],[7.141816020293163,11.849309142403058],[7.140817764728126,11.911340510056561],[7.199764885840864,11.90051449734625],[7.246568182575629,11.932563021066642],[7.117235417380641,12.093964401735775],[7.150427942595513,12.231585999694175],[7.093265967650325,12.28256746211872],[7.044474471319859,12.65885700914373],[6.988991772552311,12.673441929001854],[7.06071415723261,12.739841594314157],[7.051266663126057,12.995474501047454],[6.933332443337633,12.997220992554787],[6.792771964354699,13.132260001997565],[6.687695734070928,13.132893988966487],[6.560280015010733,13.02774738313525],[6.50871287989554,13.131519960677679],[6.452365363370859,13.11693458036666],[6.448754913608411,13.1583701358731],[6.359030961409815,13.137130268846875],[6.300037315669613,13.18245069324496],[6.261105669690949,13.13579691059897],[6.046889104448667,13.031196431570095],[6.048729423124428,12.948325019284255],[6.005788094045329,12.919101791314688],[6.024413255967033,12.748793268794373],[5.961673507626301,12.754693031857983],[5.883320047382313,12.820349435378205],[5.733987466948065,12.826781768863611],[5.6346804001804,12.882928361554718],[5.588209408337548,12.804081079078571],[5.686345871664685,12.713864632047205],[5.677433761059262,12.63192389756989],[5.723075590566111,12.620634885991251],[5.717236595592453,12.486925722044475],[5.772623778264801,12.383487566398117],[5.755110099251738,12.331008721974968],[5.566670184881161,12.351511994782754],[5.541099998566153,12.272842643173476],[5.475761024251938,12.252433949367344],[5.422277869128379,12.353262235563761],[5.384537242999386,12.32426108528091],[5.311578238345078,12.35577355010929],[5.11670000100429,12.283399998711047],[4.952949494923303,12.314414079046571],[4.950399998760986,12.23129999999503],[4.875030323590636,12.229728729697172],[4.861730543030205,12.159646444028226],[4.866699639077126,11.932737119022875],[4.968217072160201,11.875682862174415],[4.919599999340562,11.789900000884359],[4.941011066707404,11.730830321062513]]]}},{"type":"Feature","properties":{"state_code":"24","state_name":"LAGOS"},"geometry":{"type":"Polygon","coordinates":[[[2.704643681860489,6.459847241656917],[2.705958595013215,6.374991327787598],[3.860232531706004,6.435687965727084],[4.359663678935704,6.367825533321763],[4.3686295177381,6.438459141176452],[4.173446655738644,6.48443061897791],[4.163622323211712,6.506966422562414],[4.232702014986046,6.54692713937601],[4.222408089761586,6.595729662294104],[4.177784630956012,6.604107106158096],[4.109519558580814,6.554182759926505],[4.054489672060754,6.615224574754393],[4.091332317032879,6.679688255108942],[3.978807413231607,6.691934445718118],[3.443198472731353,6.68590903567349],[3.452062009154474,6.640944811154156],[3.392538762553897,6.638496015678641],[3.263052932746689,6.700208927100334],[3.193281587675187,6.577774588826287],[3.201396128228794,6.532600029967455],[3.160445337882095,6.508068376254585],[2.88553154294641,6.511425637183436],[2.858211868582941,6.449129903022651],[2.704643681860489,6.459847241656917]]]}},{"type":"Feature","properties":{"state_code":"03","state_name":"AKWA IBOM"},"geometry":{"type":"Polygon","coordinates":[[[7.880370140269804,5.366795539982206],[7.865297794157925,5.418447971296871],[7.792839049982206,5.439794064444584],[7.757159232912329,5.510495186203912],[7.695939063636899,5.518277644897466],[7.700029850297426,5.431540966242665],[7.656886100912857,5.445621013898744],[7.621983999561962,5.388088000261064],[7.665349007350869,5.344111919329634],[7.535016060243038,5.303812980984333],[7.54690694759762,5.088057040799868],[7.460275173060836,4.977698802557768],[7.49141883940797,4.959482192749022],[7.48071479814945,4.882636069998682],[7.54225845896076,4.730119211432509],[7.527673825086993,4.549969406862658],[7.605823405425895,4.470260292378612],[8.02694612596298,4.542922833721832],[8.29164459372305,4.536641376798173],[8.34399785861433,4.606810482118078],[8.3021594221197,4.817186094162992],[8.229965081323485,4.93053161584146],[8.125563622263428,4.981954097703522],[8.041580780128925,5.234612912256125],[8.016752243121573,5.24695110261132],[7.976094245952766,5.208294391972686],[7.912880898434764,5.303979873572359],[7.842617035148123,5.335155964076534],[7.901671886048746,5.33563280081313],[7.880370140269804,5.366795539982206]]]}},{"type":"Feature","properties":{"state_code":"06","state_name":"BAYELSA"},"geometry":{"type":"Polygon","coordinates":[[[5.448385217803605,5.133690560570983],[5.375165237086094,5.126203191024501],[5.54179731939081,4.730483433263885],[5.700087545803626,4.517220569373819],[5.843041145932204,4.402372692445851],[6.087868400606226,4.270203986225056],[6.220457301563272,4.279085286956501],[6.241940398330769,4.400509949174875],[6.240843268602021,4.360469467891676],[6.281947218889115,4.375349252066371],[6.23922523625572,4.29262310277403],[6.549243264165341,4.325280383882671],[6.512575149723432,4.431702136644333],[6.566337109070389,4.553831576865832],[6.511964797837209,4.643144130597193],[6.607241153556458,4.746353148878768],[6.537438869108598,4.755611896871585],[6.461060046683883,4.713280201120426],[6.398394108401419,4.864480018737936],[6.44064092613786,4.943194866150179],[6.411561012330878,5.004581928013636],[6.493334769683941,5.163454056259752],[6.558826447082936,5.198422908890166],[6.530881882393032,5.284537791785738],[6.561977863087975,5.379249096268836],[6.485476971185335,5.379205227339412],[6.490166664060325,5.324021339113585],[6.306432247250484,5.302983761091753],[6.290450095695405,5.234077454111286],[6.213285445666827,5.238669395176487],[6.190907000957395,5.158570766327841],[6.129725933305224,5.129266738769047],[6.08579254229204,5.1508026122508],[6.05496597330108,5.09716796992592],[5.93320083495064,5.164695262776206],[5.867738723663194,5.068109512144304],[5.791336535952439,5.085837363803364],[5.647893429438284,5.011776447724912],[5.467934542844944,5.093236976605226],[5.448385217803605,5.133690560570983]]]}},{"type":"Feature","properties":{"state_code":"28","state_name":"ONDO"},"geometry":{"type":"Polygon","coordinates":[[[4.483238448395753,6.326054181755126],[4.985486394581471,5.89596496591048],[5.137675762326637,6.173091888080194],[5.015618801166795,6.292353152875762],[5.02924537737232,6.363563060686772],[5.103693484866483,6.402212143275847],[5.153385162095617,6.498033046587864],[5.164249896915237,6.554492473848654],[5.114416598946946,6.621132374159799],[5.117775918423945,6.683939455641394],[5.254822253344344,6.882708581036241],[5.555240153310478,6.883038998251209],[5.576634883593044,6.704025745192041],[5.629253387334018,6.745868206152863],[5.702557562581489,6.736117364424899],[5.770835399933787,6.796514034395216],[5.792581080752313,7.021655082715938],[5.893875121339818,7.182878969588842],[5.919308186223873,7.337144852153244],[5.986694813414942,7.355247973814983],[5.986714840417619,7.450263977600514],[5.948815822991889,7.496039867246111],[6.004090308920695,7.535572052608188],[5.937628268429876,7.648777007552894],[5.930603979590046,7.744768144434374],[5.773028373360773,7.747318744964161],[5.716454983111021,7.700992584440257],[5.624599456899489,7.582407951565756],[5.588349341948629,7.431698798660705],[5.473170279784654,7.301790237129808],[5.358230114428295,7.295613290421045],[5.314757823814546,7.443110466075211],[5.06524228999973,7.460195065050243],[4.989670277261553,7.377597331751531],[4.754682872016986,7.361068429264662],[4.746673106978335,7.222973347242203],[4.708982467866633,7.164592743260528],[4.671884535942638,7.166234015887198],[4.564349174275037,6.995739937148414],[4.546685124119222,6.841302612325762],[4.389735221203523,6.715917110086593],[4.377055167961657,6.645117283236061],[4.454317092260055,6.607318399924281],[4.496610640568633,6.505059718631173],[4.564508437014808,6.633782863088697],[4.600756167862926,6.618286609839231],[4.605220794604008,6.492155074996788],[4.564331054734453,6.498971462163297],[4.535164832091368,6.408320426746343],[4.473125457773733,6.393202781782975],[4.582102298682173,6.378123283362868],[4.594931484700282,6.331930879006904],[4.571975492674881,6.297284947742185],[4.483238448395753,6.326054181755126]]]}},{"type":"Feature","properties":{"state_code":"10","state_name":"DELTA"},"geometry":{"type":"Polygon","coordinates":[[[6.485476971185335,5.379205227339412],[6.483125209860589,5.420644283007277],[6.534836768901812,5.4589743607782],[6.530831336896711,5.531958579724744],[6.584760188831694,5.561688422782538],[6.617601394788608,5.631519318261951],[6.600627332385557,5.706621920865018],[6.643630027603763,5.747325420132086],[6.724527836290633,6.012269973880223],[6.704537202230142,6.081095483070158],[6.769402026981993,6.167984008655139],[6.668920994208577,6.50123405570713],[6.523318768346542,6.487541198567499],[6.412735939711922,6.396037102230537],[6.281655788184139,6.357406139182046],[6.212637901418077,6.279160976198114],[6.11304283126168,6.349068164764049],[6.07663202274972,6.27872276264543],[6.134387016047981,6.135653018671917],[6.25663995656879,6.016697884000223],[6.201406002185308,5.896959781568739],[6.03978013994157,5.76461076667357],[5.924606800163758,5.748332024103661],[5.894185114951142,5.798591687056785],[5.921317100803606,5.877292156108183],[5.812038897976834,5.983871936840444],[5.668930054178702,6.052030087018977],[5.546327591245415,5.985361575676222],[5.497275351776125,6.042482852701539],[5.442778489835462,6.041352430969937],[5.428089602952866,6.00704731937833],[5.334343908644541,6.021393299261376],[5.32695054972811,5.98268556738509],[5.358699322216012,5.969638347931436],[5.275984516072583,5.906816275650669],[5.248584974716834,5.984231742101258],[5.270169735345064,6.054296017047591],[5.234040821127053,6.064757327688596],[5.222382314092556,6.147946124214286],[5.145542144854176,6.141641616767231],[5.134438283899726,6.169372793020045],[4.97678403015891,5.887738748444519],[5.170141575073671,5.593835492414087],[5.247196434068201,5.622020884756068],[5.373530942299169,5.598523707703009],[5.444999694780165,5.654443739586952],[5.503610610641203,5.616388321064221],[5.510555267211885,5.596110344616761],[5.417851885356299,5.639915977040744],[5.387273630873437,5.585654357062992],[5.207448046290381,5.598810788387198],[5.157122445944196,5.537135159260231],[5.239800752202996,5.440225939575498],[5.43104945526818,5.385542119373383],[5.47229741759179,5.399435055883146],[5.5243327649452,5.513388137952234],[5.599956110985772,5.516716965015974],[5.519514356602315,5.501133913699221],[5.526882133403774,5.407116060258033],[5.467054626369986,5.37167706544426],[5.32003422629856,5.354806976360919],[5.372635031381662,5.145608756738795],[5.443864242241034,5.146742253252455],[5.467934542844944,5.093236976605226],[5.647893429438284,5.011776447724912],[5.791336535952439,5.085837363803364],[5.867738723663194,5.068109512144304],[5.93320083495064,5.164695262776206],[6.027214527228693,5.095670701241943],[6.08579254229204,5.1508026122508],[6.143735886002389,5.134776115125646],[6.200734137570464,5.169549941676507],[6.202086925671153,5.231778144845578],[6.290450095695405,5.234077454111286],[6.306432247250484,5.302983761091753],[6.493532180765555,5.326040745184287],[6.485476971185335,5.379205227339412]]]}},{"type":"Feature","properties":{"state_code":"32","state_name":"RIVERS"},"geometry":{"type":"Polygon","coordinates":[[[7.495132284027761,4.828270242877466],[7.416359900688917,4.866746902047964],[7.218010078802138,4.857304672572639],[7.147241115784936,4.890325069346545],[7.15962600703466,4.935448169897199],[7.241197109359177,4.994009017802],[7.281322001908904,5.201615810621206],[7.039992332080487,5.249618052930828],[6.903954983435767,5.219525813665427],[6.827092647707559,5.252425670708192],[6.755795002037758,5.323452949594014],[6.741359711381619,5.494053840812171],[6.639080048005837,5.493445873028691],[6.668868064609569,5.689925194092496],[6.601873333187825,5.687458521893291],[6.617601394788608,5.631519318261951],[6.584760188831694,5.561688422782538],[6.530831336896711,5.531958579724744],[6.524530411449405,5.438663960173699],[6.476556778372696,5.404050827183994],[6.485476971185335,5.379205227339412],[6.569632053276678,5.372142791956321],[6.530881882393032,5.284537791785738],[6.558826447082936,5.198422908890166],[6.493334769683941,5.163454056259752],[6.411561012330878,5.004581928013636],[6.44064092613786,4.943194866150179],[6.398394108401419,4.864480018737936],[6.461060046683883,4.713280201120426],[6.537438869108598,4.755611896871585],[6.607241153556458,4.746353148878768],[6.511964797837209,4.643144130597193],[6.566337109070389,4.553831576865832],[6.512575149723432,4.431702136644333],[6.549243264165341,4.325280383882671],[6.640951640605806,4.311949642362151],[6.706372928967539,4.338723196218552],[6.681656287407804,4.409390798446623],[6.724456046109708,4.612705196387765],[6.697141399855752,4.49605853327472],[6.716943741060845,4.34999942843092],[6.875197479280303,4.357069429810394],[6.858177814054898,4.398239956908526],[7.019443512208397,4.37555503943355],[6.975576589188279,4.503307866664784],[6.983824241995194,4.617081009680874],[7.024137982282127,4.441202241090593],[7.158905853322494,4.463628911944795],[7.176110268074467,4.584444046055921],[7.083538115291844,4.684146329789314],[7.085702707014377,4.723166614747527],[7.216747768794562,4.54484232331464],[7.137316659935948,4.374508025325156],[7.308054924395321,4.408888816665581],[7.33342266612317,4.443715811135803],[7.587081569958514,4.453168460156348],[7.589435099350396,4.489530197160946],[7.521420911745736,4.550237687219521],[7.54225845896076,4.730119211432509],[7.495132284027761,4.828270242877466]]]}},{"type":"Feature","properties":{"state_code":"23","state_name":"KWARA"},"geometry":{"type":"Polygon","coordinates":[[[4.568998335604761,8.05475616466532],[4.621718406978971,8.075679778798815],[4.665557383566465,8.043276787293962],[4.818613528691458,8.05356979431059],[4.854066372165391,8.095502852974334],[4.926877498597719,8.07987308457524],[4.97318069043655,8.021380363912726],[5.03971576666936,8.071867942951258],[5.075738429584931,8.024984360140138],[5.142349719763786,8.061864853080579],[5.195789336908433,8.018210411081668],[5.332399368436143,8.009554862666846],[5.371161938272905,8.096487999121905],[5.497963905110169,8.11066436776639],[5.536654949166632,8.15640926407633],[5.537089825335215,8.205533981707958],[5.422319889051664,8.22813987665404],[5.418407439751604,8.283785820359356],[5.356675147939768,8.274656296850651],[5.321502686100132,8.341078758178185],[5.49624919924122,8.529026031126477],[5.782739640422108,8.427947043621202],[6.077967643691863,8.3978557594358],[6.208536148424571,8.732375145596563],[6.149538039349068,8.72073555040538],[6.084474086709804,8.760587692068384],[5.795752048018642,8.74188137082865],[5.728248118655813,8.819958687043822],[5.642038344693901,8.835411073162561],[5.52541780508767,8.940100669610274],[5.208971977175054,9.035068512002283],[5.159452914920109,9.10697269373486],[5.016323089039361,9.20533180222094],[4.785332679259795,9.135293961047523],[4.737516879900113,9.268896102972803],[4.639310360284924,9.308178900935559],[4.350583553388333,9.588395119339339],[4.152861117446662,9.862063407200537],[4.118815898235141,9.85551643263733],[4.114887714396559,9.881705284171574],[4.083461759852355,9.851588247899372],[4.021918772633285,9.856825828449246],[4.002277849842926,9.906583784813847],[3.936151980429599,9.91607761289157],[3.970524071728562,9.948813437190438],[3.934515236788798,9.966817854660292],[3.949246166977048,9.99136924579409],[3.887048720622033,9.988095281871836],[3.903416395350405,10.019194601749518],[3.818045616012398,10.066830633826726],[3.775092125401329,10.033341406980412],[3.684285566625647,10.15666566039198],[3.60944414063465,9.94805526463881],[3.525277614670244,9.844165800411417],[3.366577676918325,9.837271317917043],[3.341165032939955,9.80786118024929],[3.352777480296538,9.703054424622053],[3.141666411675601,9.44111060726874],[3.166388509422234,9.302776332561734],[3.094999789408803,9.090555186672589],[2.794722077561858,9.056943886751014],[2.742957589820946,8.770763390618015],[2.756388662406891,8.575206047321274],[2.802357195827994,8.610358232146723],[2.920714375767886,8.611895555735373],[3.163577315940415,8.808645245381797],[3.237358330622499,8.782514568292754],[3.599984013751282,8.956908512118162],[3.595700863903801,8.999334614201132],[3.691454540194911,8.996621755289823],[3.743066311361247,9.04689693424615],[3.7707343102403,9.146808623319373],[3.826070068778677,9.182162284162132],[3.921370743964701,9.172939300408416],[4.012060165144533,9.034599303315247],[4.210460186288628,8.970032691055906],[4.334852218255321,8.98080062914579],[4.221106528843279,8.860906599559996],[4.190364361226329,8.753309249422387],[4.391735076912312,8.304002761618221],[4.480495623174534,8.210510320894628],[4.505629061831769,8.091958999808071],[4.568998335604761,8.05475616466532]]]}},{"type":"Feature","properties":{"state_code":"22","state_name":"KOGI"},"geometry":{"type":"Polygon","coordinates":[[[6.827889919184486,8.457550048995586],[6.836731433908597,8.391315459640794],[6.751241206616442,8.304905891393844],[6.761353016428586,8.272732735127647],[6.719986915563766,8.274571418835933],[6.691258429832715,8.183006287310377],[6.608298302124979,8.314098357553235],[6.452945709377047,8.448308945701342],[6.358722687302247,8.684555053772783],[6.246574879127422,8.738791465753593],[6.208536148424571,8.732375145596563],[6.16987037711624,8.662991524339418],[6.11131286569622,8.431200981440213],[6.077967643691863,8.3978557594358],[5.704662323307616,8.445839882204837],[5.513207436274229,8.538522719947593],[5.321502686100132,8.341078758178185],[5.356675147939768,8.274656296850651],[5.418407439751604,8.283785820359356],[5.422319889051664,8.22813987665404],[5.537089825335215,8.205533981707958],[5.497963905110169,8.114674567976977],[5.505934715115075,8.018686295436225],[5.576571940942358,8.071229935113479],[5.659736156298607,8.06983757144684],[5.639902114890731,8.053831100424986],[5.668087482051703,8.002331734621919],[5.645469665692588,7.963011741598621],[5.59884166840834,7.958487988030299],[5.623199463384594,7.842963219277181],[5.728981495099958,7.828348637080012],[5.816439152145222,7.727849007225927],[5.92873907075159,7.746604443140598],[5.937628268429876,7.648777007552894],[6.004125594720449,7.529235839562375],[6.043387889939197,7.577459812420443],[6.118761062573014,7.59141683641792],[6.166984081250405,7.54524647714328],[6.110102176774092,7.494141101630589],[6.112411976631449,7.448655128231621],[6.182785033802304,7.429427147145191],[6.295480889731323,7.499175627852992],[6.379771711895046,7.398233711416708],[6.428203108886407,7.415325460901329],[6.435657977833444,7.359745025612483],[6.497326851253206,7.33301019656335],[6.511441232327059,7.26702499370856],[6.637670039640682,7.294242953849277],[6.715768813679858,7.135699272403542],[6.672980309094044,6.93566131601699],[6.610790253367554,6.822104931197657],[6.661695818407338,6.557928405671419],[6.808122635351367,6.580162525380274],[6.800278187288541,6.693467139596862],[6.896804810193885,6.792390822678385],[6.944765314967356,6.798650740839093],[6.963210582802219,6.844488620753282],[6.986843108722553,6.844488620753282],[6.990782260692811,6.785407066283142],[7.081373691742556,6.800374508277002],[7.210115060961357,6.903500398624544],[7.24128818460207,6.971317291160119],[7.384659289594595,7.05166816815148],[7.394412447976151,7.092895961379554],[7.470391429121207,7.093908550339393],[7.530513762700025,7.032278060883868],[7.607784271027356,7.017608643424182],[7.601947784262904,7.09056615790189],[7.643081219722546,7.158281663567948],[7.797056197685436,7.233145237163001],[7.801155285088385,7.292601656041654],[7.76869506882241,7.301886573406705],[7.799378785003,7.401134003431537],[7.76412105574218,7.433673383419944],[7.72425571113223,7.620496190846552],[7.754673958236651,7.647728443912627],[7.752635479343951,7.744198798935486],[7.663638114607352,7.905889033751976],[7.677225590088938,8.0166263578202],[7.505344868271095,8.047198296364343],[7.305553913382425,8.027669527127046],[6.963587761166309,7.879294872160642],[7.002655506046835,8.167018890009842],[6.934631347658637,8.31042194431734],[6.980814908980904,8.443727660703019],[6.827889919184486,8.457550048995586]]]}},{"type":"Feature","properties":{"state_code":"07","state_name":"BENUE"},"geometry":{"type":"Polygon","coordinates":[[[9.467408519587536,6.401266129328462],[9.59801375982721,6.499882084190858],[9.645699501031174,6.894820213282287],[9.737985610947248,7.078073026049367],[9.824008941959164,7.172336103028783],[9.882676124803368,7.414256095942108],[9.870810509297598,7.540160178749318],[9.643062591665341,7.7998781200792],[9.56132412011209,7.838776200661187],[9.386640548722369,7.844702721253611],[9.130218505779453,7.788012981214138],[9.124285698026597,7.826904773736373],[9.183191299239127,7.895742893220017],[9.062466620738007,8.074473382340784],[8.780536652444596,8.075201987881485],[8.52442455275093,8.157265663279759],[8.390913337680445,8.078293828297603],[8.339716166567882,7.960989481979084],[8.39110648507625,7.890456929144023],[8.403155326657043,7.766182899021601],[8.072406769057181,7.877362251566694],[7.877028942132029,7.983425139758424],[7.676837921133199,8.014471054295768],[7.663638114607352,7.905889033751976],[7.752635479343951,7.744198798935486],[7.754673958236651,7.647728443912627],[7.72425571113223,7.620496190846552],[7.76412105574218,7.433673383419944],[7.799378785003,7.401134003431537],[7.76869506882241,7.301886573406705],[7.801155285088385,7.292601656041654],[7.797056197685436,7.233145237163001],[7.643081219722546,7.158281663567948],[7.601947784262904,7.09056615790189],[7.607784271027356,7.017608643424182],[7.530513762700025,7.032278060883868],[7.57135725043679,6.939806938839183],[7.674552917383267,6.855517387417535],[7.818617992326551,6.891946633830116],[7.888034344409505,6.853941917285681],[7.903395652587335,6.781468390953535],[7.811020853329751,6.645724790566703],[7.85583353039317,6.580799103296044],[7.950778277295683,6.543111689153193],[7.988428592605487,6.618034840135806],[7.984430910957826,6.720462039991219],[8.127608299283622,6.711577892006176],[8.229325293727356,6.800125599317028],[8.278820991595524,6.697955131624099],[8.321065902769249,6.678613185749953],[8.419765472098902,6.757152080803962],[8.62074089077953,6.781025886735335],[8.641556740051556,6.818769932086752],[8.600760460426955,6.855791091585672],[8.720853805858496,6.896295070860901],[8.848406792039896,6.865565777039023],[8.974477768334395,6.788922786857199],[8.99475765224389,6.754340173260459],[8.969207763627423,6.693666934781277],[9.035036086945922,6.647288798839043],[9.300264358813138,6.720088958938334],[9.471092223627295,6.524884223628078],[9.467408519587536,6.401266129328462]]]}},{"type":"Feature","properties":{"state_code":"08","state_name":"BORNO"},"geometry":{"type":"Polygon","coordinates":[[[11.835776250373726,10.033885796292509],[12.086791232829171,10.060484109154345],[12.135995729319518,10.236650820878708],[12.212732014271069,10.280779547338284],[12.257152920570888,10.359777549894034],[12.312801360794197,10.315073012709433],[12.386869285289322,10.317130148037961],[12.379230192019804,10.350452662160706],[12.421584598350591,10.371391918202505],[12.557374172979735,10.395055795388714],[12.578842672851124,10.492144442412155],[12.652495384854149,10.439009665763535],[12.744581223844477,10.579531670849974],[12.958608525862815,10.548149108594544],[13.05197038232734,10.464411736412558],[13.19707232522768,10.40891665757772],[13.247998953289084,10.507907357238821],[13.232516224943879,10.58885586070943],[13.319385529318765,10.737255095046635],[13.345744133285166,10.930559158178653],[13.383103623133763,10.87844466868654],[13.585414885788396,10.949460982138646],[13.750673561235885,10.914141311172614],[13.810751098684307,11.051735043637393],[14.003610610741134,11.28333282405066],[14.164443970612808,11.234165190770966],[14.617776871605372,11.505554196369133],[14.641109467328079,11.646944041834104],[14.588609696580306,11.692220683637686],[14.588609696580306,11.754999156785686],[14.604653817719566,11.869464343404786],[14.65640900377258,11.962279396776808],[14.621572376663892,12.036047687850555],[14.653485790736681,12.064126672408065],[14.635819665844963,12.092205771179465],[14.673504530409787,12.176069801180404],[14.550024757236827,12.23597940282724],[14.485407282020503,12.351355876072887],[14.228313491374593,12.362349277796966],[14.175785593430419,12.409514716231229],[14.20327642676574,12.538118868690901],[14.083228622103263,13.083426859861731],[13.633536013975913,13.70830004521099],[13.338353513703737,13.721308985021665],[13.197764768129616,13.513363482338889],[13.181120056345549,13.53754452366087],[13.140448301348101,13.51767114141012],[13.146644611359761,13.55052911162926],[13.088502768388082,13.516073469714911],[13.062049607903134,13.549949020131237],[12.877127126415814,13.485563814618388],[12.719585177314116,13.30941544636579],[12.681778283740869,13.320599666241662],[12.676596650914746,13.276211106757216],[12.646140456017292,13.307691469385873],[12.59098499985788,13.282954000426855],[12.534162377791574,13.2070369403026],[12.556287021229082,13.161286972715686],[12.459165574131987,13.06611061081611],[12.429575920092702,13.07302761143518],[12.394541236189127,12.916384550906344],[12.40924346901096,12.859631009363625],[12.484987701920943,12.801647797807675],[12.50392150757159,12.691330202626773],[12.464610142644005,12.61369227897552],[12.427527108889024,12.60246847543982],[12.443757995834915,12.561075412900038],[12.418808687071305,12.524414570376166],[12.376953432355094,12.519854223393736],[12.353099855773792,12.459763706929607],[12.286791860156256,12.424610842216623],[12.28485845085686,12.26623331681418],[12.236437327720523,12.137348869055131],[12.2805792166576,11.995364176915302],[12.270383413763568,11.826470028968686],[12.195800202017779,11.657500007019735],[12.223719519140559,11.63285502433996],[12.274844400049062,11.694021494196647],[12.299958763186396,11.608619083903648],[12.373544407348561,11.549756497264582],[12.322065598248798,11.450897686778887],[12.103222487827622,11.247841789067365],[12.120513884108504,11.140180264207856],[12.167130583209882,11.085533080587254],[12.153018603325904,11.050307377083811],[12.04253903484863,11.049259288285555],[11.937693361959134,10.94771459225467],[11.907947829328918,10.93930953200936],[11.899573611333153,10.96889139432244],[11.640248962419719,10.875703878631157],[11.63380878055085,10.833141203703633],[11.751243478204003,10.812960548290732],[11.766960738946977,10.705763688743275],[11.714348147349142,10.634094832610458],[11.572779010343083,10.572588160914961],[11.661083404275757,10.48629213477426],[11.529335622141275,10.313622265954848],[11.589769665237895,10.282574223621566],[11.623104179914037,10.209670941860509],[11.71089200686066,10.173268616653388],[11.789934078894646,10.039304656784509],[11.835776250373726,10.033885796292509]]]}},{"type":"Feature","properties":{"state_code":"20","state_name":"KATSINA"},"geometry":{"type":"Polygon","coordinates":[[[6.889442272842643,11.383641353365817],[7.006193161085548,11.361789702732665],[7.008699893585288,11.293840408408187],[6.96773385972989,11.245169639767084],[7.152109716190523,11.128836295958365],[7.219711441429922,11.194185952419843],[7.194785908043286,11.257561206684386],[7.289577098404436,11.28432877735122],[7.35778190810862,11.264257115273722],[7.397914129233698,11.37804232269508],[7.520295247427782,11.361600846002318],[7.60750208175574,11.271802082799923],[7.706176062675183,11.310041560169907],[7.720486177595092,11.369706341174776],[7.750667224912547,11.371434143870715],[7.675170903614344,11.48325213108103],[7.704876688908143,11.592487098101174],[7.902302970006133,11.653218495737065],[7.826216259972455,11.95332943910239],[7.879790754739588,12.044340710555389],[7.864537483018466,12.280680187140945],[7.89235439793714,12.330264883717462],[8.002419378051911,12.39360169376323],[8.156739727156719,12.440300485678904],[8.190386523319432,12.505182900270654],[8.179865977932593,12.564088130063226],[8.246199606926382,12.594415679639951],[8.153242574884985,12.655401583616253],[8.144535414377913,12.721262380554492],[8.185127751144876,12.732469972910962],[8.127836427609111,12.80111341974856],[8.563190272912834,12.83413875020318],[8.60382689499528,12.737272796002799],[8.651846301765488,12.733124862822194],[8.688016502059952,12.688210581253372],[8.864637001796268,12.669043435706044],[8.951332270268097,12.738121687665796],[8.982868786565291,12.80676876956312],[9.047338499572163,12.816157329297369],[9.040895137700488,12.84614142059013],[8.977528487249913,12.837483301013606],[8.663610457556615,12.943332672165127],[8.541942596173897,13.074998855213039],[8.408609390211211,13.088333130169872],[8.122220993304268,13.303609848615679],[8.040573058300026,13.32125751941902],[7.819701154684594,13.352274842709846],[7.37972164194025,13.099721908938989],[7.218888282967953,13.125555039033884],[7.090555190669591,12.995277404728483],[7.051266663126057,12.995474501047454],[7.06071415723261,12.739841594314157],[6.988991772552311,12.673441929001854],[7.044474471319859,12.65885700914373],[7.093265967650325,12.28256746211872],[7.150427942595513,12.231585999694175],[7.117235417380641,12.093964401735775],[7.246568182575629,11.932563021066642],[7.199764885840864,11.90051449734625],[7.140817764728126,11.911340510056561],[7.141816020293163,11.849309142403058],[7.060018306799464,11.789875414318942],[7.01733764801412,11.81558492000812],[6.901247051010671,11.797558506020266],[6.852000002198395,11.620700001603836],[6.904012680340998,11.553189277862941],[6.889442272842643,11.383641353365817]]]}},{"type":"Feature","properties":{"state_code":"31","state_name":"PLATEAU"},"geometry":{"type":"Polygon","coordinates":[[[9.61683597220241,8.371847741779902],[9.756654738925135,8.367341996236178],[9.869446753964553,8.431289672580363],[10.406956673311868,8.934706687963342],[10.596746444892574,8.976116180217616],[10.640036583221786,9.073219299131381],[10.559869765976941,9.351113318724742],[10.576660156241246,9.446454047916006],[10.48890018489567,9.552595139354253],[10.260596111221616,9.687117869594033],[10.152244380074137,9.67876298792163],[10.068202719579915,9.730941534324415],[9.98432193161193,9.712981361700542],[9.991197585899897,9.638402938844592],[9.96229171788849,9.612709998667526],[9.83887100229498,9.60123920442578],[9.692341656342421,9.522470311355846],[9.579220546091392,9.551672913374318],[9.569105228023886,9.472712446722085],[9.425445269783438,9.4768765029483],[9.397403716808128,9.531158446704978],[9.30403186977503,9.571528104138736],[9.327155113217941,9.595750809252479],[9.28975510441461,9.614358402018695],[9.284633191968283,9.6980523927038],[9.216561886621832,9.683967479715477],[9.150382995878601,9.747989654998605],[9.21872033777339,9.77325565732275],[9.271268844581584,9.842160225913744],[9.232135603875065,9.861648915964736],[9.21428964605036,10.017503611902214],[9.254759193881739,10.03009989509411],[9.124002523098,10.058030656989274],[9.058896064901546,10.018059731071787],[9.003884225077002,10.03176947568079],[9.002775390671786,9.988791448866323],[8.977460860930023,9.987416266747346],[8.938685901133454,10.026567162944275],[8.977134704702905,10.161149978688627],[8.930326461696893,10.21504974385067],[8.954892159245787,10.308810233805275],[8.929770470231063,10.352089882442158],[8.818318428852479,10.380446247596296],[8.799274878932579,10.302921225734053],[8.686072779335348,10.211230412153839],[8.64394792315818,9.775360122171946],[8.598860068837155,9.727923997694404],[8.555038451863084,9.58062934936504],[8.61766147629612,9.434761047384484],[8.695412636284175,9.37836742441715],[8.66148471834515,9.195393561563662],[8.764998435929101,9.165241241290289],[8.798154830880776,9.031578064176358],[9.062741279986142,9.01822853132171],[9.071894646320914,8.945277214072235],[9.023541450777373,8.865909575766352],[8.95878982459078,8.84952163661427],[8.891933441275341,8.740353583651029],[8.98343181612546,8.596580505086308],[8.982460022212308,8.527254104993006],[9.049360275356491,8.519665718198382],[9.132393837205882,8.428657532319335],[9.174925803882786,8.46722602755915],[9.355316161811459,8.482957840232189],[9.61683597220241,8.371847741779902]]]}},{"type":"Feature","properties":{"state_code":"12","state_name":"EDO"},"geometry":{"type":"Polygon","coordinates":[[[5.134438283899726,6.169372793020045],[5.145542144854176,6.141641616767231],[5.222382314092556,6.147946124214286],[5.234040821127053,6.064757327688596],[5.270169735345064,6.054296017047591],[5.248584974716834,5.984231742101258],[5.275984516072583,5.906816275650669],[5.358699322216012,5.969638347931436],[5.32695054972811,5.98268556738509],[5.334343908644541,6.021393299261376],[5.428089602952866,6.00704731937833],[5.442778489835462,6.041352430969937],[5.497275351776125,6.042482852701539],[5.546327591245415,5.985361575676222],[5.668930054178702,6.052030087018977],[5.812038897976834,5.983871936840444],[5.921317100803606,5.877292156108183],[5.894185114951142,5.798591687056785],[5.924606800163758,5.748332024103661],[6.093735217906044,5.794122219265034],[6.217640876725113,5.916512012319572],[6.25663995656879,6.016697884000223],[6.134387016047981,6.135653018671917],[6.07663202274972,6.27872276264543],[6.08801698659471,6.318346977431133],[6.126613139584776,6.356115817990656],[6.212637901418077,6.279160976198114],[6.281655788184139,6.357406139182046],[6.412735939711922,6.396037102230537],[6.523318768346542,6.487541198567499],[6.668920994208577,6.50123405570713],[6.610790253367554,6.822104931197657],[6.672980309094044,6.93566131601699],[6.715768814579178,7.120723248179388],[6.693305016113641,7.216476058423382],[6.637670039640682,7.294242953849277],[6.511441232327059,7.26702499370856],[6.497326851253206,7.33301019656335],[6.435657977833444,7.359745025612483],[6.428203108886407,7.415325460901329],[6.379771711895046,7.398233711416708],[6.295480889731323,7.499175627852992],[6.182785033802304,7.429427147145191],[6.112411976631449,7.448655128231621],[6.110102176774092,7.494141101630589],[6.166984081250405,7.54524647714328],[6.118761062573014,7.59141683641792],[6.043387889939197,7.577459812420443],[5.954218864409086,7.515233040972134],[5.986694813414942,7.355247973814983],[5.919308186223873,7.337144852153244],[5.893875121339818,7.182878969588842],[5.792581080752313,7.021655082715938],[5.767152308332413,6.791876792679886],[5.702557562581489,6.736117364424899],[5.629253387334018,6.745868206152863],[5.576634883593044,6.704025745192041],[5.543577670373224,6.812798976891315],[5.561751366332544,6.879381657837314],[5.272408009422122,6.888345749256985],[5.140693664980688,6.731158257147911],[5.111583710220089,6.630350113067323],[5.162112236290739,6.561973094882489],[5.153385162095617,6.498033046587864],[5.103693484866483,6.402212143275847],[5.02924537737232,6.363563060686772],[5.012897014685507,6.302100182377558],[5.134438283899726,6.169372793020045]]]}},{"type":"Feature","properties":{"state_code":"17","state_name":"JIGAWA"},"geometry":{"type":"Polygon","coordinates":[[[8.246199606926382,12.594415679639951],[8.288612586102033,12.599858144637722],[8.365613978602255,12.431705143277782],[8.488667951564764,12.600500829849466],[8.719116211344101,12.566590309295407],[8.737576067081875,12.550970528766925],[8.687487108043626,12.482753999997158],[8.695567820598512,12.442824899749382],[8.795099048782106,12.382300603390206],[8.723540749905737,12.294803306027802],[8.77460538163308,12.275354881322755],[8.83962324401756,12.308195393003018],[8.909896060954509,12.300987923054265],[8.952237695113581,12.185331892852616],[8.91499999865107,12.07620000162882],[9.07408547576415,12.073533917356428],[9.08469409355763,12.027426902729417],[9.14894371458081,12.019373484598702],[9.15629583598411,12.067532689182315],[9.198712532057755,12.082790336105177],[9.227965202931841,12.014366012681364],[9.202028048255897,11.90468222100776],[9.230000264400758,11.894658304637119],[9.187067168614988,11.834580513579908],[9.143934869398777,11.826556042827178],[9.14150220686139,11.75936458200988],[9.171219264257672,11.702619054325964],[9.225754626175103,11.735739992606625],[9.241398688398817,11.645355392137674],[9.360311527055387,11.560817456060818],[9.23151869323317,11.449527157752186],[9.194971659014925,11.326648778318486],[9.346144315307981,11.346746133127567],[9.497519398201689,11.278085663022978],[9.511793670641453,11.313130586607315],[9.609396987980688,11.315467894927451],[9.595624084883639,11.247570586813197],[9.677649954581796,11.221295040633663],[9.824922361777624,11.279555851321504],[9.880956695694977,11.196144315208016],[9.868856429980326,10.999569892636487],[10.006312746036429,10.95566315842808],[10.111928562353341,10.992182408991027],[10.13403987873744,10.947500228952435],[10.220297377022405,10.946765754436058],[10.155629407571155,11.005614535582424],[10.168825681560008,11.058146053297776],[10.334010002859372,11.118081768558795],[10.365509986896427,11.205920219242785],[10.01185685960644,11.261368384043749],[9.912999998850921,11.316399999060764],[9.874845178262433,11.452697158247304],[9.801438171834207,11.443355710397782],[9.784703517953062,11.468231546348818],[9.830783568207153,11.540342700755104],[9.827777643623392,11.692276464986946],[9.77956752122418,11.736505050367839],[9.70372517227895,11.720727179815526],[9.620054966863279,11.75368070030413],[9.669522971008348,11.784340499914208],[9.682552490005435,11.866753680637885],[9.707925729289002,11.84987178795268],[9.833508327847085,11.890391750878678],[9.888763882147487,11.93663069964714],[10.174489592021132,12.039453532854282],[10.147536091017855,12.238220385662316],[10.254056937377811,12.391029850347365],[10.225000978812147,12.433852896094322],[10.258073357299622,12.459621498933075],[10.339213937073566,12.441315396688253],[10.393866037287864,12.465170574962087],[10.447343976343461,12.439292699098814],[10.605591947210655,12.488953508897339],[10.598615604826364,12.70609687457113],[10.546700570574899,12.82059243669164],[10.475218500933124,12.790039292179642],[10.331009735011321,12.847262016329012],[10.325251021617419,12.811462194624653],[10.290516513426383,12.815451401960672],[10.2820115043275,12.979373909678259],[10.224334273607894,13.014821153973116],[9.987998941098283,12.956416817781985],[9.929673063561097,12.918537914593117],[9.91023303132937,12.858542380026847],[9.785599136590918,12.799111436243834],[9.661990387146716,12.833807799690248],[9.634931564739986,12.802434921334623],[9.040895137700488,12.84614142059013],[9.047338499572163,12.816157329297369],[8.982868786565291,12.80676876956312],[8.951332270268097,12.738121687665796],[8.864637001796268,12.669043435706044],[8.688016502059952,12.688210581253372],[8.651846301765488,12.733124862822194],[8.60382689499528,12.737272796002799],[8.563190272912834,12.83413875020318],[8.152061002413404,12.818632779779023],[8.127918637335313,12.796827571035635],[8.185127751144876,12.732469972910962],[8.144535414377913,12.721262380554492],[8.153242574884985,12.655401583616253],[8.246199606926382,12.594415679639951]]]}},{"type":"Feature","properties":{"state_code":"04","state_name":"ANAMBRA"},"geometry":{"type":"Polygon","coordinates":[[[6.601873333187825,5.687458521893291],[6.691257999956804,5.699708999570703],[6.714305400873627,5.761296272105312],[6.751369688260581,5.749550841997802],[6.81068086572941,5.787612914604381],[6.876645564940929,5.744104384909463],[6.891510962660846,5.80886983907186],[7.003111839140104,5.905193329408689],[7.060201167749767,5.931416035022039],[7.188812733321015,5.899531364181144],[7.260983943554209,5.938930988574327],[7.264029979699842,5.991465091840553],[7.322564601575152,6.00383853921727],[7.339062690590765,6.042149544166193],[7.299537386840996,6.048146257743667],[7.309481081886474,6.078960749738883],[7.261300592148643,6.079419043354221],[7.199536799783516,6.234766961426203],[7.143441514314475,6.23555519471654],[7.143867590616878,6.388251376300047],[7.03224207271353,6.442438967684268],[7.055431365964807,6.545300007689264],[7.131693840398441,6.64335155523014],[7.101624488879111,6.675600052200707],[6.990934848664381,6.713077545692215],[6.909815110678835,6.696418646203597],[6.860965587392002,6.753429071894175],[6.800278187288541,6.693467139596862],[6.808122635351367,6.580162525380274],[6.661695818407338,6.557928405671419],[6.769402026981993,6.167984008655139],[6.704537202230142,6.081095483070158],[6.715875148619261,5.969895840920344],[6.601873333187825,5.687458521893291]]]}},{"type":"Feature","properties":{"state_code":"19","state_name":"KANO"},"geometry":{"type":"Polygon","coordinates":[[[7.750667224912547,11.371434143870715],[7.878918252275582,11.386228914233072],[7.968423113435961,11.478677663843143],[8.150081420121467,11.519170437565663],[8.122913757264143,11.386672797111942],[8.206780772114996,11.318701683436018],[8.264405349327433,11.313230860116164],[8.297907885240761,11.234223938983632],[8.433814344756229,11.226583402302197],[8.4646532902172,11.169598067696711],[8.518701660253441,11.162322834731071],[8.51963207725862,11.1149074270362],[8.60731212765262,11.071241218307648],[8.568487802270283,10.90746791890939],[8.571637026627513,10.748272388160217],[8.481234260752558,10.715861896309491],[8.514212301256748,10.643323252765924],[8.643929963696905,10.63047962093782],[8.711128244972599,10.543358511785925],[8.852458953717814,10.686329842048622],[8.745073648430207,10.859451852221241],[8.788697242783599,10.94225025214746],[8.805270799308005,11.103674185115608],[8.893353945628121,11.117053995445588],[8.91989377737599,11.177489674409003],[9.084915245841955,11.314917490949483],[9.180426281447751,11.30852368172259],[9.23151869323317,11.449527157752186],[9.360311527055387,11.560817456060818],[9.241398688398817,11.645355392137674],[9.225754626175103,11.735739992606625],[9.171219264257672,11.702619054325964],[9.14150220686139,11.75936458200988],[9.143934869398777,11.826556042827178],[9.187067168614988,11.834580513579908],[9.230000264400758,11.894658304637119],[9.202028048255897,11.90468222100776],[9.227965202931841,12.014366012681364],[9.198712532057755,12.082790336105177],[9.15629583598411,12.067532689182315],[9.14894371458081,12.019373484598702],[9.08469409355763,12.027426902729417],[9.07408547576415,12.073533917356428],[8.91499999865107,12.07620000162882],[8.952237695113581,12.185331892852616],[8.909896060954509,12.300987923054265],[8.83962324401756,12.308195393003018],[8.77460538163308,12.275354881322755],[8.723540749905737,12.294803306027802],[8.795099048782106,12.382300603390206],[8.695567820598512,12.442824899749382],[8.729983675606206,12.559105350831317],[8.49243279873474,12.601892556796088],[8.365613978602255,12.431705143277782],[8.278800273913532,12.604603956107724],[8.179865977932593,12.564088130063226],[8.190386523319432,12.505182900270654],[8.156739727156719,12.440300485678904],[8.002419378051911,12.39360169376323],[7.89235439793714,12.330264883717462],[7.864537483018466,12.280680187140945],[7.879790754739588,12.044340710555389],[7.826216259972455,11.95332943910239],[7.902302970006133,11.653218495737065],[7.704876688908143,11.592487098101174],[7.675170903614344,11.48325213108103],[7.750667224912547,11.371434143870715]]]}},{"type":"Feature","properties":{"state_code":"25","state_name":"NASARAWA"},"geometry":{"type":"Polygon","coordinates":[[[6.980814908980904,8.443727660703019],[6.934631347658637,8.31042194431734],[7.002655506046835,8.167018890009842],[6.963587761166309,7.879294872160642],[7.253840922620554,8.015047072764219],[7.505344868271095,8.047198296364343],[7.877028942132029,7.983425139758424],[8.072406769057181,7.877362251566694],[8.403155326657043,7.766182899021601],[8.39110648507625,7.890456929144023],[8.339716166567882,7.960989481979084],[8.390913337680445,8.078293828297603],[8.503683090002653,8.158167838874704],[8.780536652444596,8.075201987881485],[8.910846710007718,8.056263923941003],[9.057020187032037,8.077641487065023],[9.179125786226109,7.90808343889961],[9.335517882844044,7.985507965120519],[9.415376663402355,8.061924934088495],[9.386946677946867,8.148825644587873],[9.411823272925744,8.176929473816188],[9.323423386280297,8.253451346902182],[9.363276482123979,8.34053707132881],[9.617529869308044,8.302932739254572],[9.601553986927001,8.392717346228608],[9.380579948206105,8.478287696819791],[9.174925803882786,8.46722602755915],[9.132393837205882,8.428657532319335],[9.049360275356491,8.519665718198382],[8.982460022212308,8.527254104993006],[8.98343181612546,8.596580505086308],[8.891933441275341,8.740353583651029],[8.95878982459078,8.84952163661427],[9.01061630170102,8.853753089833276],[9.071894646320914,8.945277214072235],[9.056705474677983,9.02375316737482],[8.798154830880776,9.031578064176358],[8.764998435929101,9.165241241290289],[8.657807350029202,9.207689285931849],[8.5763475136269,9.034392360319202],[8.533261299269611,9.004377364723666],[8.504345893947914,9.001431465389885],[8.446608542650154,9.11261749270318],[8.343294226347496,9.194487277865619],[8.258407754414407,9.182891938312366],[8.191895424734128,9.052430753276667],[8.09906714683143,9.039674703724643],[8.0616469347583,9.052055201786175],[8.087242992769973,9.230739065555497],[8.060933895582878,9.265762078057492],[7.919086634240841,9.317365551179307],[7.792929648584447,9.275596618788995],[7.724080473734944,9.329254915981664],[7.667605876709899,9.303650855802402],[7.588679313599471,9.129055977351527],[7.591669082761996,8.83487510690071],[7.365309516021398,8.487671284202463],[7.133418982899798,8.449494384358388],[7.124194216689773,8.42278890198628],[6.980814908980904,8.443727660703019]]]}},{"type":"Feature","properties":{"state_code":"21","state_name":"KEBBI"},"geometry":{"type":"Polygon","coordinates":[[[4.126404704113838,13.249674072800246],[4.142128342848764,13.161862063083788],[4.10499954259484,12.996386526916751],[3.952777384668593,12.748888015069895],[3.657777309175515,12.52888870025339],[3.666075013750913,12.207109767601764],[3.628404008638142,12.125261162372794],[3.671666144776793,11.975554464866718],[3.618736929765532,11.908223657695714],[3.664936108714471,11.759182257954876],[3.613887471429734,11.699619676806662],[3.510850900848425,11.669978309051771],[3.485620672655955,11.31342697977135],[3.663109865328067,11.14783311980267],[3.722477218049221,11.132389131553225],[3.717231055269053,11.01983769235568],[3.770033367845713,10.919743774555627],[3.802273546986669,10.946065857953045],[3.932783798133812,10.943011363683524],[3.99297318606375,11.016467241070359],[4.100380421319414,11.026324271148269],[4.267120184848693,11.025278875819538],[4.277214161104723,10.954357939067677],[4.329844857853971,10.951355314995851],[4.338548177356529,10.903487060879229],[4.381127597660566,10.87997159970962],[4.539826393273472,10.919966696705728],[4.614792611889584,10.888466287289361],[4.694990337933802,10.919294419302048],[4.722656257580297,10.866920114771517],[4.690782877727656,10.662859613180672],[4.600756675080561,10.570699512672434],[4.510058401873778,10.535167694333666],[4.479498863182016,10.42129230469618],[4.482961178415678,10.328677176010899],[4.568690777357517,10.246047973635143],[4.529982567041884,10.100580215304717],[4.624814229593085,10.102672476353746],[4.669383049188411,10.226069449845284],[4.793936082284404,10.260665922894077],[4.871501790375362,10.218330145120149],[4.946502400865143,10.285335767331844],[4.93203527780588,10.43952483969963],[4.853419303657972,10.46029758536531],[4.818703174911661,10.507143974015264],[4.80950164808263,10.697872162070666],[4.946934004400816,10.690052951682446],[5.026853812053844,10.75042085323986],[5.101048355697117,10.761334760290993],[5.108979224111977,10.79574584979116],[5.028672217848623,10.859322547697445],[5.025326252404682,10.8902740478091],[5.08221006434303,10.927081108406469],[5.04063987672896,11.051897049309446],[4.746122360358697,11.147592544860117],[4.70340633393522,11.228543282246733],[4.738990615124862,11.25110476237495],[4.703856605597935,11.267968897946332],[4.711885107112039,11.297079433668955],[4.878998152242957,11.35475551235703],[4.898118060000513,11.39063297972831],[4.966084956755424,11.362051009746324],[5.011866568787184,11.252014160425233],[5.058451653121324,11.270487784783484],[5.052829266157744,11.205430031171034],[5.071302413875344,11.237557411045714],[5.233390218284001,11.218191828290287],[5.249651102116729,11.309372012208655],[5.333141327110582,11.35642910032277],[5.41340085636449,11.12089657461729],[5.388993313590618,11.037473873420595],[5.447270014399692,10.983490145753649],[5.522374994810207,10.990498728833302],[5.556249047855317,10.9473666841252],[5.729028951424993,10.998357718034299],[5.800322574427298,11.0825317362507],[5.914968404268507,11.145087557944464],[5.977745701103288,11.16697766538698],[6.015900000984288,11.138],[6.059071077168539,11.229763896086979],[6.046835324090978,11.162614907551983],[6.105919500984214,11.183345423752371],[6.135723549802037,11.29537450702793],[6.204431513103884,11.383673602155056],[6.079570357885757,11.388411993318869],[6.009543367032791,11.462646689892892],[5.835453048719273,11.435351531947674],[5.828838815658855,11.624814756096157],[5.787831458854782,11.67887171285929],[5.705030877173272,11.68797303542732],[5.669687793257083,11.66144479683993],[5.564082545772919,11.68435968175396],[5.49722284395915,11.655896177666534],[5.440152410105668,11.708834958766374],[5.349867734208601,11.709346592071597],[5.327990740680207,11.772153914571561],[5.296153065711451,11.755298951185694],[5.309547473836915,11.793685887693584],[5.237968523828386,11.755887054743823],[5.17788648617244,11.792395444194426],[5.177447729429218,11.74413263321452],[5.062846882777478,11.708116977816303],[5.007116690582848,11.7497384213911],[4.89387336336506,11.709247922054033],[4.889452520117743,11.75015946328864],[4.849829730757506,11.735107461640098],[4.815210015629759,11.766086852426326],[4.721083571749489,11.694750074556339],[4.661502217253599,11.693896467747834],[4.666810559160012,11.667562122993616],[4.546163707988796,11.634397927322539],[4.569935376116746,11.573654653239714],[4.482785916736702,11.531998347445835],[4.496795957567429,11.552430962319079],[4.41923090058566,11.614177970636888],[4.427280380585159,11.67056132334642],[4.368773788779379,11.746984187370401],[4.393904474611873,11.75745593734166],[4.43643449335724,11.710825178239418],[4.548973482340386,11.79550353176262],[4.588181817337045,12.03882752467058],[4.552319659125033,12.097726129157593],[4.562149196927919,12.22998702937798],[4.521122757409387,12.251402331652343],[4.549203694395032,12.250755803637503],[4.587833946979117,12.395935515411736],[4.629810477971205,12.43293946278601],[4.709199998581141,12.364899998835938],[4.75387713881895,12.363726621886144],[4.757453541148038,12.44959761403868],[4.811936707313237,12.503556599557498],[4.730348161738334,12.701841414849468],[4.806835267033989,12.819476618151441],[4.646215274015731,12.948615238602429],[4.731627658689547,13.052771055040182],[4.702156003796574,13.073203390224307],[4.623046776687431,13.07011233311772],[4.300238917991692,13.25961456895726],[4.126404704113838,13.249674072800246]]]}},{"type":"Feature","properties":{"state_code":"16","state_name":"IMO"},"geometry":{"type":"Polygon","coordinates":[[[7.264343654236313,5.215610503621917],[7.322801113380706,5.407506943390786],[7.432285786160151,5.609393119896595],[7.381607532861381,5.705608845371955],[7.391950606934984,5.911909103122639],[7.260983943554209,5.938930988574327],[7.188812733321015,5.899531364181144],[7.060201167749767,5.931416035022039],[6.891510962660846,5.80886983907186],[6.87953042998538,5.745519638120868],[6.81068086572941,5.787612914604381],[6.694906234735015,5.746217728765203],[6.639080048005837,5.493445873028691],[6.741359711381619,5.494053840812171],[6.755795002037758,5.323452949594014],[6.803584098727242,5.269271851314954],[6.903954983435767,5.219525813665427],[7.039992332080487,5.249618052930828],[7.210087776429759,5.196576595333681],[7.264343654236313,5.215610503621917]]]}},{"type":"Feature","properties":{"state_code":"15","state_name":"GOMBE"},"geometry":{"type":"Polygon","coordinates":[[[11.583307265617862,10.593869208797003],[11.512721061927493,10.585270883344663],[11.527306557351778,10.942336081644896],[11.31938185418926,11.186231233084982],[11.223755760220229,11.16483054029726],[11.091866404111329,11.226097376292955],[11.077443462945496,11.286717677079196],[10.98171599739544,11.178820010934828],[11.008531705174107,11.149093151827572],[10.929565693302152,11.090735142412939],[10.772404477584644,11.060340694967124],[10.738369176995946,11.100978664233992],[10.669450651826196,11.039820317054023],[10.641088659614013,10.960816241376506],[10.677222530895108,10.930871482832742],[10.494281108386474,10.688327978253653],[10.56257781621332,10.642259985210217],[10.558191220948117,10.600614668232424],[10.66189296159098,10.491392697315177],[10.810256426293108,10.447773729973733],[10.835403442015263,10.39955139208314],[10.819189562148608,10.312951689169154],[10.857159615224134,10.235681534275443],[10.80744270481705,10.137963781803137],[10.73838875523694,10.120955921078917],[10.711544209797466,10.07621049981475],[10.945419806578855,9.880443018230778],[10.97731729006091,9.812673403954477],[10.956318280364371,9.671869203301128],[10.989894507625479,9.640553670215752],[10.969134278724027,9.615353467688408],[10.99238205039137,9.559283257116647],[11.11423819293833,9.525595789114448],[11.222452164136087,9.5692615508799],[11.42015361799514,9.546006203323657],[11.468048096342613,9.598470688271675],[11.5629872143885,9.605118869839998],[11.613612785401756,9.656329749318502],[11.654569626387172,9.636945724165912],[11.850863456883076,9.78638172123948],[11.801160789039216,9.840684685749693],[11.835776250373726,10.033885796292509],[11.789934078894646,10.039304656784509],[11.71089200686066,10.173268616653388],[11.623104179914037,10.209670941860509],[11.589769665237895,10.282574223621566],[11.529335622141275,10.313622265954848],[11.656472935377735,10.460607730962067],[11.662756957167915,10.49681982257681],[11.599836275124062,10.534209644759358],[11.583307265617862,10.593869208797003]]]}},{"type":"Feature","properties":{"state_code":"02","state_name":"ADAMAWA"},"geometry":{"type":"Polygon","coordinates":[[[11.835776250373726,10.033885796292509],[11.801160789039216,9.840684685749693],[11.854544455762095,9.793490165938465],[11.817163230198958,9.740880339755904],[11.634469729194677,9.627462758099853],[11.613612785401756,9.656329749318502],[11.5629872143885,9.605118869839998],[11.468048096342613,9.598470688271675],[11.429598808038634,9.549625397194347],[11.443759674169655,9.488472193237158],[11.525925635759506,9.407815932559288],[11.53069396355562,9.326079954826128],[11.647747040193792,9.305399895089124],[11.706756592242982,9.07449054660151],[11.831108167308116,9.008385974033501],[11.87153959467662,8.947066639214086],[11.82706959798361,8.73908943632847],[11.743142417588558,8.677604538118999],[11.788899319847758,8.64121437084657],[11.757611853704134,8.6172123458731],[11.794547101867295,8.546234131300196],[11.612894521165288,8.403721100948076],[11.629787914380813,8.386566553603586],[11.546277046348678,8.245888710395718],[11.341521262696176,8.018668174996321],[11.48981380506308,7.799793719604509],[11.551552773441813,7.903331756655291],[11.646420377398556,7.86579704289926],[11.632977594740282,7.750405304561184],[11.758036511775629,7.724809170107164],[11.771935462951319,7.487935542990954],[11.852672103235022,7.391217192719296],[12.043609619288532,7.577776908877297],[12.03305435197683,7.714999198854002],[12.221130370969888,7.994506836021742],[12.201518082593509,8.106791707171624],[12.255554199366884,8.197776794863216],[12.237220764027086,8.326665878627466],[12.263332365596227,8.419443130795912],[12.585993670771359,8.464822371755076],[12.602649898374182,8.493375904274615],[12.681172111903493,8.467201833098159],[12.754935401847376,8.571898116904606],[12.826318654882073,8.56476493095687],[12.816801387773864,8.650420330433974],[12.87866737370041,8.750357691554257],[12.844306339565946,8.971222590350294],[12.92520963231874,8.993062715272117],[12.942341750571359,9.063494760774631],[12.89777755708866,9.348054885424688],[13.023887634107098,9.496110915986037],[13.186665535086433,9.52666664155231],[13.23916626091426,9.578887938127878],[13.259721755554608,9.751665114953141],[13.235496070087606,9.907690286377658],[13.286440330257108,9.97112671612507],[13.245109988235413,10.037584387709387],[13.318009267114007,10.099689892774393],[13.41027641302611,10.119720459431733],[13.462221145589467,10.171943662570015],[13.463609695231298,10.21749877764654],[13.50768093342839,10.214493113866183],[13.492162320334842,10.389801305785682],[13.518814913577444,10.393795715699753],[13.560832977060272,10.643610000701017],[13.750673561235885,10.914141311172614],[13.585414885788396,10.949460982138646],[13.383103623133763,10.87844466868654],[13.345744133285166,10.930559158178653],[13.319385529318765,10.737255095046635],[13.232516224943879,10.58885586070943],[13.247998953289084,10.507907357238821],[13.19707232522768,10.40891665757772],[13.05197038232734,10.464411736412558],[12.958608525862815,10.548149108594544],[12.744581223844477,10.579531670849974],[12.652495384854149,10.439009665763535],[12.578842672851124,10.492144442412155],[12.557374172979735,10.395055795388714],[12.421584598350591,10.371391918202505],[12.379230192019804,10.350452662160706],[12.386869285289322,10.317130148037961],[12.312801360794197,10.315073012709433],[12.257152920570888,10.359777549894034],[12.212732014271069,10.280779547338284],[12.135995729319518,10.236650820878708],[12.086791232829171,10.060484109154345],[11.835776250373726,10.033885796292509]]]}},{"type":"Feature","properties":{"state_code":"35","state_name":"YOBE"},"geometry":{"type":"Polygon","coordinates":[[[12.429575920092702,13.07302761143518],[12.199574724993624,13.130401149193744],[12.090306750156458,13.121543595960247],[11.819721222256646,13.273054123049405],[11.452160446447522,13.377420245048313],[11.10588547683335,13.360545909366294],[10.734747725826935,13.387308918671692],[10.148332596272326,13.259721755554608],[9.909108646746688,13.111860786146394],[9.661990387146716,12.833807799690248],[9.765183857948728,12.796216203814822],[9.858193870850528,12.820207731901348],[9.964408593381904,12.944368898006303],[10.224334273607894,13.014821153973116],[10.2820115043275,12.979373909678259],[10.290516513426383,12.815451401960672],[10.325251021617419,12.811462194624653],[10.331009735011321,12.847262016329012],[10.475218500933124,12.790039292179642],[10.49506464991373,12.815870398799916],[10.558079488277826,12.809467985759],[10.600145113306382,12.695164374935985],[10.589715305017364,12.525692409876854],[10.651284642372389,12.529352396995591],[10.750508165719339,12.476171442857833],[10.799495321252095,12.128041829267033],[10.826686273852488,12.095884605390268],[10.799904609909845,11.943920414395677],[10.817000389256634,11.886130333148401],[10.905356812566879,11.827323496382292],[10.927723747752793,11.776640976699753],[10.91794404408239,11.268766671244919],[10.944268966639527,11.275769635360405],[10.926039709664906,11.251214390631674],[10.98171599739544,11.178820010934828],[11.077443462945496,11.286717677079196],[11.091866404111329,11.226097376292955],[11.223755760220229,11.16483054029726],[11.31938185418926,11.186231233084982],[11.371196303766453,11.098431671784283],[11.470545769971352,11.021645546404898],[11.53036212900912,10.934866905383444],[11.527589797930887,10.567634583569202],[11.753748839237574,10.662563407075652],[11.751243478204003,10.812960548290732],[11.63380878055085,10.833141203703633],[11.640248962419719,10.875703878631157],[11.899573611333153,10.96889139432244],[11.907947829328918,10.93930953200936],[11.937693361959134,10.94771459225467],[12.04253903484863,11.049259288285555],[12.153018603325904,11.050307377083811],[12.167130583209882,11.085533080587254],[12.120513884108504,11.140180264207856],[12.103222487827622,11.247841789067365],[12.322065598248798,11.450897686778887],[12.373544407348561,11.549756497264582],[12.299958763186396,11.608619083903648],[12.274844400049062,11.694021494196647],[12.223719519140559,11.63285502433996],[12.195800202017779,11.657500007019735],[12.270383413763568,11.826470028968686],[12.2805792166576,11.995364176915302],[12.236437327720523,12.137348869055131],[12.28485845085686,12.26623331681418],[12.286791860156256,12.424610842216623],[12.353099855773792,12.459763706929607],[12.376953432355094,12.519854223393736],[12.418808687071305,12.524414570376166],[12.443757995834915,12.561075412900038],[12.427527108889024,12.60246847543982],[12.464610142644005,12.61369227897552],[12.50392150757159,12.691330202626773],[12.484987701920943,12.801647797807675],[12.40924346901096,12.859631009363625],[12.394541236189127,12.916384550906344],[12.429575920092702,13.07302761143518]]]}},{"type":"Feature","properties":{"state_code":"01","state_name":"ABIA"},"geometry":{"type":"Polygon","coordinates":[[[7.890100001713733,5.684799670868188],[7.803929806015788,5.744953156063332],[7.769443999940677,5.81372738411153],[7.534576807973338,5.834697727917842],[7.503497155369473,5.900165637134478],[7.520060062122241,6.020018577595351],[7.415839671663548,6.006217957392892],[7.339062690590765,6.042149544166193],[7.318281651377163,5.998603343669402],[7.264029979699842,5.991465091840553],[7.270840167839538,5.924798964600598],[7.395909785907918,5.907576560709742],[7.381607532861381,5.705608845371955],[7.432285786160151,5.609393119896595],[7.292263508254337,5.327637195600119],[7.264343654236313,5.215610503621917],[7.292564869273349,5.172623158032366],[7.241197109359177,4.994009017802],[7.15962600703466,4.935448169897199],[7.147241115784936,4.890325069346545],[7.218010078802138,4.857304672572639],[7.416359900688917,4.866746902047964],[7.495132284027761,4.828270242877466],[7.49141883940797,4.959482192749022],[7.460275173060836,4.977698802557768],[7.54690694759762,5.088057040799868],[7.535016060243038,5.303812980984333],[7.665349007350869,5.344111919329634],[7.621983999561962,5.388088000261064],[7.656886100912857,5.445621013898744],[7.700029850297426,5.431540966242665],[7.695939063636899,5.518277644897466],[7.757159232912329,5.510495186203912],[7.792839049982206,5.439794064444584],[7.865297794157925,5.418447971296871],[7.8761119843806,5.368900775550401],[7.987501144262467,5.362585067946554],[7.90794277234113,5.535781860344628],[7.917696953251834,5.649620055820947],[7.890100001713733,5.684799670868188]]]}},{"type":"Feature","properties":{"state_code":"13","state_name":"EKITI"},"geometry":{"type":"Polygon","coordinates":[[[5.773028373360773,7.747318744964161],[5.791615485866032,7.782068728688898],[5.728981495099958,7.828348637080012],[5.642685889841971,7.828696252030454],[5.614152431089849,7.865581037434993],[5.59884166840834,7.958487988030299],[5.645469665692588,7.963011741598621],[5.668087482051703,8.002331734621919],[5.656256676604414,8.07470893906634],[5.576571940942358,8.071229935113479],[5.508718490965634,8.017642974843454],[5.513937950176285,8.1112461104197],[5.39825773180894,8.103638649004495],[5.364011288390316,8.090466499329523],[5.332399368436143,8.009554862666846],[5.195789336908433,8.018210411081668],[5.142349719763786,8.061864853080579],[5.084393977999753,8.02423191087405],[5.05763292202181,8.039464951446405],[4.911100863713955,7.850109576695672],[4.86386156126207,7.622681618062245],[4.98710870680145,7.419235229322396],[5.06524228999973,7.460195065050243],[5.320331097002565,7.441294670112995],[5.358230114428295,7.295613290421045],[5.388226031805971,7.28318691344532],[5.521214485360247,7.332527637440592],[5.599372863766689,7.450227260979375],[5.624599456899489,7.582407951565756],[5.773028373360773,7.747318744964161]]]}},{"type":"Feature","properties":{"state_code":"29","state_name":"OSUN"},"geometry":{"type":"Polygon","coordinates":[[[4.609585762073323,7.031077861654069],[4.626796722091115,7.104118824224429],[4.746673106978335,7.222973347242203],[4.754682872016986,7.361068429264662],[5.006279945163385,7.392001629071956],[4.86386156126207,7.622681618062245],[4.911100863713955,7.850109576695672],[5.031329155116453,7.976946353591416],[5.05763292202181,8.039464951446405],[5.03971576666936,8.071867942951258],[4.97318069043655,8.021380363912726],[4.88723135024668,8.090929031449718],[4.854066372165391,8.095502852974334],[4.830049992213446,8.055476187975728],[4.665557383566465,8.043276787293962],[4.621718406978971,8.075679778798815],[4.560724734658834,8.053951263340196],[4.549669266223702,7.970847129891183],[4.44979238361168,7.938063144198793],[4.371104130051606,7.848700920910801],[4.276341437407439,7.971228599820051],[4.191331386933996,7.910234449959944],[4.197049617346011,7.865252017766466],[4.090156254707438,7.860070779742728],[4.052928923830791,7.674966810569913],[4.138718604679923,7.598668574595081],[4.155370159405379,7.509179003708084],[4.110903143964947,7.326942646086309],[4.129712104829821,7.276762485900065],[4.071053027575203,7.138991831607768],[4.168871879133974,7.174137114136556],[4.197892666113717,7.049162387134515],[4.298218000160603,7.090554000866518],[4.36855030095569,7.05911207076548],[4.390379905608199,6.980854988167209],[4.609585762073323,7.031077861654069]]]}},{"type":"Feature","properties":{"state_code":"05","state_name":"BAUCHI"},"geometry":{"type":"Polygon","coordinates":[[[10.540963806034881,9.483537022315772],[10.773542915872895,9.447321510579286],[10.989894507625479,9.640553670215752],[10.95691314502568,9.668597445415799],[10.981629401675605,9.774779088184403],[10.945419806578855,9.880443018230778],[10.711544209797466,10.07621049981475],[10.73838875523694,10.120955921078917],[10.80744270481705,10.137963781803137],[10.857159615224134,10.235681534275443],[10.819189562148608,10.312951689169154],[10.835403442015263,10.39955139208314],[10.810256426293108,10.447773729973733],[10.66189296159098,10.491392697315177],[10.558191220948117,10.600614668232424],[10.56257781621332,10.642259985210217],[10.494281108386474,10.688327978253653],[10.652005119840453,10.881438007258282],[10.677222530895108,10.930871482832742],[10.642670943908968,10.977034646631694],[10.707912077380513,11.08479832907966],[10.738369176995946,11.100978664233992],[10.772404477584644,11.060340694967124],[10.929565693302152,11.090735142412939],[11.008531705174107,11.149093151827572],[10.926039709664906,11.251214390631674],[10.944268966639527,11.275769635360405],[10.917039944837654,11.270896318910047],[10.927723747752793,11.776640976699753],[10.905356812566879,11.827323496382292],[10.817000389256634,11.886130333148401],[10.799904609909845,11.943920414395677],[10.826686273852488,12.095884605390268],[10.799495321252095,12.128041829267033],[10.750508165719339,12.476171442857833],[10.614246515364414,12.532465744698413],[10.601678064391194,12.485110626654148],[10.458871443162593,12.440685295689889],[10.393866037287864,12.465170574962087],[10.225000978812147,12.433852896094322],[10.254056937377811,12.391029850347365],[10.147536091017855,12.238220385662316],[10.174489592021132,12.039453532854282],[9.888763882147487,11.93663069964714],[9.833508327847085,11.890391750878678],[9.707925729289002,11.84987178795268],[9.682552490005435,11.866753680637885],[9.669522971008348,11.784340499914208],[9.620054966863279,11.75368070030413],[9.70372517227895,11.720727179815526],[9.77956752122418,11.736505050367839],[9.827777643623392,11.692276464986946],[9.830783568207153,11.540342700755104],[9.784703517953062,11.468231546348818],[9.801438171834207,11.443355710397782],[9.874845178262433,11.452697158247304],[9.912999998850921,11.316399999060764],[10.01185685960644,11.261368384043749],[10.365509986896427,11.205920219242785],[10.334010002859372,11.118081768558795],[10.168825681560008,11.058146053297776],[10.155629407571155,11.005614535582424],[10.220297377022405,10.946765754436058],[10.13403987873744,10.947500228952435],[10.111928562353341,10.992182408991027],[10.006312746036429,10.95566315842808],[9.868856429980326,10.999569892636487],[9.880956695694977,11.196144315208016],[9.824922361777624,11.279555851321504],[9.677649954581796,11.221295040633663],[9.595624084883639,11.247570586813197],[9.609396987980688,11.315467894927451],[9.525555200012548,11.316483240309367],[9.464064574920258,11.281500499448555],[9.287123236648085,11.349394847893961],[9.174776019997353,11.306259581814288],[9.084915245841955,11.314917490949483],[8.91989377737599,11.177489674409003],[8.893353945628121,11.117053995445588],[8.805270799308005,11.103674185115608],[8.788697242783599,10.94225025214746],[8.745073648430207,10.859451852221241],[8.85521888674225,10.707400322666786],[8.78190525422417,10.601013806242236],[8.749219530257164,10.44069800081212],[8.810306941612112,10.381231065261488],[8.94631004317398,10.327730180003869],[8.930326461696893,10.21504974385067],[8.978166579623974,10.180500031950942],[8.938685901133454,10.026567162944275],[8.977460860930023,9.987416266747346],[9.002775390671786,9.988791448866323],[9.003884225077002,10.03176947568079],[9.058896064901546,10.018059731071787],[9.124002523098,10.058030656989274],[9.254759193881739,10.03009989509411],[9.21428964605036,10.017503611902214],[9.232135603875065,9.861648915964736],[9.271268844581584,9.842160225913744],[9.21872033777339,9.77325565732275],[9.150382995878601,9.747989654998605],[9.216561886621832,9.683967479715477],[9.284633191968283,9.6980523927038],[9.28975510441461,9.614358402018695],[9.327155113217941,9.595750809252479],[9.30403186977503,9.571528104138736],[9.351026224780526,9.53226699782374],[9.397403716808128,9.531158446704978],[9.425445269783438,9.4768765029483],[9.569105228023886,9.472712446722085],[9.579220546091392,9.551672913374318],[9.651006958904077,9.521902661078968],[9.745687007449476,9.531488184032526],[9.831425263265317,9.598602098108415],[9.98064422605023,9.623262405235835],[9.972589634304256,9.699527657675333],[10.068202719579915,9.730941534324415],[10.152244380074137,9.67876298792163],[10.260596111221616,9.687117869594033],[10.48890018489567,9.552595139354253],[10.540963806034881,9.483537022315772]]]}},{"type":"Feature","properties":{"state_code":"26","state_name":"NIGER"},"geometry":{"type":"Polygon","coordinates":[[[7.378645291946725,9.336468363724066],[7.232257439928958,9.317718875026117],[7.200896645763635,9.459821223670588],[7.251372950900986,9.521033495999063],[7.233942260427,9.564821187847599],[7.305647140703002,9.627715322803965],[7.204740046915674,9.758296013350389],[7.291253566898661,9.800258636327044],[7.277795315001811,10.01643276216231],[7.232373714175594,10.043349265955896],[6.952273368920885,10.047554969786063],[6.882088183722772,10.117111206916718],[6.915019035000512,10.188594817996488],[6.942327022674021,10.180562973702308],[7.008188725229559,10.242407800379738],[7.050757407628282,10.317104340193168],[7.020236492120489,10.354051589809046],[6.926263332287022,10.370115280196046],[6.953519821182852,10.48217868789618],[6.919034957597262,10.530752182267463],[6.869102477897059,10.5553569787416],[6.839519023783964,10.531555176130496],[6.80297422258235,10.6431989673585],[6.719780155130081,10.643503330314502],[6.725868225438319,10.589385032593214],[6.647069930832686,10.593429565322253],[6.549167156339252,10.545209884928283],[6.49454360780129,10.615692841951159],[6.397239953561041,10.572697538260854],[6.297077520011612,10.418143797098594],[6.254453987061879,10.427448306194435],[6.235651125399158,10.384797583142017],[6.169712083845639,10.358468160377356],[6.158331775790884,10.500831663150791],[6.092243006109868,10.521783838853139],[6.125739210795984,10.556733864176522],[6.141041018927922,10.673198987443357],[6.092813034194194,10.698951542779525],[6.101987019285559,10.774670867166833],[6.122599639761631,10.844865478159363],[6.266548480927725,10.966106377407414],[6.162639094918347,11.043017554416679],[6.046399999160656,11.054400001059264],[5.977745701103288,11.16697766538698],[5.800322574427298,11.0825317362507],[5.729028951424993,10.998357718034299],[5.556249047855317,10.9473666841252],[5.522374994810207,10.990498728833302],[5.447270014399692,10.983490145753649],[5.388993313590618,11.037473873420595],[5.41340085636449,11.12089657461729],[5.333141327110582,11.35642910032277],[5.249651102116729,11.309372012208655],[5.233390218284001,11.218191828290287],[5.071302413875344,11.237557411045714],[5.052829266157744,11.205430031171034],[5.058451653121324,11.270487784783484],[5.011866568787184,11.252014160425233],[4.966084956755424,11.362051009746324],[4.898118060000513,11.39063297972831],[4.878998152242957,11.35475551235703],[4.711885107112039,11.297079433668955],[4.703856605597935,11.267968897946332],[4.738990615124862,11.25110476237495],[4.70340633393522,11.228543282246733],[4.746122360358697,11.147592544860117],[5.04063987672896,11.051897049309446],[5.08221006434303,10.927081108406469],[5.025326252404682,10.8902740478091],[5.028672217848623,10.859322547697445],[5.108979224111977,10.79574584979116],[5.101048355697117,10.761334760290993],[5.026853812053844,10.75042085323986],[4.946934004400816,10.690052951682446],[4.80950164808263,10.697872162070666],[4.818703174911661,10.507143974015264],[4.853419303657972,10.46029758536531],[4.93203527780588,10.43952483969963],[4.946502400865143,10.285335767331844],[4.871501790375362,10.218330145120149],[4.793936082284404,10.260665922894077],[4.669383049188411,10.226069449845284],[4.624814229593085,10.102672476353746],[4.529982567041884,10.100580215304717],[4.568690777357517,10.246047973635143],[4.482961178415678,10.328677176010899],[4.479498863182016,10.42129230469618],[4.510058401873778,10.535167694333666],[4.600756675080561,10.570699512672434],[4.690782877727656,10.662859613180672],[4.722656257580297,10.866920114771517],[4.694990337933802,10.919294419302048],[4.614792611889584,10.888466287289361],[4.539826393273472,10.919966696705728],[4.381127597660566,10.87997159970962],[4.338548177356529,10.903487060879229],[4.329844857853971,10.951355314995851],[4.277214161104723,10.954357939067677],[4.267120184848693,11.025278875819538],[4.100380421319414,11.026324271148269],[3.99297318606375,11.016467241070359],[3.932783798133812,10.943011363683524],[3.802273546986669,10.946065857953045],[3.770033367845713,10.919743774555627],[3.748610974416977,10.803054808232844],[3.848790006753461,10.68279892832794],[3.854999542195173,10.584999083940602],[3.793611048611069,10.405553817254884],[3.683888435003325,10.4480552654382],[3.637221812736527,10.41166495967019],[3.581943987624982,10.27527618205022],[3.680555341555817,10.180831906967],[3.730682371594241,10.068286895224105],[3.743058919833345,10.084303854139591],[3.783828495888429,10.03115749242437],[3.784556388266765,10.062462805614018],[3.818045616012398,10.066830633826726],[3.903416395350405,10.019194601749518],[3.887048720622033,9.988095281871836],[3.949246166977048,9.99136924579409],[3.934515236788798,9.966817854660292],[3.970524071728562,9.948813437190438],[3.936151980429599,9.91607761289157],[4.002277849842926,9.906583784813847],[4.021918772633285,9.856825828449246],[4.083461759852355,9.851588247899372],[4.114887714396559,9.881705284171574],[4.118815898235141,9.85551643263733],[4.152861117446662,9.862063407200537],[4.350583553388333,9.588395119339339],[4.639310360284924,9.308178900935559],[4.737516879900113,9.268896102972803],[4.785332679259795,9.135293961047523],[5.016323089039361,9.20533180222094],[5.159452914920109,9.10697269373486],[5.208971977175054,9.035068512002283],[5.52541780508767,8.940100669610274],[5.642038344693901,8.835411073162561],[5.728248118655813,8.819958687043822],[5.795752048018642,8.74188137082865],[6.084474086709804,8.760587692068384],[6.149538039349068,8.72073555040538],[6.30264902063584,8.727760314986597],[6.39825057930085,8.62940025411848],[6.452945709377047,8.448308945701342],[6.608298302124979,8.314098357553235],[6.691258429832715,8.183006287310377],[6.719986915563766,8.274571418835933],[6.761353016428586,8.272732735127647],[6.751241206616442,8.304905891393844],[6.837650775762768,8.39683151256429],[6.827889919184486,8.457550048995586],[6.784563738725637,8.457550048995586],[6.788054466240681,9.270166397161574],[7.015266895151115,9.268970490395873],[7.2197580344058,9.113510132786473],[7.378645291946725,9.336468363724066]]]}},{"type":"Feature","properties":{"state_code":"18","state_name":"KADUNA"},"geometry":{"type":"Polygon","coordinates":[[[7.724080473734944,9.329254915981664],[7.792929648584447,9.275596618788995],[7.919086634240841,9.317365551179307],[8.060933895582878,9.265762078057492],[8.087242992769973,9.230739065555497],[8.0616469347583,9.052055201786175],[8.191895424734128,9.052430753276667],[8.258407754414407,9.182891938312366],[8.343294226347496,9.194487277865619],[8.446608542650154,9.11261749270318],[8.514039039669967,9.0006532667349],[8.5763475136269,9.034392360319202],[8.698085784731234,9.320570946292207],[8.695412636284175,9.37836742441715],[8.638225554965459,9.406716346782048],[8.553649902221252,9.568984031787693],[8.598860068837155,9.727923997694404],[8.64394792315818,9.775360122171946],[8.686072779335348,10.211230412153839],[8.799274878932579,10.302921225734053],[8.818318428852479,10.380446247596296],[8.749219530257164,10.44069800081212],[8.793080213780911,10.565462608412702],[8.779194469149502,10.598132018677745],[8.711128244972599,10.543358511785925],[8.643929963696905,10.63047962093782],[8.506330352363932,10.650457082628293],[8.481234260752558,10.715861896309491],[8.571637026627513,10.748272388160217],[8.568487802270283,10.90746791890939],[8.60731212765262,11.071241218307648],[8.51963207725862,11.1149074270362],[8.518701660253441,11.162322834731071],[8.4646532902172,11.169598067696711],[8.433814344756229,11.226583402302197],[8.297907885240761,11.234223938983632],[8.264405349327433,11.313230860116164],[8.206780772114996,11.318701683436018],[8.122913757264143,11.386672797111942],[8.150081420121467,11.519170437565663],[7.968423113435961,11.478677663843143],[7.855785315040293,11.378065418184576],[7.720486177595092,11.369706341174776],[7.715667914942344,11.317955384633365],[7.60750208175574,11.271802082799923],[7.520295247427782,11.361600846002318],[7.397914129233698,11.37804232269508],[7.35778190810862,11.264257115273722],[7.289577098404436,11.28432877735122],[7.194785908043286,11.257561206684386],[7.219711441429922,11.194185952419843],[7.152109716190523,11.128836295958365],[6.96773385972989,11.245169639767084],[7.008699893585288,11.293840408408187],[7.006193161085548,11.361789702732665],[6.889442272842643,11.383641353365817],[6.832882401201914,11.35196799172951],[6.835676843911244,11.310018462881828],[6.773998257813389,11.322402870296287],[6.764295775329799,11.267264479672065],[6.703353393144653,11.239022843729288],[6.68498395434608,11.151544340399028],[6.715999997901633,11.106221807090776],[6.676782100413675,11.057306189928795],[6.577289365911554,11.021567448379074],[6.510769296665785,11.043658428393826],[6.437006005822582,11.007609595206702],[6.328605429796824,11.027146694864143],[6.217795000738761,10.905103993354658],[6.164607024694476,10.893103743043355],[6.101987019285559,10.774670867166833],[6.092813034194194,10.698951542779525],[6.141041018927922,10.673198987443357],[6.125739210795984,10.556733864176522],[6.092243006109868,10.521783838853139],[6.158331775790884,10.500831663150791],[6.169712083845639,10.358468160377356],[6.235651125399158,10.384797583142017],[6.254453987061879,10.427448306194435],[6.297077520011612,10.418143797098594],[6.32708856668404,10.495207666400745],[6.435582469855149,10.590823655587258],[6.49454360780129,10.615692841951159],[6.549167156339252,10.545209884928283],[6.647069930832686,10.593429565322253],[6.725868225438319,10.589385032593214],[6.719780155130081,10.643503330314502],[6.81662845563875,10.638379097617303],[6.839519023783964,10.531555176130496],[6.869102477897059,10.5553569787416],[6.912609100129941,10.537981032698553],[6.953519821182852,10.48217868789618],[6.926263332287022,10.370115280196046],[7.020236492120489,10.354051589809046],[7.050757407628282,10.317104340193168],[7.008188725229559,10.242407800379738],[6.885301114255071,10.150844575416897],[6.901178837433463,10.076381683068291],[6.952273368920885,10.047554969786063],[7.232373714175594,10.043349265955896],[7.277795315001811,10.01643276216231],[7.291253566898661,9.800258636327044],[7.204740046915674,9.758296013350389],[7.305647140703002,9.627715322803965],[7.233942260427,9.564821187847599],[7.251372950900986,9.521033495999063],[7.200896645763635,9.459821223670588],[7.232257439928958,9.317718875026117],[7.509100988419902,9.355031274573719],[7.646955230199751,9.408684983425303],[7.724080473734944,9.329254915981664]]]}},{"type":"Feature","properties":{"state_code":"14","state_name":"ENUGU"},"geometry":{"type":"Polygon","coordinates":[[[6.860965587392002,6.753429071894175],[6.909815110678835,6.696418646203597],[6.990934848664381,6.713077545692215],[7.129078864597943,6.659475803265764],[7.055431365964807,6.545300007689264],[7.03224207271353,6.442438967684268],[7.143867590616878,6.388251376300047],[7.143441514314475,6.23555519471654],[7.199536799783516,6.234766961426203],[7.261300592148643,6.079419043354221],[7.309481081886474,6.078960749738883],[7.303809242102886,6.045017242052154],[7.415839671663548,6.006217957392892],[7.520060062122241,6.020018577595351],[7.573160648345265,5.969135760906681],[7.704847812576531,5.929175854382208],[7.663694217014552,6.047228742412585],[7.726202385431804,6.11489963540987],[7.708026408791795,6.29835319484414],[7.751392365365405,6.385539055183301],[7.688214926877436,6.629262079981061],[7.817716096420781,6.637506170573374],[7.903395652587335,6.781468390953535],[7.863614081624632,6.879937649303145],[7.674552917383267,6.855517387417535],[7.57135725043679,6.939806938839183],[7.502034664368296,7.068998814443773],[7.431851734669863,7.101550166207232],[7.24128818460207,6.971317291160119],[7.210115060961357,6.903500398624544],[7.081373691742556,6.800374508277002],[6.990782260692811,6.785407066283142],[6.97817802389676,6.850002767114063],[6.860965587392002,6.753429071894175]]]}},{"type":"Feature","properties":{"state_code":"34","state_name":"TARABA"},"geometry":{"type":"Polygon","coordinates":[[[9.59801375982721,6.499882084190858],[9.708845138592324,6.521250725140874],[9.795555114576928,6.801666259390402],[9.87472152687701,6.775833130194826],[10.16499900779803,7.021110534223851],[10.194999695179831,6.917777060562969],[10.237777710073317,6.878054619125407],[10.513332367294936,6.878054619125407],[10.559999466202441,7.021666526589001],[10.61499977132246,7.068610191307357],[10.76688676990858,6.955510769106752],[10.844618550405812,6.956870128553646],[10.882776261415358,6.827776908577505],[10.94333267256485,6.778055191294072],[11.019165039035386,6.778610228579225],[11.071109771598742,6.719165802160092],[11.06232129709025,6.596391431119685],[11.116943359048832,6.444166183122888],[11.340276717896245,6.440833092373339],[11.412776946898646,6.484443665442882],[11.437221527351653,6.590832709861729],[11.510555266912093,6.601666450446373],[11.55805397071424,6.658055305208222],[11.589166641927022,6.779999733301111],[11.55472183234673,6.821110725279823],[11.587499618112929,6.892221449560282],[11.864166260064906,7.084721566447172],[11.882499695404647,7.132222175912716],[11.794998169430016,7.250277519991585],[11.749721526727114,7.264999391308891],[11.852672103235022,7.391217192719296],[11.771935462951319,7.487935542990954],[11.758036511775629,7.724809170107164],[11.632977594740282,7.750405304561184],[11.650643614411308,7.857326742235387],[11.590420504602662,7.908017723639091],[11.541168212742889,7.892353534587983],[11.48981380506308,7.799793719604509],[11.341521262696176,8.018668174996321],[11.546277046348678,8.245888710395718],[11.629787914380813,8.386566553603586],[11.612894521165288,8.403721100948076],[11.785982132269623,8.522228241040523],[11.757611853704134,8.6172123458731],[11.788899319847758,8.64121437084657],[11.743142417588558,8.677604538118999],[11.82706959798361,8.73908943632847],[11.873633521270051,8.937624937640805],[11.831108167308116,9.008385974033501],[11.706756592242982,9.07449054660151],[11.647747040193792,9.305399895089124],[11.53069396355562,9.326079954826128],[11.525925635759506,9.407815932559288],[11.443759674169655,9.488472193237158],[11.429598808038634,9.549625397194347],[11.222452164136087,9.5692615508799],[11.11423819293833,9.525595789114448],[10.99238205039137,9.559283257116647],[10.969134278724027,9.615353467688408],[10.773542915872895,9.447321510579286],[10.540963806034881,9.483537022315772],[10.578940391785693,9.438833237863662],[10.559869765976941,9.351113318724742],[10.635760306892678,9.12668418902416],[10.596746444892574,8.976116180217616],[10.406956673311868,8.934706687963342],[9.869446753964553,8.431289672580363],[9.756654738925135,8.367341996236178],[9.620464026193929,8.383374038581053],[9.609673499832184,8.291272162880034],[9.363276482123979,8.34053707132881],[9.323423386280297,8.253451346902182],[9.411823272925744,8.176929473816188],[9.386946677946867,8.148825644587873],[9.415376663402355,8.061924934088495],[9.335517882844044,7.985507965120519],[9.179125786226109,7.90808343889961],[9.12033081061844,7.79328632420453],[9.386640548722369,7.844702721253611],[9.60153484305863,7.829541205562236],[9.884653090967447,7.507860184799711],[9.83455562614131,7.199362754887261],[9.645699501031174,6.894820213282287],[9.59801375982721,6.499882084190858]]]}},{"type":"Feature","properties":{"state_code":"11","state_name":"EBONYI"},"geometry":{"type":"Polygon","coordinates":[[[8.294514655926662,6.678709030097707],[8.229325293727356,6.800125599317028],[8.127608299283622,6.711577892006176],[7.984430910957826,6.720462039991219],[7.987066268993146,6.611223221174782],[7.944760342415918,6.540019822656745],[7.85583353039317,6.580799103296044],[7.831766604944903,6.638468741938937],[7.691221265149295,6.638367245352129],[7.749842978270863,6.436949316158064],[7.708026408791795,6.29835319484414],[7.726202385431804,6.11489963540987],[7.663694217014552,6.047228742412585],[7.714838027752819,5.945977210979549],[7.664433478622186,5.930084229004024],[7.520816639276518,6.000288162368861],[7.503497155369473,5.900165637134478],[7.534576807973338,5.834697727917842],[7.769443999940677,5.81372738411153],[7.803929806015788,5.744953156063332],[7.890100001713733,5.684799670868188],[7.921760082162109,5.759984016449266],[7.970076084443804,5.76832675907275],[7.932170746582756,5.829515097743638],[8.004966735626397,5.900077820135323],[7.98617696809265,5.981722832342882],[8.04101881806406,5.998460275021728],[8.050390608140106,5.950947864652278],[8.113847733086459,5.93814992917595],[8.214842795858374,6.012228012412891],[8.282233237973628,6.00473976063148],[8.302002906808752,6.108136176943049],[8.418000220733632,6.261117458004321],[8.403697014405736,6.366013049562639],[8.456825255681053,6.417779445664962],[8.408691405683896,6.47771978434065],[8.419136047390737,6.514501573089149],[8.324751854214753,6.589499474820968],[8.294514655926662,6.678709030097707]]]}}]}